event_id,event_date,group,event_type,event_name,source_url,verified_on,date_basis,notes,source_url_2,event_day,date,gfn_reviews_count,gfn_sentiment_score,gfn_avg_rating,gfn_negative_share,gfn_one_star_share,period,eligible,pre_sentiment,pre_rating,pre_negative_share,pre_one_star_share,abnormal_sentiment,abnormal_rating,abnormal_negative_share,abnormal_one_star_share
rtx30,2020-09-01,NVIDIA hardware,gpu_generation,RTX 30 series,https://nvidianews.nvidia.com/news/nvidia-delivers-greatest-ever-generational-leap-in-performance-with-geforce-rtx-30-series-gpus,2026-09-20,Official announcement publication date (day-level),"Hardware context, not an untreated control; includes a GeForce NOW promotional bundle.",,-28,2020-08-04,3,0.3086333333333333,4.333333333333333,0.0,0.0,earlier_pre,True,0.3678491803278689,3.8852459016393444,0.14754098360655737,0.14754098360655737,-0.05921584699453558,0.4480874316939887,-0.14754098360655737,-0.14754098360655737
rtx30,2020-09-01,NVIDIA hardware,gpu_generation,RTX 30 series,https://nvidianews.nvidia.com/news/nvidia-delivers-greatest-ever-generational-leap-in-performance-with-geforce-rtx-30-series-gpus,2026-09-20,Official announcement publication date (day-level),"Hardware context, not an untreated control; includes a GeForce NOW promotional bundle.",,-27,2020-08-05,7,0.2108571428571428,2.857142857142857,0.0,0.4285714285714285,earlier_pre,True,0.3678491803278689,3.8852459016393444,0.14754098360655737,0.14754098360655737,-0.1569920374707261,-1.0281030444964872,-0.14754098360655737,0.2810304449648711
rtx30,2020-09-01,NVIDIA hardware,gpu_generation,RTX 30 series,https://nvidianews.nvidia.com/news/nvidia-delivers-greatest-ever-generational-leap-in-performance-with-geforce-rtx-30-series-gpus,2026-09-20,Official announcement publication date (day-level),"Hardware context, not an untreated control; includes a GeForce NOW promotional bundle.",,-26,2020-08-06,8,0.19425,3.5,0.25,0.25,earlier_pre,True,0.3678491803278689,3.8852459016393444,0.14754098360655737,0.14754098360655737,-0.1735991803278689,-0.38524590163934436,0.10245901639344263,0.10245901639344263
rtx30,2020-09-01,NVIDIA hardware,gpu_generation,RTX 30 series,https://nvidianews.nvidia.com/news/nvidia-delivers-greatest-ever-generational-leap-in-performance-with-geforce-rtx-30-series-gpus,2026-09-20,Official announcement publication date (day-level),"Hardware context, not an untreated control; includes a GeForce NOW promotional bundle.",,-25,2020-08-07,5,0.34018,3.8,0.2,0.2,earlier_pre,True,0.3678491803278689,3.8852459016393444,0.14754098360655737,0.14754098360655737,-0.027669180327868914,-0.08524590163934453,0.05245901639344264,0.05245901639344264
rtx30,2020-09-01,NVIDIA hardware,gpu_generation,RTX 30 series,https://nvidianews.nvidia.com/news/nvidia-delivers-greatest-ever-generational-leap-in-performance-with-geforce-rtx-30-series-gpus,2026-09-20,Official announcement publication date (day-level),"Hardware context, not an untreated control; includes a GeForce NOW promotional bundle.",,-24,2020-08-08,4,-0.169725,2.5,0.5,0.5,earlier_pre,True,0.3678491803278689,3.8852459016393444,0.14754098360655737,0.14754098360655737,-0.5375741803278689,-1.3852459016393444,0.3524590163934426,0.3524590163934426
rtx30,2020-09-01,NVIDIA hardware,gpu_generation,RTX 30 series,https://nvidianews.nvidia.com/news/nvidia-delivers-greatest-ever-generational-leap-in-performance-with-geforce-rtx-30-series-gpus,2026-09-20,Official announcement publication date (day-level),"Hardware context, not an untreated control; includes a GeForce NOW promotional bundle.",,-23,2020-08-09,5,0.13562,3.0,0.4,0.2,earlier_pre,True,0.3678491803278689,3.8852459016393444,0.14754098360655737,0.14754098360655737,-0.2322291803278689,-0.8852459016393444,0.25245901639344265,0.05245901639344264
rtx30,2020-09-01,NVIDIA hardware,gpu_generation,RTX 30 series,https://nvidianews.nvidia.com/news/nvidia-delivers-greatest-ever-generational-leap-in-performance-with-geforce-rtx-30-series-gpus,2026-09-20,Official announcement publication date (day-level),"Hardware context, not an untreated control; includes a GeForce NOW promotional bundle.",,-22,2020-08-10,12,0.4624166666666666,3.5,0.0,0.1666666666666666,earlier_pre,True,0.3678491803278689,3.8852459016393444,0.14754098360655737,0.14754098360655737,0.09456748633879769,-0.38524590163934436,-0.14754098360655737,0.019125683060109228
rtx30,2020-09-01,NVIDIA hardware,gpu_generation,RTX 30 series,https://nvidianews.nvidia.com/news/nvidia-delivers-greatest-ever-generational-leap-in-performance-with-geforce-rtx-30-series-gpus,2026-09-20,Official announcement publication date (day-level),"Hardware context, not an untreated control; includes a GeForce NOW promotional bundle.",,-21,2020-08-11,3,0.2083,1.0,0.0,1.0,earlier_pre,True,0.3678491803278689,3.8852459016393444,0.14754098360655737,0.14754098360655737,-0.15954918032786888,-2.8852459016393444,-0.14754098360655737,0.8524590163934427
rtx30,2020-09-01,NVIDIA hardware,gpu_generation,RTX 30 series,https://nvidianews.nvidia.com/news/nvidia-delivers-greatest-ever-generational-leap-in-performance-with-geforce-rtx-30-series-gpus,2026-09-20,Official announcement publication date (day-level),"Hardware context, not an untreated control; includes a GeForce NOW promotional bundle.",,-20,2020-08-12,5,0.58186,4.0,0.0,0.0,earlier_pre,True,0.3678491803278689,3.8852459016393444,0.14754098360655737,0.14754098360655737,0.21401081967213115,0.11475409836065564,-0.14754098360655737,-0.14754098360655737
rtx30,2020-09-01,NVIDIA hardware,gpu_generation,RTX 30 series,https://nvidianews.nvidia.com/news/nvidia-delivers-greatest-ever-generational-leap-in-performance-with-geforce-rtx-30-series-gpus,2026-09-20,Official announcement publication date (day-level),"Hardware context, not an untreated control; includes a GeForce NOW promotional bundle.",,-19,2020-08-13,7,0.3518714285714285,3.4285714285714284,0.2857142857142857,0.1428571428571428,earlier_pre,True,0.3678491803278689,3.8852459016393444,0.14754098360655737,0.14754098360655737,-0.015977751756440395,-0.456674473067916,0.13817330210772832,-0.004683840749414581
rtx30,2020-09-01,NVIDIA hardware,gpu_generation,RTX 30 series,https://nvidianews.nvidia.com/news/nvidia-delivers-greatest-ever-generational-leap-in-performance-with-geforce-rtx-30-series-gpus,2026-09-20,Official announcement publication date (day-level),"Hardware context, not an untreated control; includes a GeForce NOW promotional bundle.",,-18,2020-08-14,7,0.3406428571428571,3.7142857142857135,0.1428571428571428,0.1428571428571428,earlier_pre,True,0.3678491803278689,3.8852459016393444,0.14754098360655737,0.14754098360655737,-0.027206323185011816,-0.17096018735363083,-0.004683840749414581,-0.004683840749414581
rtx30,2020-09-01,NVIDIA hardware,gpu_generation,RTX 30 series,https://nvidianews.nvidia.com/news/nvidia-delivers-greatest-ever-generational-leap-in-performance-with-geforce-rtx-30-series-gpus,2026-09-20,Official announcement publication date (day-level),"Hardware context, not an untreated control; includes a GeForce NOW promotional bundle.",,-17,2020-08-15,3,0.488,3.333333333333333,0.0,0.3333333333333333,earlier_pre,True,0.3678491803278689,3.8852459016393444,0.14754098360655737,0.14754098360655737,0.12015081967213109,-0.5519125683060113,-0.14754098360655737,0.18579234972677594
rtx30,2020-09-01,NVIDIA hardware,gpu_generation,RTX 30 series,https://nvidianews.nvidia.com/news/nvidia-delivers-greatest-ever-generational-leap-in-performance-with-geforce-rtx-30-series-gpus,2026-09-20,Official announcement publication date (day-level),"Hardware context, not an untreated control; includes a GeForce NOW promotional bundle.",,-16,2020-08-16,4,0.162175,4.5,0.25,0.0,earlier_pre,True,0.3678491803278689,3.8852459016393444,0.14754098360655737,0.14754098360655737,-0.20567418032786888,0.6147540983606556,0.10245901639344263,-0.14754098360655737
rtx30,2020-09-01,NVIDIA hardware,gpu_generation,RTX 30 series,https://nvidianews.nvidia.com/news/nvidia-delivers-greatest-ever-generational-leap-in-performance-with-geforce-rtx-30-series-gpus,2026-09-20,Official announcement publication date (day-level),"Hardware context, not an untreated control; includes a GeForce NOW promotional bundle.",,-15,2020-08-17,5,0.43536,3.6,0.2,0.2,earlier_pre,True,0.3678491803278689,3.8852459016393444,0.14754098360655737,0.14754098360655737,0.06751081967213113,-0.28524590163934427,0.05245901639344264,0.05245901639344264
rtx30,2020-09-01,NVIDIA hardware,gpu_generation,RTX 30 series,https://nvidianews.nvidia.com/news/nvidia-delivers-greatest-ever-generational-leap-in-performance-with-geforce-rtx-30-series-gpus,2026-09-20,Official announcement publication date (day-level),"Hardware context, not an untreated control; includes a GeForce NOW promotional bundle.",,-14,2020-08-18,6,0.5671,3.6666666666666665,0.1666666666666666,0.1666666666666666,pre,True,0.3678491803278689,3.8852459016393444,0.14754098360655737,0.14754098360655737,0.19925081967213115,-0.21857923497267784,0.019125683060109228,0.019125683060109228
rtx30,2020-09-01,NVIDIA hardware,gpu_generation,RTX 30 series,https://nvidianews.nvidia.com/news/nvidia-delivers-greatest-ever-generational-leap-in-performance-with-geforce-rtx-30-series-gpus,2026-09-20,Official announcement publication date (day-level),"Hardware context, not an untreated control; includes a GeForce NOW promotional bundle.",,-13,2020-08-19,7,0.1372714285714285,3.857142857142857,0.1428571428571428,0.2857142857142857,pre,True,0.3678491803278689,3.8852459016393444,0.14754098360655737,0.14754098360655737,-0.2305777517564404,-0.02810304449648715,-0.004683840749414581,0.13817330210772832
rtx30,2020-09-01,NVIDIA hardware,gpu_generation,RTX 30 series,https://nvidianews.nvidia.com/news/nvidia-delivers-greatest-ever-generational-leap-in-performance-with-geforce-rtx-30-series-gpus,2026-09-20,Official announcement publication date (day-level),"Hardware context, not an untreated control; includes a GeForce NOW promotional bundle.",,-12,2020-08-20,4,0.765225,4.75,0.0,0.0,pre,True,0.3678491803278689,3.8852459016393444,0.14754098360655737,0.14754098360655737,0.39737581967213115,0.8647540983606556,-0.14754098360655737,-0.14754098360655737
rtx30,2020-09-01,NVIDIA hardware,gpu_generation,RTX 30 series,https://nvidianews.nvidia.com/news/nvidia-delivers-greatest-ever-generational-leap-in-performance-with-geforce-rtx-30-series-gpus,2026-09-20,Official announcement publication date (day-level),"Hardware context, not an untreated control; includes a GeForce NOW promotional bundle.",,-11,2020-08-21,3,-0.0225,2.6666666666666665,0.3333333333333333,0.0,pre,True,0.3678491803278689,3.8852459016393444,0.14754098360655737,0.14754098360655737,-0.3903491803278689,-1.2185792349726778,0.18579234972677594,-0.14754098360655737
rtx30,2020-09-01,NVIDIA hardware,gpu_generation,RTX 30 series,https://nvidianews.nvidia.com/news/nvidia-delivers-greatest-ever-generational-leap-in-performance-with-geforce-rtx-30-series-gpus,2026-09-20,Official announcement publication date (day-level),"Hardware context, not an untreated control; includes a GeForce NOW promotional bundle.",,-10,2020-08-22,2,0.68575,4.5,0.0,0.0,pre,True,0.3678491803278689,3.8852459016393444,0.14754098360655737,0.14754098360655737,0.3179008196721311,0.6147540983606556,-0.14754098360655737,-0.14754098360655737
rtx30,2020-09-01,NVIDIA hardware,gpu_generation,RTX 30 series,https://nvidianews.nvidia.com/news/nvidia-delivers-greatest-ever-generational-leap-in-performance-with-geforce-rtx-30-series-gpus,2026-09-20,Official announcement publication date (day-level),"Hardware context, not an untreated control; includes a GeForce NOW promotional bundle.",,-9,2020-08-23,9,0.5164333333333333,4.777777777777778,0.0,0.0,pre,True,0.3678491803278689,3.8852459016393444,0.14754098360655737,0.14754098360655737,0.1485841530054644,0.8925318761384333,-0.14754098360655737,-0.14754098360655737
rtx30,2020-09-01,NVIDIA hardware,gpu_generation,RTX 30 series,https://nvidianews.nvidia.com/news/nvidia-delivers-greatest-ever-generational-leap-in-performance-with-geforce-rtx-30-series-gpus,2026-09-20,Official announcement publication date (day-level),"Hardware context, not an untreated control; includes a GeForce NOW promotional bundle.",,-8,2020-08-24,3,0.4780666666666666,3.6666666666666665,0.0,0.3333333333333333,pre,True,0.3678491803278689,3.8852459016393444,0.14754098360655737,0.14754098360655737,0.11021748633879769,-0.21857923497267784,-0.14754098360655737,0.18579234972677594
rtx30,2020-09-01,NVIDIA hardware,gpu_generation,RTX 30 series,https://nvidianews.nvidia.com/news/nvidia-delivers-greatest-ever-generational-leap-in-performance-with-geforce-rtx-30-series-gpus,2026-09-20,Official announcement publication date (day-level),"Hardware context, not an untreated control; includes a GeForce NOW promotional bundle.",,-7,2020-08-25,4,0.3657249999999999,4.0,0.25,0.0,pre,True,0.3678491803278689,3.8852459016393444,0.14754098360655737,0.14754098360655737,-0.0021241803278689853,0.11475409836065564,0.10245901639344263,-0.14754098360655737
rtx30,2020-09-01,NVIDIA hardware,gpu_generation,RTX 30 series,https://nvidianews.nvidia.com/news/nvidia-delivers-greatest-ever-generational-leap-in-performance-with-geforce-rtx-30-series-gpus,2026-09-20,Official announcement publication date (day-level),"Hardware context, not an untreated control; includes a GeForce NOW promotional bundle.",,-6,2020-08-26,5,0.4130399999999999,3.8,0.2,0.0,pre,True,0.3678491803278689,3.8852459016393444,0.14754098360655737,0.14754098360655737,0.04519081967213101,-0.08524590163934453,0.05245901639344264,-0.14754098360655737
rtx30,2020-09-01,NVIDIA hardware,gpu_generation,RTX 30 series,https://nvidianews.nvidia.com/news/nvidia-delivers-greatest-ever-generational-leap-in-performance-with-geforce-rtx-30-series-gpus,2026-09-20,Official announcement publication date (day-level),"Hardware context, not an untreated control; includes a GeForce NOW promotional bundle.",,-5,2020-08-27,4,0.30935,3.75,0.25,0.25,pre,True,0.3678491803278689,3.8852459016393444,0.14754098360655737,0.14754098360655737,-0.05849918032786888,-0.13524590163934436,0.10245901639344263,0.10245901639344263
rtx30,2020-09-01,NVIDIA hardware,gpu_generation,RTX 30 series,https://nvidianews.nvidia.com/news/nvidia-delivers-greatest-ever-generational-leap-in-performance-with-geforce-rtx-30-series-gpus,2026-09-20,Official announcement publication date (day-level),"Hardware context, not an untreated control; includes a GeForce NOW promotional bundle.",,-4,2020-08-28,6,0.08145,3.0,0.3333333333333333,0.5,pre,True,0.3678491803278689,3.8852459016393444,0.14754098360655737,0.14754098360655737,-0.28639918032786893,-0.8852459016393444,0.18579234972677594,0.3524590163934426
rtx30,2020-09-01,NVIDIA hardware,gpu_generation,RTX 30 series,https://nvidianews.nvidia.com/news/nvidia-delivers-greatest-ever-generational-leap-in-performance-with-geforce-rtx-30-series-gpus,2026-09-20,Official announcement publication date (day-level),"Hardware context, not an untreated control; includes a GeForce NOW promotional bundle.",,-3,2020-08-29,3,0.0847333333333333,3.0,0.3333333333333333,0.3333333333333333,pre,True,0.3678491803278689,3.8852459016393444,0.14754098360655737,0.14754098360655737,-0.2831158469945356,-0.8852459016393444,0.18579234972677594,0.18579234972677594
rtx30,2020-09-01,NVIDIA hardware,gpu_generation,RTX 30 series,https://nvidianews.nvidia.com/news/nvidia-delivers-greatest-ever-generational-leap-in-performance-with-geforce-rtx-30-series-gpus,2026-09-20,Official announcement publication date (day-level),"Hardware context, not an untreated control; includes a GeForce NOW promotional bundle.",,-2,2020-08-30,2,0.31925,4.0,0.0,0.0,pre,True,0.3678491803278689,3.8852459016393444,0.14754098360655737,0.14754098360655737,-0.04859918032786892,0.11475409836065564,-0.14754098360655737,-0.14754098360655737
rtx30,2020-09-01,NVIDIA hardware,gpu_generation,RTX 30 series,https://nvidianews.nvidia.com/news/nvidia-delivers-greatest-ever-generational-leap-in-performance-with-geforce-rtx-30-series-gpus,2026-09-20,Official announcement publication date (day-level),"Hardware context, not an untreated control; includes a GeForce NOW promotional bundle.",,-1,2020-08-31,3,0.4938,4.333333333333333,0.0,0.0,pre,True,0.3678491803278689,3.8852459016393444,0.14754098360655737,0.14754098360655737,0.12595081967213112,0.4480874316939887,-0.14754098360655737,-0.14754098360655737
rtx30,2020-09-01,NVIDIA hardware,gpu_generation,RTX 30 series,https://nvidianews.nvidia.com/news/nvidia-delivers-greatest-ever-generational-leap-in-performance-with-geforce-rtx-30-series-gpus,2026-09-20,Official announcement publication date (day-level),"Hardware context, not an untreated control; includes a GeForce NOW promotional bundle.",,0,2020-09-01,6,0.3857833333333333,4.5,0.0,0.0,announcement_day,True,0.3678491803278689,3.8852459016393444,0.14754098360655737,0.14754098360655737,0.017934153005464415,0.6147540983606556,-0.14754098360655737,-0.14754098360655737
rtx30,2020-09-01,NVIDIA hardware,gpu_generation,RTX 30 series,https://nvidianews.nvidia.com/news/nvidia-delivers-greatest-ever-generational-leap-in-performance-with-geforce-rtx-30-series-gpus,2026-09-20,Official announcement publication date (day-level),"Hardware context, not an untreated control; includes a GeForce NOW promotional bundle.",,1,2020-09-02,3,0.6553,3.0,0.0,0.3333333333333333,post,True,0.3678491803278689,3.8852459016393444,0.14754098360655737,0.14754098360655737,0.2874508196721311,-0.8852459016393444,-0.14754098360655737,0.18579234972677594
rtx30,2020-09-01,NVIDIA hardware,gpu_generation,RTX 30 series,https://nvidianews.nvidia.com/news/nvidia-delivers-greatest-ever-generational-leap-in-performance-with-geforce-rtx-30-series-gpus,2026-09-20,Official announcement publication date (day-level),"Hardware context, not an untreated control; includes a GeForce NOW promotional bundle.",,2,2020-09-03,6,0.4229166666666666,3.333333333333333,0.1666666666666666,0.3333333333333333,post,True,0.3678491803278689,3.8852459016393444,0.14754098360655737,0.14754098360655737,0.05506748633879771,-0.5519125683060113,0.019125683060109228,0.18579234972677594
rtx30,2020-09-01,NVIDIA hardware,gpu_generation,RTX 30 series,https://nvidianews.nvidia.com/news/nvidia-delivers-greatest-ever-generational-leap-in-performance-with-geforce-rtx-30-series-gpus,2026-09-20,Official announcement publication date (day-level),"Hardware context, not an untreated control; includes a GeForce NOW promotional bundle.",,3,2020-09-04,3,0.2626333333333333,3.333333333333333,0.3333333333333333,0.3333333333333333,post,True,0.3678491803278689,3.8852459016393444,0.14754098360655737,0.14754098360655737,-0.10521584699453562,-0.5519125683060113,0.18579234972677594,0.18579234972677594
rtx30,2020-09-01,NVIDIA hardware,gpu_generation,RTX 30 series,https://nvidianews.nvidia.com/news/nvidia-delivers-greatest-ever-generational-leap-in-performance-with-geforce-rtx-30-series-gpus,2026-09-20,Official announcement publication date (day-level),"Hardware context, not an untreated control; includes a GeForce NOW promotional bundle.",,4,2020-09-05,1,0.0,4.0,0.0,0.0,post,True,0.3678491803278689,3.8852459016393444,0.14754098360655737,0.14754098360655737,-0.3678491803278689,0.11475409836065564,-0.14754098360655737,-0.14754098360655737
rtx30,2020-09-01,NVIDIA hardware,gpu_generation,RTX 30 series,https://nvidianews.nvidia.com/news/nvidia-delivers-greatest-ever-generational-leap-in-performance-with-geforce-rtx-30-series-gpus,2026-09-20,Official announcement publication date (day-level),"Hardware context, not an untreated control; includes a GeForce NOW promotional bundle.",,5,2020-09-06,9,0.2570777777777778,2.888888888888889,0.2222222222222222,0.4444444444444444,post,True,0.3678491803278689,3.8852459016393444,0.14754098360655737,0.14754098360655737,-0.1107714025500911,-0.9963570127504555,0.07468123861566484,0.29690346083788705
rtx30,2020-09-01,NVIDIA hardware,gpu_generation,RTX 30 series,https://nvidianews.nvidia.com/news/nvidia-delivers-greatest-ever-generational-leap-in-performance-with-geforce-rtx-30-series-gpus,2026-09-20,Official announcement publication date (day-level),"Hardware context, not an untreated control; includes a GeForce NOW promotional bundle.",,6,2020-09-07,3,-0.3671999999999999,2.0,0.6666666666666666,0.6666666666666666,post,True,0.3678491803278689,3.8852459016393444,0.14754098360655737,0.14754098360655737,-0.7350491803278688,-1.8852459016393444,0.5191256830601092,0.5191256830601092
rtx30,2020-09-01,NVIDIA hardware,gpu_generation,RTX 30 series,https://nvidianews.nvidia.com/news/nvidia-delivers-greatest-ever-generational-leap-in-performance-with-geforce-rtx-30-series-gpus,2026-09-20,Official announcement publication date (day-level),"Hardware context, not an untreated control; includes a GeForce NOW promotional bundle.",,7,2020-09-08,3,0.3143666666666667,3.6666666666666665,0.0,0.3333333333333333,post,True,0.3678491803278689,3.8852459016393444,0.14754098360655737,0.14754098360655737,-0.05348251366120221,-0.21857923497267784,-0.14754098360655737,0.18579234972677594
rtx30,2020-09-01,NVIDIA hardware,gpu_generation,RTX 30 series,https://nvidianews.nvidia.com/news/nvidia-delivers-greatest-ever-generational-leap-in-performance-with-geforce-rtx-30-series-gpus,2026-09-20,Official announcement publication date (day-level),"Hardware context, not an untreated control; includes a GeForce NOW promotional bundle.",,8,2020-09-09,5,0.6656599999999999,4.6,0.0,0.0,post,True,0.3678491803278689,3.8852459016393444,0.14754098360655737,0.14754098360655737,0.297810819672131,0.7147540983606553,-0.14754098360655737,-0.14754098360655737
rtx30,2020-09-01,NVIDIA hardware,gpu_generation,RTX 30 series,https://nvidianews.nvidia.com/news/nvidia-delivers-greatest-ever-generational-leap-in-performance-with-geforce-rtx-30-series-gpus,2026-09-20,Official announcement publication date (day-level),"Hardware context, not an untreated control; includes a GeForce NOW promotional bundle.",,9,2020-09-10,8,0.3365625,3.75,0.0,0.0,post,True,0.3678491803278689,3.8852459016393444,0.14754098360655737,0.14754098360655737,-0.03128668032786891,-0.13524590163934436,-0.14754098360655737,-0.14754098360655737
rtx30,2020-09-01,NVIDIA hardware,gpu_generation,RTX 30 series,https://nvidianews.nvidia.com/news/nvidia-delivers-greatest-ever-generational-leap-in-performance-with-geforce-rtx-30-series-gpus,2026-09-20,Official announcement publication date (day-level),"Hardware context, not an untreated control; includes a GeForce NOW promotional bundle.",,10,2020-09-11,6,0.3148833333333333,4.666666666666667,0.0,0.0,post,True,0.3678491803278689,3.8852459016393444,0.14754098360655737,0.14754098360655737,-0.052965846994535604,0.7814207650273226,-0.14754098360655737,-0.14754098360655737
rtx30,2020-09-01,NVIDIA hardware,gpu_generation,RTX 30 series,https://nvidianews.nvidia.com/news/nvidia-delivers-greatest-ever-generational-leap-in-performance-with-geforce-rtx-30-series-gpus,2026-09-20,Official announcement publication date (day-level),"Hardware context, not an untreated control; includes a GeForce NOW promotional bundle.",,11,2020-09-12,10,0.33415,3.0,0.2,0.4,post,True,0.3678491803278689,3.8852459016393444,0.14754098360655737,0.14754098360655737,-0.033699180327868894,-0.8852459016393444,0.05245901639344264,0.25245901639344265
rtx30,2020-09-01,NVIDIA hardware,gpu_generation,RTX 30 series,https://nvidianews.nvidia.com/news/nvidia-delivers-greatest-ever-generational-leap-in-performance-with-geforce-rtx-30-series-gpus,2026-09-20,Official announcement publication date (day-level),"Hardware context, not an untreated control; includes a GeForce NOW promotional bundle.",,12,2020-09-13,5,-0.15846,2.4,0.6,0.4,post,True,0.3678491803278689,3.8852459016393444,0.14754098360655737,0.14754098360655737,-0.5263091803278689,-1.4852459016393444,0.4524590163934426,0.25245901639344265
rtx30,2020-09-01,NVIDIA hardware,gpu_generation,RTX 30 series,https://nvidianews.nvidia.com/news/nvidia-delivers-greatest-ever-generational-leap-in-performance-with-geforce-rtx-30-series-gpus,2026-09-20,Official announcement publication date (day-level),"Hardware context, not an untreated control; includes a GeForce NOW promotional bundle.",,13,2020-09-14,2,0.83385,5.0,0.0,0.0,post,True,0.3678491803278689,3.8852459016393444,0.14754098360655737,0.14754098360655737,0.4660008196721311,1.1147540983606556,-0.14754098360655737,-0.14754098360655737
rtx30,2020-09-01,NVIDIA hardware,gpu_generation,RTX 30 series,https://nvidianews.nvidia.com/news/nvidia-delivers-greatest-ever-generational-leap-in-performance-with-geforce-rtx-30-series-gpus,2026-09-20,Official announcement publication date (day-level),"Hardware context, not an untreated control; includes a GeForce NOW promotional bundle.",,14,2020-09-15,9,0.3199666666666667,4.333333333333333,0.2222222222222222,0.1111111111111111,post,True,0.3678491803278689,3.8852459016393444,0.14754098360655737,0.14754098360655737,-0.04788251366120222,0.4480874316939887,0.07468123861566484,-0.03642987249544627
priority,2021-03-18,GFN,membership,Priority membership,https://blogs.nvidia.com/blog/geforce-now-priority/,2026-09-20,Official announcement publication date (day-level),New membership pricing plus Founders-for-Life and streaming-client updates.,,-28,2021-02-18,8,0.3074875,2.5,0.0,0.375,earlier_pre,True,0.24755625,3.5625,0.125,0.2708333333333333,0.05993125000000002,-1.0625,-0.125,0.10416666666666669
priority,2021-03-18,GFN,membership,Priority membership,https://blogs.nvidia.com/blog/geforce-now-priority/,2026-09-20,Official announcement publication date (day-level),New membership pricing plus Founders-for-Life and streaming-client updates.,,-27,2021-02-19,4,-7.500000000000562e-05,2.0,0.25,0.75,earlier_pre,True,0.24755625,3.5625,0.125,0.2708333333333333,-0.24763125000000002,-1.5625,0.125,0.4791666666666667
priority,2021-03-18,GFN,membership,Priority membership,https://blogs.nvidia.com/blog/geforce-now-priority/,2026-09-20,Official announcement publication date (day-level),New membership pricing plus Founders-for-Life and streaming-client updates.,,-26,2021-02-20,1,0.0,5.0,0.0,0.0,earlier_pre,True,0.24755625,3.5625,0.125,0.2708333333333333,-0.24755625,1.4375,-0.125,-0.2708333333333333
priority,2021-03-18,GFN,membership,Priority membership,https://blogs.nvidia.com/blog/geforce-now-priority/,2026-09-20,Official announcement publication date (day-level),New membership pricing plus Founders-for-Life and streaming-client updates.,,-25,2021-02-21,9,0.3330666666666666,3.111111111111111,0.2222222222222222,0.3333333333333333,earlier_pre,True,0.24755625,3.5625,0.125,0.2708333333333333,0.08551041666666662,-0.45138888888888884,0.09722222222222221,0.0625
priority,2021-03-18,GFN,membership,Priority membership,https://blogs.nvidia.com/blog/geforce-now-priority/,2026-09-20,Official announcement publication date (day-level),New membership pricing plus Founders-for-Life and streaming-client updates.,,-24,2021-02-22,4,-0.14965,2.25,0.5,0.25,earlier_pre,True,0.24755625,3.5625,0.125,0.2708333333333333,-0.39720625,-1.3125,0.375,-0.020833333333333315
priority,2021-03-18,GFN,membership,Priority membership,https://blogs.nvidia.com/blog/geforce-now-priority/,2026-09-20,Official announcement publication date (day-level),New membership pricing plus Founders-for-Life and streaming-client updates.,,-23,2021-02-23,6,0.3769166666666666,3.0,0.1666666666666666,0.5,earlier_pre,True,0.24755625,3.5625,0.125,0.2708333333333333,0.12936041666666662,-0.5625,0.0416666666666666,0.22916666666666669
priority,2021-03-18,GFN,membership,Priority membership,https://blogs.nvidia.com/blog/geforce-now-priority/,2026-09-20,Official announcement publication date (day-level),New membership pricing plus Founders-for-Life and streaming-client updates.,,-22,2021-02-24,6,0.3960833333333333,3.6666666666666665,0.0,0.0,earlier_pre,True,0.24755625,3.5625,0.125,0.2708333333333333,0.14852708333333328,0.10416666666666652,-0.125,-0.2708333333333333
priority,2021-03-18,GFN,membership,Priority membership,https://blogs.nvidia.com/blog/geforce-now-priority/,2026-09-20,Official announcement publication date (day-level),New membership pricing plus Founders-for-Life and streaming-client updates.,,-21,2021-02-25,5,0.22698,3.4,0.2,0.4,earlier_pre,True,0.24755625,3.5625,0.125,0.2708333333333333,-0.020576250000000018,-0.1625000000000001,0.07500000000000001,0.1291666666666667
priority,2021-03-18,GFN,membership,Priority membership,https://blogs.nvidia.com/blog/geforce-now-priority/,2026-09-20,Official announcement publication date (day-level),New membership pricing plus Founders-for-Life and streaming-client updates.,,-20,2021-02-26,1,-0.959,1.0,1.0,1.0,earlier_pre,True,0.24755625,3.5625,0.125,0.2708333333333333,-1.20655625,-2.5625,0.875,0.7291666666666667
priority,2021-03-18,GFN,membership,Priority membership,https://blogs.nvidia.com/blog/geforce-now-priority/,2026-09-20,Official announcement publication date (day-level),New membership pricing plus Founders-for-Life and streaming-client updates.,,-19,2021-02-27,4,0.3021749999999999,4.0,0.25,0.25,earlier_pre,True,0.24755625,3.5625,0.125,0.2708333333333333,0.05461874999999991,0.4375,0.125,-0.020833333333333315
priority,2021-03-18,GFN,membership,Priority membership,https://blogs.nvidia.com/blog/geforce-now-priority/,2026-09-20,Official announcement publication date (day-level),New membership pricing plus Founders-for-Life and streaming-client updates.,,-18,2021-02-28,7,-0.0762571428571428,1.7142857142857142,0.4285714285714285,0.7142857142857143,earlier_pre,True,0.24755625,3.5625,0.125,0.2708333333333333,-0.32381339285714283,-1.8482142857142858,0.3035714285714285,0.443452380952381
priority,2021-03-18,GFN,membership,Priority membership,https://blogs.nvidia.com/blog/geforce-now-priority/,2026-09-20,Official announcement publication date (day-level),New membership pricing plus Founders-for-Life and streaming-client updates.,,-17,2021-03-01,6,0.3539166666666666,3.8333333333333335,0.1666666666666666,0.1666666666666666,earlier_pre,True,0.24755625,3.5625,0.125,0.2708333333333333,0.1063604166666666,0.2708333333333335,0.0416666666666666,-0.10416666666666671
priority,2021-03-18,GFN,membership,Priority membership,https://blogs.nvidia.com/blog/geforce-now-priority/,2026-09-20,Official announcement publication date (day-level),New membership pricing plus Founders-for-Life and streaming-client updates.,,-16,2021-03-02,5,-0.12182,2.8,0.6,0.4,earlier_pre,True,0.24755625,3.5625,0.125,0.2708333333333333,-0.36937625,-0.7625000000000002,0.475,0.1291666666666667
priority,2021-03-18,GFN,membership,Priority membership,https://blogs.nvidia.com/blog/geforce-now-priority/,2026-09-20,Official announcement publication date (day-level),New membership pricing plus Founders-for-Life and streaming-client updates.,,-15,2021-03-03,3,0.0884666666666667,1.3333333333333333,0.3333333333333333,0.6666666666666666,earlier_pre,True,0.24755625,3.5625,0.125,0.2708333333333333,-0.1590895833333333,-2.229166666666667,0.20833333333333331,0.3958333333333333
priority,2021-03-18,GFN,membership,Priority membership,https://blogs.nvidia.com/blog/geforce-now-priority/,2026-09-20,Official announcement publication date (day-level),New membership pricing plus Founders-for-Life and streaming-client updates.,,-14,2021-03-04,4,0.3939,4.5,0.0,0.0,pre,True,0.24755625,3.5625,0.125,0.2708333333333333,0.14634374999999997,0.9375,-0.125,-0.2708333333333333
priority,2021-03-18,GFN,membership,Priority membership,https://blogs.nvidia.com/blog/geforce-now-priority/,2026-09-20,Official announcement publication date (day-level),New membership pricing plus Founders-for-Life and streaming-client updates.,,-13,2021-03-05,2,0.76555,3.0,0.0,0.5,pre,True,0.24755625,3.5625,0.125,0.2708333333333333,0.5179937499999999,-0.5625,-0.125,0.22916666666666669
priority,2021-03-18,GFN,membership,Priority membership,https://blogs.nvidia.com/blog/geforce-now-priority/,2026-09-20,Official announcement publication date (day-level),New membership pricing plus Founders-for-Life and streaming-client updates.,,-12,2021-03-06,1,0.0,1.0,0.0,1.0,pre,True,0.24755625,3.5625,0.125,0.2708333333333333,-0.24755625,-2.5625,-0.125,0.7291666666666667
priority,2021-03-18,GFN,membership,Priority membership,https://blogs.nvidia.com/blog/geforce-now-priority/,2026-09-20,Official announcement publication date (day-level),New membership pricing plus Founders-for-Life and streaming-client updates.,,-11,2021-03-07,2,-0.25115,4.0,0.5,0.0,pre,True,0.24755625,3.5625,0.125,0.2708333333333333,-0.49870625,0.4375,0.375,-0.2708333333333333
priority,2021-03-18,GFN,membership,Priority membership,https://blogs.nvidia.com/blog/geforce-now-priority/,2026-09-20,Official announcement publication date (day-level),New membership pricing plus Founders-for-Life and streaming-client updates.,,-10,2021-03-08,2,0.76195,3.0,0.0,0.5,pre,True,0.24755625,3.5625,0.125,0.2708333333333333,0.51439375,-0.5625,-0.125,0.22916666666666669
priority,2021-03-18,GFN,membership,Priority membership,https://blogs.nvidia.com/blog/geforce-now-priority/,2026-09-20,Official announcement publication date (day-level),New membership pricing plus Founders-for-Life and streaming-client updates.,,-9,2021-03-09,4,-0.1108499999999999,3.0,0.5,0.5,pre,True,0.24755625,3.5625,0.125,0.2708333333333333,-0.3584062499999999,-0.5625,0.375,0.22916666666666669
priority,2021-03-18,GFN,membership,Priority membership,https://blogs.nvidia.com/blog/geforce-now-priority/,2026-09-20,Official announcement publication date (day-level),New membership pricing plus Founders-for-Life and streaming-client updates.,,-8,2021-03-10,3,0.2508666666666667,3.333333333333333,0.0,0.3333333333333333,pre,True,0.24755625,3.5625,0.125,0.2708333333333333,0.0033104166666666768,-0.22916666666666696,-0.125,0.0625
priority,2021-03-18,GFN,membership,Priority membership,https://blogs.nvidia.com/blog/geforce-now-priority/,2026-09-20,Official announcement publication date (day-level),New membership pricing plus Founders-for-Life and streaming-client updates.,,-7,2021-03-11,3,0.5680333333333333,3.6666666666666665,0.0,0.3333333333333333,pre,True,0.24755625,3.5625,0.125,0.2708333333333333,0.32047708333333325,0.10416666666666652,-0.125,0.0625
priority,2021-03-18,GFN,membership,Priority membership,https://blogs.nvidia.com/blog/geforce-now-priority/,2026-09-20,Official announcement publication date (day-level),New membership pricing plus Founders-for-Life and streaming-client updates.,,-6,2021-03-12,4,0.291775,3.75,0.0,0.0,pre,True,0.24755625,3.5625,0.125,0.2708333333333333,0.04421875,0.1875,-0.125,-0.2708333333333333
priority,2021-03-18,GFN,membership,Priority membership,https://blogs.nvidia.com/blog/geforce-now-priority/,2026-09-20,Official announcement publication date (day-level),New membership pricing plus Founders-for-Life and streaming-client updates.,,-5,2021-03-13,5,0.16246,4.2,0.2,0.2,pre,True,0.24755625,3.5625,0.125,0.2708333333333333,-0.08509625000000001,0.6375000000000002,0.07500000000000001,-0.0708333333333333
priority,2021-03-18,GFN,membership,Priority membership,https://blogs.nvidia.com/blog/geforce-now-priority/,2026-09-20,Official announcement publication date (day-level),New membership pricing plus Founders-for-Life and streaming-client updates.,,-4,2021-03-14,2,-0.413,2.5,0.5,0.5,pre,True,0.24755625,3.5625,0.125,0.2708333333333333,-0.66055625,-1.0625,0.375,0.22916666666666669
priority,2021-03-18,GFN,membership,Priority membership,https://blogs.nvidia.com/blog/geforce-now-priority/,2026-09-20,Official announcement publication date (day-level),New membership pricing plus Founders-for-Life and streaming-client updates.,,-3,2021-03-15,4,0.170375,2.5,0.0,0.5,pre,True,0.24755625,3.5625,0.125,0.2708333333333333,-0.07718125,-1.0625,-0.125,0.22916666666666669
priority,2021-03-18,GFN,membership,Priority membership,https://blogs.nvidia.com/blog/geforce-now-priority/,2026-09-20,Official announcement publication date (day-level),New membership pricing plus Founders-for-Life and streaming-client updates.,,-2,2021-03-16,7,0.4141428571428571,4.428571428571429,0.0,0.1428571428571428,pre,True,0.24755625,3.5625,0.125,0.2708333333333333,0.16658660714285708,0.8660714285714288,-0.125,-0.12797619047619052
priority,2021-03-18,GFN,membership,Priority membership,https://blogs.nvidia.com/blog/geforce-now-priority/,2026-09-20,Official announcement publication date (day-level),New membership pricing plus Founders-for-Life and streaming-client updates.,,-1,2021-03-17,5,0.20144,3.4,0.2,0.2,pre,True,0.24755625,3.5625,0.125,0.2708333333333333,-0.04611625,-0.1625000000000001,0.07500000000000001,-0.0708333333333333
priority,2021-03-18,GFN,membership,Priority membership,https://blogs.nvidia.com/blog/geforce-now-priority/,2026-09-20,Official announcement publication date (day-level),New membership pricing plus Founders-for-Life and streaming-client updates.,,0,2021-03-18,5,0.47112,3.4,0.4,0.2,announcement_day,True,0.24755625,3.5625,0.125,0.2708333333333333,0.22356374999999998,-0.1625000000000001,0.275,-0.0708333333333333
priority,2021-03-18,GFN,membership,Priority membership,https://blogs.nvidia.com/blog/geforce-now-priority/,2026-09-20,Official announcement publication date (day-level),New membership pricing plus Founders-for-Life and streaming-client updates.,,1,2021-03-19,4,-0.1027999999999999,2.0,0.5,0.75,post,True,0.24755625,3.5625,0.125,0.2708333333333333,-0.3503562499999999,-1.5625,0.375,0.4791666666666667
priority,2021-03-18,GFN,membership,Priority membership,https://blogs.nvidia.com/blog/geforce-now-priority/,2026-09-20,Official announcement publication date (day-level),New membership pricing plus Founders-for-Life and streaming-client updates.,,2,2021-03-20,6,0.2702166666666667,1.6666666666666667,0.3333333333333333,0.8333333333333334,post,True,0.24755625,3.5625,0.125,0.2708333333333333,0.02266041666666671,-1.8958333333333333,0.20833333333333331,0.5625
priority,2021-03-18,GFN,membership,Priority membership,https://blogs.nvidia.com/blog/geforce-now-priority/,2026-09-20,Official announcement publication date (day-level),New membership pricing plus Founders-for-Life and streaming-client updates.,,3,2021-03-21,10,0.56612,4.4,0.0,0.1,post,True,0.24755625,3.5625,0.125,0.2708333333333333,0.3185637499999999,0.8375000000000004,-0.125,-0.1708333333333333
priority,2021-03-18,GFN,membership,Priority membership,https://blogs.nvidia.com/blog/geforce-now-priority/,2026-09-20,Official announcement publication date (day-level),New membership pricing plus Founders-for-Life and streaming-client updates.,,4,2021-03-22,3,0.1611666666666666,2.0,0.3333333333333333,0.6666666666666666,post,True,0.24755625,3.5625,0.125,0.2708333333333333,-0.08638958333333341,-1.5625,0.20833333333333331,0.3958333333333333
priority,2021-03-18,GFN,membership,Priority membership,https://blogs.nvidia.com/blog/geforce-now-priority/,2026-09-20,Official announcement publication date (day-level),New membership pricing plus Founders-for-Life and streaming-client updates.,,5,2021-03-23,2,0.63335,3.5,0.0,0.0,post,True,0.24755625,3.5625,0.125,0.2708333333333333,0.38579374999999994,-0.0625,-0.125,-0.2708333333333333
priority,2021-03-18,GFN,membership,Priority membership,https://blogs.nvidia.com/blog/geforce-now-priority/,2026-09-20,Official announcement publication date (day-level),New membership pricing plus Founders-for-Life and streaming-client updates.,,6,2021-03-24,8,0.029025,3.125,0.375,0.25,post,True,0.24755625,3.5625,0.125,0.2708333333333333,-0.21853125,-0.4375,0.25,-0.020833333333333315
priority,2021-03-18,GFN,membership,Priority membership,https://blogs.nvidia.com/blog/geforce-now-priority/,2026-09-20,Official announcement publication date (day-level),New membership pricing plus Founders-for-Life and streaming-client updates.,,7,2021-03-25,8,0.3560375,3.375,0.125,0.25,post,True,0.24755625,3.5625,0.125,0.2708333333333333,0.10848125,-0.1875,0.0,-0.020833333333333315
priority,2021-03-18,GFN,membership,Priority membership,https://blogs.nvidia.com/blog/geforce-now-priority/,2026-09-20,Official announcement publication date (day-level),New membership pricing plus Founders-for-Life and streaming-client updates.,,8,2021-03-26,5,-0.22122,3.0,0.6,0.4,post,True,0.24755625,3.5625,0.125,0.2708333333333333,-0.46877625,-0.5625,0.475,0.1291666666666667
priority,2021-03-18,GFN,membership,Priority membership,https://blogs.nvidia.com/blog/geforce-now-priority/,2026-09-20,Official announcement publication date (day-level),New membership pricing plus Founders-for-Life and streaming-client updates.,,9,2021-03-27,8,0.594325,3.625,0.0,0.125,post,True,0.24755625,3.5625,0.125,0.2708333333333333,0.34676874999999996,0.0625,-0.125,-0.14583333333333331
priority,2021-03-18,GFN,membership,Priority membership,https://blogs.nvidia.com/blog/geforce-now-priority/,2026-09-20,Official announcement publication date (day-level),New membership pricing plus Founders-for-Life and streaming-client updates.,,10,2021-03-28,4,0.22655,5.0,0.25,0.0,post,True,0.24755625,3.5625,0.125,0.2708333333333333,-0.021006250000000004,1.4375,0.125,-0.2708333333333333
priority,2021-03-18,GFN,membership,Priority membership,https://blogs.nvidia.com/blog/geforce-now-priority/,2026-09-20,Official announcement publication date (day-level),New membership pricing plus Founders-for-Life and streaming-client updates.,,11,2021-03-29,4,0.4608,2.75,0.0,0.25,post,True,0.24755625,3.5625,0.125,0.2708333333333333,0.21324374999999998,-0.8125,-0.125,-0.020833333333333315
priority,2021-03-18,GFN,membership,Priority membership,https://blogs.nvidia.com/blog/geforce-now-priority/,2026-09-20,Official announcement publication date (day-level),New membership pricing plus Founders-for-Life and streaming-client updates.,,12,2021-03-30,8,0.4253375,3.875,0.0,0.125,post,True,0.24755625,3.5625,0.125,0.2708333333333333,0.17778124999999997,0.3125,-0.125,-0.14583333333333331
priority,2021-03-18,GFN,membership,Priority membership,https://blogs.nvidia.com/blog/geforce-now-priority/,2026-09-20,Official announcement publication date (day-level),New membership pricing plus Founders-for-Life and streaming-client updates.,,13,2021-03-31,2,0.81335,5.0,0.0,0.0,post,True,0.24755625,3.5625,0.125,0.2708333333333333,0.56579375,1.4375,-0.125,-0.2708333333333333
priority,2021-03-18,GFN,membership,Priority membership,https://blogs.nvidia.com/blog/geforce-now-priority/,2026-09-20,Official announcement publication date (day-level),New membership pricing plus Founders-for-Life and streaming-client updates.,,14,2021-04-01,2,0.53445,3.0,0.0,0.5,post,True,0.24755625,3.5625,0.125,0.2708333333333333,0.28689374999999995,-0.5625,-0.125,0.22916666666666669
gfn3080,2021-10-21,GFN,cloud_gpu,RTX 3080 cloud tier,https://nvidianews.nvidia.com/news/nvidia-introduces-the-next-generation-in-cloud-gaming,2026-09-20,Official announcement publication date (day-level),Announcement/preorders; regional activation followed in November/December.,,-28,2021-09-23,3,0.2140666666666666,2.333333333333333,0.3333333333333333,0.6666666666666666,earlier_pre,True,0.192544,3.38,0.2,0.26,0.021522666666666607,-1.0466666666666669,0.1333333333333333,0.4066666666666666
gfn3080,2021-10-21,GFN,cloud_gpu,RTX 3080 cloud tier,https://nvidianews.nvidia.com/news/nvidia-introduces-the-next-generation-in-cloud-gaming,2026-09-20,Official announcement publication date (day-level),Announcement/preorders; regional activation followed in November/December.,,-27,2021-09-24,7,0.3680285714285714,2.4285714285714284,0.0,0.5714285714285714,earlier_pre,True,0.192544,3.38,0.2,0.26,0.17548457142857143,-0.9514285714285715,-0.2,0.3114285714285714
gfn3080,2021-10-21,GFN,cloud_gpu,RTX 3080 cloud tier,https://nvidianews.nvidia.com/news/nvidia-introduces-the-next-generation-in-cloud-gaming,2026-09-20,Official announcement publication date (day-level),Announcement/preorders; regional activation followed in November/December.,,-26,2021-09-25,4,0.3127,4.0,0.25,0.25,earlier_pre,True,0.192544,3.38,0.2,0.26,0.12015599999999999,0.6200000000000001,0.04999999999999999,-0.010000000000000009
gfn3080,2021-10-21,GFN,cloud_gpu,RTX 3080 cloud tier,https://nvidianews.nvidia.com/news/nvidia-introduces-the-next-generation-in-cloud-gaming,2026-09-20,Official announcement publication date (day-level),Announcement/preorders; regional activation followed in November/December.,,-25,2021-09-26,5,0.20738,2.6,0.0,0.6,earlier_pre,True,0.192544,3.38,0.2,0.26,0.014836000000000016,-0.7799999999999998,-0.2,0.33999999999999997
gfn3080,2021-10-21,GFN,cloud_gpu,RTX 3080 cloud tier,https://nvidianews.nvidia.com/news/nvidia-introduces-the-next-generation-in-cloud-gaming,2026-09-20,Official announcement publication date (day-level),Announcement/preorders; regional activation followed in November/December.,,-24,2021-09-27,2,0.8809,4.5,0.0,0.0,earlier_pre,True,0.192544,3.38,0.2,0.26,0.688356,1.12,-0.2,-0.26
gfn3080,2021-10-21,GFN,cloud_gpu,RTX 3080 cloud tier,https://nvidianews.nvidia.com/news/nvidia-introduces-the-next-generation-in-cloud-gaming,2026-09-20,Official announcement publication date (day-level),Announcement/preorders; regional activation followed in November/December.,,-23,2021-09-28,2,-0.03635,1.0,0.5,1.0,earlier_pre,True,0.192544,3.38,0.2,0.26,-0.228894,-2.38,0.3,0.74
gfn3080,2021-10-21,GFN,cloud_gpu,RTX 3080 cloud tier,https://nvidianews.nvidia.com/news/nvidia-introduces-the-next-generation-in-cloud-gaming,2026-09-20,Official announcement publication date (day-level),Announcement/preorders; regional activation followed in November/December.,,-22,2021-09-29,2,0.3404,3.0,0.0,0.5,earlier_pre,True,0.192544,3.38,0.2,0.26,0.147856,-0.3799999999999999,-0.2,0.24
gfn3080,2021-10-21,GFN,cloud_gpu,RTX 3080 cloud tier,https://nvidianews.nvidia.com/news/nvidia-introduces-the-next-generation-in-cloud-gaming,2026-09-20,Official announcement publication date (day-level),Announcement/preorders; regional activation followed in November/December.,,-21,2021-09-30,3,0.2635333333333333,2.333333333333333,0.0,0.6666666666666666,earlier_pre,True,0.192544,3.38,0.2,0.26,0.0709893333333333,-1.0466666666666669,-0.2,0.4066666666666666
gfn3080,2021-10-21,GFN,cloud_gpu,RTX 3080 cloud tier,https://nvidianews.nvidia.com/news/nvidia-introduces-the-next-generation-in-cloud-gaming,2026-09-20,Official announcement publication date (day-level),Announcement/preorders; regional activation followed in November/December.,,-20,2021-10-01,5,0.26846,4.2,0.2,0.2,earlier_pre,True,0.192544,3.38,0.2,0.26,0.07591599999999998,0.8200000000000003,0.0,-0.06
gfn3080,2021-10-21,GFN,cloud_gpu,RTX 3080 cloud tier,https://nvidianews.nvidia.com/news/nvidia-introduces-the-next-generation-in-cloud-gaming,2026-09-20,Official announcement publication date (day-level),Announcement/preorders; regional activation followed in November/December.,,-19,2021-10-02,6,0.2100666666666667,3.6666666666666665,0.1666666666666666,0.3333333333333333,earlier_pre,True,0.192544,3.38,0.2,0.26,0.017522666666666714,0.2866666666666666,-0.03333333333333341,0.0733333333333333
gfn3080,2021-10-21,GFN,cloud_gpu,RTX 3080 cloud tier,https://nvidianews.nvidia.com/news/nvidia-introduces-the-next-generation-in-cloud-gaming,2026-09-20,Official announcement publication date (day-level),Announcement/preorders; regional activation followed in November/December.,,-18,2021-10-03,3,0.2034333333333333,2.6666666666666665,0.3333333333333333,0.3333333333333333,earlier_pre,True,0.192544,3.38,0.2,0.26,0.010889333333333306,-0.7133333333333334,0.1333333333333333,0.0733333333333333
gfn3080,2021-10-21,GFN,cloud_gpu,RTX 3080 cloud tier,https://nvidianews.nvidia.com/news/nvidia-introduces-the-next-generation-in-cloud-gaming,2026-09-20,Official announcement publication date (day-level),Announcement/preorders; regional activation followed in November/December.,,-17,2021-10-04,4,0.5669500000000001,3.25,0.0,0.25,earlier_pre,True,0.192544,3.38,0.2,0.26,0.37440600000000007,-0.1299999999999999,-0.2,-0.010000000000000009
gfn3080,2021-10-21,GFN,cloud_gpu,RTX 3080 cloud tier,https://nvidianews.nvidia.com/news/nvidia-introduces-the-next-generation-in-cloud-gaming,2026-09-20,Official announcement publication date (day-level),Announcement/preorders; regional activation followed in November/December.,,-16,2021-10-05,6,0.4965,3.6666666666666665,0.0,0.1666666666666666,earlier_pre,True,0.192544,3.38,0.2,0.26,0.303956,0.2866666666666666,-0.2,-0.09333333333333341
gfn3080,2021-10-21,GFN,cloud_gpu,RTX 3080 cloud tier,https://nvidianews.nvidia.com/news/nvidia-introduces-the-next-generation-in-cloud-gaming,2026-09-20,Official announcement publication date (day-level),Announcement/preorders; regional activation followed in November/December.,,-15,2021-10-06,5,0.28036,3.2,0.0,0.4,earlier_pre,True,0.192544,3.38,0.2,0.26,0.087816,-0.17999999999999972,-0.2,0.14
gfn3080,2021-10-21,GFN,cloud_gpu,RTX 3080 cloud tier,https://nvidianews.nvidia.com/news/nvidia-introduces-the-next-generation-in-cloud-gaming,2026-09-20,Official announcement publication date (day-level),Announcement/preorders; regional activation followed in November/December.,,-14,2021-10-07,4,0.537925,3.25,0.0,0.25,pre,True,0.192544,3.38,0.2,0.26,0.345381,-0.1299999999999999,-0.2,-0.010000000000000009
gfn3080,2021-10-21,GFN,cloud_gpu,RTX 3080 cloud tier,https://nvidianews.nvidia.com/news/nvidia-introduces-the-next-generation-in-cloud-gaming,2026-09-20,Official announcement publication date (day-level),Announcement/preorders; regional activation followed in November/December.,,-13,2021-10-08,2,0.6113999999999999,5.0,0.0,0.0,pre,True,0.192544,3.38,0.2,0.26,0.41885599999999995,1.62,-0.2,-0.26
gfn3080,2021-10-21,GFN,cloud_gpu,RTX 3080 cloud tier,https://nvidianews.nvidia.com/news/nvidia-introduces-the-next-generation-in-cloud-gaming,2026-09-20,Official announcement publication date (day-level),Announcement/preorders; regional activation followed in November/December.,,-12,2021-10-09,6,0.0342666666666666,2.6666666666666665,0.1666666666666666,0.5,pre,True,0.192544,3.38,0.2,0.26,-0.15827733333333338,-0.7133333333333334,-0.03333333333333341,0.24
gfn3080,2021-10-21,GFN,cloud_gpu,RTX 3080 cloud tier,https://nvidianews.nvidia.com/news/nvidia-introduces-the-next-generation-in-cloud-gaming,2026-09-20,Official announcement publication date (day-level),Announcement/preorders; regional activation followed in November/December.,,-11,2021-10-10,5,-0.0282799999999999,4.2,0.2,0.2,pre,True,0.192544,3.38,0.2,0.26,-0.22082399999999988,0.8200000000000003,0.0,-0.06
gfn3080,2021-10-21,GFN,cloud_gpu,RTX 3080 cloud tier,https://nvidianews.nvidia.com/news/nvidia-introduces-the-next-generation-in-cloud-gaming,2026-09-20,Official announcement publication date (day-level),Announcement/preorders; regional activation followed in November/December.,,-10,2021-10-11,2,-0.1387,3.0,0.5,0.5,pre,True,0.192544,3.38,0.2,0.26,-0.331244,-0.3799999999999999,0.3,0.24
gfn3080,2021-10-21,GFN,cloud_gpu,RTX 3080 cloud tier,https://nvidianews.nvidia.com/news/nvidia-introduces-the-next-generation-in-cloud-gaming,2026-09-20,Official announcement publication date (day-level),Announcement/preorders; regional activation followed in November/December.,,-9,2021-10-12,3,0.1198333333333333,4.0,0.3333333333333333,0.0,pre,True,0.192544,3.38,0.2,0.26,-0.07271066666666669,0.6200000000000001,0.1333333333333333,-0.26
gfn3080,2021-10-21,GFN,cloud_gpu,RTX 3080 cloud tier,https://nvidianews.nvidia.com/news/nvidia-introduces-the-next-generation-in-cloud-gaming,2026-09-20,Official announcement publication date (day-level),Announcement/preorders; regional activation followed in November/December.,,-8,2021-10-13,3,0.1525333333333333,3.333333333333333,0.3333333333333333,0.3333333333333333,pre,True,0.192544,3.38,0.2,0.26,-0.040010666666666694,-0.046666666666666856,0.1333333333333333,0.0733333333333333
gfn3080,2021-10-21,GFN,cloud_gpu,RTX 3080 cloud tier,https://nvidianews.nvidia.com/news/nvidia-introduces-the-next-generation-in-cloud-gaming,2026-09-20,Official announcement publication date (day-level),Announcement/preorders; regional activation followed in November/December.,,-7,2021-10-14,4,0.086675,2.5,0.25,0.25,pre,True,0.192544,3.38,0.2,0.26,-0.10586899999999999,-0.8799999999999999,0.04999999999999999,-0.010000000000000009
gfn3080,2021-10-21,GFN,cloud_gpu,RTX 3080 cloud tier,https://nvidianews.nvidia.com/news/nvidia-introduces-the-next-generation-in-cloud-gaming,2026-09-20,Official announcement publication date (day-level),Announcement/preorders; regional activation followed in November/December.,,-6,2021-10-15,3,-0.0403333333333333,2.333333333333333,0.3333333333333333,0.6666666666666666,pre,True,0.192544,3.38,0.2,0.26,-0.2328773333333333,-1.0466666666666669,0.1333333333333333,0.4066666666666666
gfn3080,2021-10-21,GFN,cloud_gpu,RTX 3080 cloud tier,https://nvidianews.nvidia.com/news/nvidia-introduces-the-next-generation-in-cloud-gaming,2026-09-20,Official announcement publication date (day-level),Announcement/preorders; regional activation followed in November/December.,,-5,2021-10-16,0,,,,,pre,True,0.192544,3.38,0.2,0.26,,,,
gfn3080,2021-10-21,GFN,cloud_gpu,RTX 3080 cloud tier,https://nvidianews.nvidia.com/news/nvidia-introduces-the-next-generation-in-cloud-gaming,2026-09-20,Official announcement publication date (day-level),Announcement/preorders; regional activation followed in November/December.,,-4,2021-10-17,3,0.8286000000000001,4.666666666666667,0.0,0.0,pre,True,0.192544,3.38,0.2,0.26,0.6360560000000002,1.286666666666667,-0.2,-0.26
gfn3080,2021-10-21,GFN,cloud_gpu,RTX 3080 cloud tier,https://nvidianews.nvidia.com/news/nvidia-introduces-the-next-generation-in-cloud-gaming,2026-09-20,Official announcement publication date (day-level),Announcement/preorders; regional activation followed in November/December.,,-3,2021-10-18,5,0.10454,3.0,0.4,0.4,pre,True,0.192544,3.38,0.2,0.26,-0.088004,-0.3799999999999999,0.2,0.14
gfn3080,2021-10-21,GFN,cloud_gpu,RTX 3080 cloud tier,https://nvidianews.nvidia.com/news/nvidia-introduces-the-next-generation-in-cloud-gaming,2026-09-20,Official announcement publication date (day-level),Announcement/preorders; regional activation followed in November/December.,,-2,2021-10-19,3,0.1953,3.0,0.0,0.0,pre,True,0.192544,3.38,0.2,0.26,0.0027560000000000084,-0.3799999999999999,-0.2,-0.26
gfn3080,2021-10-21,GFN,cloud_gpu,RTX 3080 cloud tier,https://nvidianews.nvidia.com/news/nvidia-introduces-the-next-generation-in-cloud-gaming,2026-09-20,Official announcement publication date (day-level),Announcement/preorders; regional activation followed in November/December.,,-1,2021-10-20,7,0.2612428571428571,3.7142857142857135,0.1428571428571428,0.1428571428571428,pre,True,0.192544,3.38,0.2,0.26,0.06869885714285712,0.33428571428571363,-0.05714285714285722,-0.11714285714285722
gfn3080,2021-10-21,GFN,cloud_gpu,RTX 3080 cloud tier,https://nvidianews.nvidia.com/news/nvidia-introduces-the-next-generation-in-cloud-gaming,2026-09-20,Official announcement publication date (day-level),Announcement/preorders; regional activation followed in November/December.,,0,2021-10-21,2,0.31845,3.0,0.0,0.5,announcement_day,True,0.192544,3.38,0.2,0.26,0.12590600000000002,-0.3799999999999999,-0.2,0.24
gfn3080,2021-10-21,GFN,cloud_gpu,RTX 3080 cloud tier,https://nvidianews.nvidia.com/news/nvidia-introduces-the-next-generation-in-cloud-gaming,2026-09-20,Official announcement publication date (day-level),Announcement/preorders; regional activation followed in November/December.,,1,2021-10-22,3,0.3138666666666667,5.0,0.3333333333333333,0.0,post,True,0.192544,3.38,0.2,0.26,0.12132266666666669,1.62,0.1333333333333333,-0.26
gfn3080,2021-10-21,GFN,cloud_gpu,RTX 3080 cloud tier,https://nvidianews.nvidia.com/news/nvidia-introduces-the-next-generation-in-cloud-gaming,2026-09-20,Official announcement publication date (day-level),Announcement/preorders; regional activation followed in November/December.,,2,2021-10-23,3,0.6485,3.6666666666666665,0.0,0.3333333333333333,post,True,0.192544,3.38,0.2,0.26,0.455956,0.2866666666666666,-0.2,0.0733333333333333
gfn3080,2021-10-21,GFN,cloud_gpu,RTX 3080 cloud tier,https://nvidianews.nvidia.com/news/nvidia-introduces-the-next-generation-in-cloud-gaming,2026-09-20,Official announcement publication date (day-level),Announcement/preorders; regional activation followed in November/December.,,3,2021-10-24,4,0.25815,3.25,0.0,0.25,post,True,0.192544,3.38,0.2,0.26,0.065606,-0.1299999999999999,-0.2,-0.010000000000000009
gfn3080,2021-10-21,GFN,cloud_gpu,RTX 3080 cloud tier,https://nvidianews.nvidia.com/news/nvidia-introduces-the-next-generation-in-cloud-gaming,2026-09-20,Official announcement publication date (day-level),Announcement/preorders; regional activation followed in November/December.,,4,2021-10-25,4,0.328125,3.75,0.25,0.25,post,True,0.192544,3.38,0.2,0.26,0.135581,0.3700000000000001,0.04999999999999999,-0.010000000000000009
gfn3080,2021-10-21,GFN,cloud_gpu,RTX 3080 cloud tier,https://nvidianews.nvidia.com/news/nvidia-introduces-the-next-generation-in-cloud-gaming,2026-09-20,Official announcement publication date (day-level),Announcement/preorders; regional activation followed in November/December.,,5,2021-10-26,2,-0.09615,2.5,0.5,0.5,post,True,0.192544,3.38,0.2,0.26,-0.288694,-0.8799999999999999,0.3,0.24
gfn3080,2021-10-21,GFN,cloud_gpu,RTX 3080 cloud tier,https://nvidianews.nvidia.com/news/nvidia-introduces-the-next-generation-in-cloud-gaming,2026-09-20,Official announcement publication date (day-level),Announcement/preorders; regional activation followed in November/December.,,6,2021-10-27,2,0.5431,3.0,0.0,0.5,post,True,0.192544,3.38,0.2,0.26,0.35055600000000003,-0.3799999999999999,-0.2,0.24
gfn3080,2021-10-21,GFN,cloud_gpu,RTX 3080 cloud tier,https://nvidianews.nvidia.com/news/nvidia-introduces-the-next-generation-in-cloud-gaming,2026-09-20,Official announcement publication date (day-level),Announcement/preorders; regional activation followed in November/December.,,7,2021-10-28,3,0.1036333333333333,2.0,0.3333333333333333,0.6666666666666666,post,True,0.192544,3.38,0.2,0.26,-0.0889106666666667,-1.38,0.1333333333333333,0.4066666666666666
gfn3080,2021-10-21,GFN,cloud_gpu,RTX 3080 cloud tier,https://nvidianews.nvidia.com/news/nvidia-introduces-the-next-generation-in-cloud-gaming,2026-09-20,Official announcement publication date (day-level),Announcement/preorders; regional activation followed in November/December.,,8,2021-10-29,2,0.5784,3.0,0.0,0.5,post,True,0.192544,3.38,0.2,0.26,0.38585600000000003,-0.3799999999999999,-0.2,0.24
gfn3080,2021-10-21,GFN,cloud_gpu,RTX 3080 cloud tier,https://nvidianews.nvidia.com/news/nvidia-introduces-the-next-generation-in-cloud-gaming,2026-09-20,Official announcement publication date (day-level),Announcement/preorders; regional activation followed in November/December.,,9,2021-10-30,3,0.6199666666666667,4.0,0.0,0.0,post,True,0.192544,3.38,0.2,0.26,0.4274226666666667,0.6200000000000001,-0.2,-0.26
gfn3080,2021-10-21,GFN,cloud_gpu,RTX 3080 cloud tier,https://nvidianews.nvidia.com/news/nvidia-introduces-the-next-generation-in-cloud-gaming,2026-09-20,Official announcement publication date (day-level),Announcement/preorders; regional activation followed in November/December.,,10,2021-10-31,3,0.3471666666666667,3.0,0.3333333333333333,0.3333333333333333,post,True,0.192544,3.38,0.2,0.26,0.15462266666666669,-0.3799999999999999,0.1333333333333333,0.0733333333333333
gfn3080,2021-10-21,GFN,cloud_gpu,RTX 3080 cloud tier,https://nvidianews.nvidia.com/news/nvidia-introduces-the-next-generation-in-cloud-gaming,2026-09-20,Official announcement publication date (day-level),Announcement/preorders; regional activation followed in November/December.,,11,2021-11-01,3,0.0248666666666666,1.0,0.3333333333333333,1.0,post,True,0.192544,3.38,0.2,0.26,-0.1676773333333334,-2.38,0.1333333333333333,0.74
gfn3080,2021-10-21,GFN,cloud_gpu,RTX 3080 cloud tier,https://nvidianews.nvidia.com/news/nvidia-introduces-the-next-generation-in-cloud-gaming,2026-09-20,Official announcement publication date (day-level),Announcement/preorders; regional activation followed in November/December.,,12,2021-11-02,3,0.3564333333333334,2.0,0.0,0.3333333333333333,post,True,0.192544,3.38,0.2,0.26,0.1638893333333334,-1.38,-0.2,0.0733333333333333
gfn3080,2021-10-21,GFN,cloud_gpu,RTX 3080 cloud tier,https://nvidianews.nvidia.com/news/nvidia-introduces-the-next-generation-in-cloud-gaming,2026-09-20,Official announcement publication date (day-level),Announcement/preorders; regional activation followed in November/December.,,13,2021-11-03,0,,,,,post,True,0.192544,3.38,0.2,0.26,,,,
gfn3080,2021-10-21,GFN,cloud_gpu,RTX 3080 cloud tier,https://nvidianews.nvidia.com/news/nvidia-introduces-the-next-generation-in-cloud-gaming,2026-09-20,Official announcement publication date (day-level),Announcement/preorders; regional activation followed in November/December.,,14,2021-11-04,5,0.28558,3.8,0.2,0.2,post,True,0.192544,3.38,0.2,0.26,0.09303600000000001,0.41999999999999993,0.0,-0.06
rtx40,2022-09-20,NVIDIA hardware,gpu_generation,RTX 40 series,https://nvidianews.nvidia.com/news/nvidia-delivers-quantum-leap-in-performance-introduces-new-era-of-neural-rendering-with-geforce-rtx-40-series,2026-09-20,Official announcement publication date (day-level),"Hardware context, not an untreated control; broader GeForce Beyond announcements.",,-28,2022-08-23,5,0.22156,4.8,0.2,0.0,earlier_pre,True,0.2603094117647058,3.2705882352941176,0.21176470588235294,0.29411764705882354,-0.03874941176470578,1.5294117647058822,-0.011764705882352927,-0.29411764705882354
rtx40,2022-09-20,NVIDIA hardware,gpu_generation,RTX 40 series,https://nvidianews.nvidia.com/news/nvidia-delivers-quantum-leap-in-performance-introduces-new-era-of-neural-rendering-with-geforce-rtx-40-series,2026-09-20,Official announcement publication date (day-level),"Hardware context, not an untreated control; broader GeForce Beyond announcements.",,-27,2022-08-24,2,0.43205,3.5,0.0,0.0,earlier_pre,True,0.2603094117647058,3.2705882352941176,0.21176470588235294,0.29411764705882354,0.1717405882352942,0.22941176470588243,-0.21176470588235294,-0.29411764705882354
rtx40,2022-09-20,NVIDIA hardware,gpu_generation,RTX 40 series,https://nvidianews.nvidia.com/news/nvidia-delivers-quantum-leap-in-performance-introduces-new-era-of-neural-rendering-with-geforce-rtx-40-series,2026-09-20,Official announcement publication date (day-level),"Hardware context, not an untreated control; broader GeForce Beyond announcements.",,-26,2022-08-25,3,0.0401,3.0,0.3333333333333333,0.3333333333333333,earlier_pre,True,0.2603094117647058,3.2705882352941176,0.21176470588235294,0.29411764705882354,-0.2202094117647058,-0.2705882352941176,0.12156862745098038,0.039215686274509776
rtx40,2022-09-20,NVIDIA hardware,gpu_generation,RTX 40 series,https://nvidianews.nvidia.com/news/nvidia-delivers-quantum-leap-in-performance-introduces-new-era-of-neural-rendering-with-geforce-rtx-40-series,2026-09-20,Official announcement publication date (day-level),"Hardware context, not an untreated control; broader GeForce Beyond announcements.",,-25,2022-08-26,6,0.5143166666666666,3.0,0.1666666666666666,0.3333333333333333,earlier_pre,True,0.2603094117647058,3.2705882352941176,0.21176470588235294,0.29411764705882354,0.25400725490196085,-0.2705882352941176,-0.045098039215686336,0.039215686274509776
rtx40,2022-09-20,NVIDIA hardware,gpu_generation,RTX 40 series,https://nvidianews.nvidia.com/news/nvidia-delivers-quantum-leap-in-performance-introduces-new-era-of-neural-rendering-with-geforce-rtx-40-series,2026-09-20,Official announcement publication date (day-level),"Hardware context, not an untreated control; broader GeForce Beyond announcements.",,-24,2022-08-27,11,0.2514818181818182,3.1818181818181817,0.0909090909090909,0.3636363636363636,earlier_pre,True,0.2603094117647058,3.2705882352941176,0.21176470588235294,0.29411764705882354,-0.008827593582887594,-0.08877005347593592,-0.12085561497326204,0.06951871657754005
rtx40,2022-09-20,NVIDIA hardware,gpu_generation,RTX 40 series,https://nvidianews.nvidia.com/news/nvidia-delivers-quantum-leap-in-performance-introduces-new-era-of-neural-rendering-with-geforce-rtx-40-series,2026-09-20,Official announcement publication date (day-level),"Hardware context, not an untreated control; broader GeForce Beyond announcements.",,-23,2022-08-28,23,-0.0089347826086956,1.7826086956521738,0.1304347826086956,0.6086956521739131,earlier_pre,True,0.2603094117647058,3.2705882352941176,0.21176470588235294,0.29411764705882354,-0.2692441943734014,-1.4879795396419437,-0.08132992327365735,0.31457800511508954
rtx40,2022-09-20,NVIDIA hardware,gpu_generation,RTX 40 series,https://nvidianews.nvidia.com/news/nvidia-delivers-quantum-leap-in-performance-introduces-new-era-of-neural-rendering-with-geforce-rtx-40-series,2026-09-20,Official announcement publication date (day-level),"Hardware context, not an untreated control; broader GeForce Beyond announcements.",,-22,2022-08-29,12,0.3315583333333333,3.6666666666666665,0.25,0.25,earlier_pre,True,0.2603094117647058,3.2705882352941176,0.21176470588235294,0.29411764705882354,0.0712489215686275,0.39607843137254894,0.03823529411764706,-0.04411764705882354
rtx40,2022-09-20,NVIDIA hardware,gpu_generation,RTX 40 series,https://nvidianews.nvidia.com/news/nvidia-delivers-quantum-leap-in-performance-introduces-new-era-of-neural-rendering-with-geforce-rtx-40-series,2026-09-20,Official announcement publication date (day-level),"Hardware context, not an untreated control; broader GeForce Beyond announcements.",,-21,2022-08-30,14,0.0728642857142857,2.857142857142857,0.3571428571428571,0.4285714285714285,earlier_pre,True,0.2603094117647058,3.2705882352941176,0.21176470588235294,0.29411764705882354,-0.18744512605042007,-0.41344537815126037,0.14537815126050416,0.13445378151260495
rtx40,2022-09-20,NVIDIA hardware,gpu_generation,RTX 40 series,https://nvidianews.nvidia.com/news/nvidia-delivers-quantum-leap-in-performance-introduces-new-era-of-neural-rendering-with-geforce-rtx-40-series,2026-09-20,Official announcement publication date (day-level),"Hardware context, not an untreated control; broader GeForce Beyond announcements.",,-20,2022-08-31,11,0.0747545454545454,2.8181818181818183,0.3636363636363636,0.4545454545454545,earlier_pre,True,0.2603094117647058,3.2705882352941176,0.21176470588235294,0.29411764705882354,-0.18555486631016038,-0.45240641711229923,0.15187165775401065,0.16042780748663094
rtx40,2022-09-20,NVIDIA hardware,gpu_generation,RTX 40 series,https://nvidianews.nvidia.com/news/nvidia-delivers-quantum-leap-in-performance-introduces-new-era-of-neural-rendering-with-geforce-rtx-40-series,2026-09-20,Official announcement publication date (day-level),"Hardware context, not an untreated control; broader GeForce Beyond announcements.",,-19,2022-09-01,15,0.1543066666666666,2.4,0.1333333333333333,0.6,earlier_pre,True,0.2603094117647058,3.2705882352941176,0.21176470588235294,0.29411764705882354,-0.1060027450980392,-0.8705882352941177,-0.07843137254901963,0.30588235294117644
rtx40,2022-09-20,NVIDIA hardware,gpu_generation,RTX 40 series,https://nvidianews.nvidia.com/news/nvidia-delivers-quantum-leap-in-performance-introduces-new-era-of-neural-rendering-with-geforce-rtx-40-series,2026-09-20,Official announcement publication date (day-level),"Hardware context, not an untreated control; broader GeForce Beyond announcements.",,-18,2022-09-02,11,0.1356545454545454,2.363636363636364,0.3636363636363636,0.6363636363636364,earlier_pre,True,0.2603094117647058,3.2705882352941176,0.21176470588235294,0.29411764705882354,-0.1246548663101604,-0.9069518716577534,0.15187165775401065,0.3422459893048128
rtx40,2022-09-20,NVIDIA hardware,gpu_generation,RTX 40 series,https://nvidianews.nvidia.com/news/nvidia-delivers-quantum-leap-in-performance-introduces-new-era-of-neural-rendering-with-geforce-rtx-40-series,2026-09-20,Official announcement publication date (day-level),"Hardware context, not an untreated control; broader GeForce Beyond announcements.",,-17,2022-09-03,13,0.1922076923076923,2.769230769230769,0.0769230769230769,0.3846153846153846,earlier_pre,True,0.2603094117647058,3.2705882352941176,0.21176470588235294,0.29411764705882354,-0.06810171945701349,-0.5013574660633484,-0.13484162895927604,0.09049773755656104
rtx40,2022-09-20,NVIDIA hardware,gpu_generation,RTX 40 series,https://nvidianews.nvidia.com/news/nvidia-delivers-quantum-leap-in-performance-introduces-new-era-of-neural-rendering-with-geforce-rtx-40-series,2026-09-20,Official announcement publication date (day-level),"Hardware context, not an untreated control; broader GeForce Beyond announcements.",,-16,2022-09-04,8,0.289425,3.125,0.0,0.375,earlier_pre,True,0.2603094117647058,3.2705882352941176,0.21176470588235294,0.29411764705882354,0.0291155882352942,-0.14558823529411757,-0.21176470588235294,0.08088235294117646
rtx40,2022-09-20,NVIDIA hardware,gpu_generation,RTX 40 series,https://nvidianews.nvidia.com/news/nvidia-delivers-quantum-leap-in-performance-introduces-new-era-of-neural-rendering-with-geforce-rtx-40-series,2026-09-20,Official announcement publication date (day-level),"Hardware context, not an untreated control; broader GeForce Beyond announcements.",,-15,2022-09-05,5,0.1909,2.0,0.4,0.6,earlier_pre,True,0.2603094117647058,3.2705882352941176,0.21176470588235294,0.29411764705882354,-0.0694094117647058,-1.2705882352941176,0.18823529411764708,0.30588235294117644
rtx40,2022-09-20,NVIDIA hardware,gpu_generation,RTX 40 series,https://nvidianews.nvidia.com/news/nvidia-delivers-quantum-leap-in-performance-introduces-new-era-of-neural-rendering-with-geforce-rtx-40-series,2026-09-20,Official announcement publication date (day-level),"Hardware context, not an untreated control; broader GeForce Beyond announcements.",,-14,2022-09-06,9,0.2705888888888889,3.0,0.3333333333333333,0.3333333333333333,pre,True,0.2603094117647058,3.2705882352941176,0.21176470588235294,0.29411764705882354,0.01027947712418309,-0.2705882352941176,0.12156862745098038,0.039215686274509776
rtx40,2022-09-20,NVIDIA hardware,gpu_generation,RTX 40 series,https://nvidianews.nvidia.com/news/nvidia-delivers-quantum-leap-in-performance-introduces-new-era-of-neural-rendering-with-geforce-rtx-40-series,2026-09-20,Official announcement publication date (day-level),"Hardware context, not an untreated control; broader GeForce Beyond announcements.",,-13,2022-09-07,5,0.39704,3.2,0.2,0.4,pre,True,0.2603094117647058,3.2705882352941176,0.21176470588235294,0.29411764705882354,0.13673058823529421,-0.0705882352941174,-0.011764705882352927,0.10588235294117648
rtx40,2022-09-20,NVIDIA hardware,gpu_generation,RTX 40 series,https://nvidianews.nvidia.com/news/nvidia-delivers-quantum-leap-in-performance-introduces-new-era-of-neural-rendering-with-geforce-rtx-40-series,2026-09-20,Official announcement publication date (day-level),"Hardware context, not an untreated control; broader GeForce Beyond announcements.",,-12,2022-09-08,7,0.2935857142857143,4.142857142857143,0.2857142857142857,0.0,pre,True,0.2603094117647058,3.2705882352941176,0.21176470588235294,0.29411764705882354,0.033276302521008494,0.8722689075630257,0.07394957983193276,-0.29411764705882354
rtx40,2022-09-20,NVIDIA hardware,gpu_generation,RTX 40 series,https://nvidianews.nvidia.com/news/nvidia-delivers-quantum-leap-in-performance-introduces-new-era-of-neural-rendering-with-geforce-rtx-40-series,2026-09-20,Official announcement publication date (day-level),"Hardware context, not an untreated control; broader GeForce Beyond announcements.",,-11,2022-09-09,4,0.14395,1.5,0.25,0.5,pre,True,0.2603094117647058,3.2705882352941176,0.21176470588235294,0.29411764705882354,-0.1163594117647058,-1.7705882352941176,0.03823529411764706,0.20588235294117646
rtx40,2022-09-20,NVIDIA hardware,gpu_generation,RTX 40 series,https://nvidianews.nvidia.com/news/nvidia-delivers-quantum-leap-in-performance-introduces-new-era-of-neural-rendering-with-geforce-rtx-40-series,2026-09-20,Official announcement publication date (day-level),"Hardware context, not an untreated control; broader GeForce Beyond announcements.",,-10,2022-09-10,6,0.1242499999999999,2.833333333333333,0.3333333333333333,0.3333333333333333,pre,True,0.2603094117647058,3.2705882352941176,0.21176470588235294,0.29411764705882354,-0.13605941176470587,-0.43725490196078454,0.12156862745098038,0.039215686274509776
rtx40,2022-09-20,NVIDIA hardware,gpu_generation,RTX 40 series,https://nvidianews.nvidia.com/news/nvidia-delivers-quantum-leap-in-performance-introduces-new-era-of-neural-rendering-with-geforce-rtx-40-series,2026-09-20,Official announcement publication date (day-level),"Hardware context, not an untreated control; broader GeForce Beyond announcements.",,-9,2022-09-11,2,0.0,2.0,0.0,0.5,pre,True,0.2603094117647058,3.2705882352941176,0.21176470588235294,0.29411764705882354,-0.2603094117647058,-1.2705882352941176,-0.21176470588235294,0.20588235294117646
rtx40,2022-09-20,NVIDIA hardware,gpu_generation,RTX 40 series,https://nvidianews.nvidia.com/news/nvidia-delivers-quantum-leap-in-performance-introduces-new-era-of-neural-rendering-with-geforce-rtx-40-series,2026-09-20,Official announcement publication date (day-level),"Hardware context, not an untreated control; broader GeForce Beyond announcements.",,-8,2022-09-12,6,0.5279333333333333,4.0,0.1666666666666666,0.1666666666666666,pre,True,0.2603094117647058,3.2705882352941176,0.21176470588235294,0.29411764705882354,0.26762392156862747,0.7294117647058824,-0.045098039215686336,-0.12745098039215694
rtx40,2022-09-20,NVIDIA hardware,gpu_generation,RTX 40 series,https://nvidianews.nvidia.com/news/nvidia-delivers-quantum-leap-in-performance-introduces-new-era-of-neural-rendering-with-geforce-rtx-40-series,2026-09-20,Official announcement publication date (day-level),"Hardware context, not an untreated control; broader GeForce Beyond announcements.",,-7,2022-09-13,4,0.760275,3.5,0.0,0.25,pre,True,0.2603094117647058,3.2705882352941176,0.21176470588235294,0.29411764705882354,0.49996558823529424,0.22941176470588243,-0.21176470588235294,-0.04411764705882354
rtx40,2022-09-20,NVIDIA hardware,gpu_generation,RTX 40 series,https://nvidianews.nvidia.com/news/nvidia-delivers-quantum-leap-in-performance-introduces-new-era-of-neural-rendering-with-geforce-rtx-40-series,2026-09-20,Official announcement publication date (day-level),"Hardware context, not an untreated control; broader GeForce Beyond announcements.",,-6,2022-09-14,4,0.515725,4.0,0.0,0.0,pre,True,0.2603094117647058,3.2705882352941176,0.21176470588235294,0.29411764705882354,0.2554155882352942,0.7294117647058824,-0.21176470588235294,-0.29411764705882354
rtx40,2022-09-20,NVIDIA hardware,gpu_generation,RTX 40 series,https://nvidianews.nvidia.com/news/nvidia-delivers-quantum-leap-in-performance-introduces-new-era-of-neural-rendering-with-geforce-rtx-40-series,2026-09-20,Official announcement publication date (day-level),"Hardware context, not an untreated control; broader GeForce Beyond announcements.",,-5,2022-09-15,6,0.17525,2.6666666666666665,0.1666666666666666,0.5,pre,True,0.2603094117647058,3.2705882352941176,0.21176470588235294,0.29411764705882354,-0.0850594117647058,-0.603921568627451,-0.045098039215686336,0.20588235294117646
rtx40,2022-09-20,NVIDIA hardware,gpu_generation,RTX 40 series,https://nvidianews.nvidia.com/news/nvidia-delivers-quantum-leap-in-performance-introduces-new-era-of-neural-rendering-with-geforce-rtx-40-series,2026-09-20,Official announcement publication date (day-level),"Hardware context, not an untreated control; broader GeForce Beyond announcements.",,-4,2022-09-16,5,0.1457799999999999,2.6,0.2,0.6,pre,True,0.2603094117647058,3.2705882352941176,0.21176470588235294,0.29411764705882354,-0.11452941176470588,-0.6705882352941175,-0.011764705882352927,0.30588235294117644
rtx40,2022-09-20,NVIDIA hardware,gpu_generation,RTX 40 series,https://nvidianews.nvidia.com/news/nvidia-delivers-quantum-leap-in-performance-introduces-new-era-of-neural-rendering-with-geforce-rtx-40-series,2026-09-20,Official announcement publication date (day-level),"Hardware context, not an untreated control; broader GeForce Beyond announcements.",,-3,2022-09-17,8,0.1651,4.375,0.125,0.125,pre,True,0.2603094117647058,3.2705882352941176,0.21176470588235294,0.29411764705882354,-0.09520941176470579,1.1044117647058824,-0.08676470588235294,-0.16911764705882354
rtx40,2022-09-20,NVIDIA hardware,gpu_generation,RTX 40 series,https://nvidianews.nvidia.com/news/nvidia-delivers-quantum-leap-in-performance-introduces-new-era-of-neural-rendering-with-geforce-rtx-40-series,2026-09-20,Official announcement publication date (day-level),"Hardware context, not an untreated control; broader GeForce Beyond announcements.",,-2,2022-09-18,9,0.0259555555555555,3.0,0.3333333333333333,0.3333333333333333,pre,True,0.2603094117647058,3.2705882352941176,0.21176470588235294,0.29411764705882354,-0.23435385620915028,-0.2705882352941176,0.12156862745098038,0.039215686274509776
rtx40,2022-09-20,NVIDIA hardware,gpu_generation,RTX 40 series,https://nvidianews.nvidia.com/news/nvidia-delivers-quantum-leap-in-performance-introduces-new-era-of-neural-rendering-with-geforce-rtx-40-series,2026-09-20,Official announcement publication date (day-level),"Hardware context, not an untreated control; broader GeForce Beyond announcements.",,-1,2022-09-19,10,0.2723,3.4,0.2,0.3,pre,True,0.2603094117647058,3.2705882352941176,0.21176470588235294,0.29411764705882354,0.011990588235294197,0.12941176470588234,-0.011764705882352927,0.00588235294117645
rtx40,2022-09-20,NVIDIA hardware,gpu_generation,RTX 40 series,https://nvidianews.nvidia.com/news/nvidia-delivers-quantum-leap-in-performance-introduces-new-era-of-neural-rendering-with-geforce-rtx-40-series,2026-09-20,Official announcement publication date (day-level),"Hardware context, not an untreated control; broader GeForce Beyond announcements.",,0,2022-09-20,9,0.6911999999999999,3.6666666666666665,0.1111111111111111,0.2222222222222222,announcement_day,True,0.2603094117647058,3.2705882352941176,0.21176470588235294,0.29411764705882354,0.43089058823529414,0.39607843137254894,-0.10065359477124183,-0.07189542483660133
rtx40,2022-09-20,NVIDIA hardware,gpu_generation,RTX 40 series,https://nvidianews.nvidia.com/news/nvidia-delivers-quantum-leap-in-performance-introduces-new-era-of-neural-rendering-with-geforce-rtx-40-series,2026-09-20,Official announcement publication date (day-level),"Hardware context, not an untreated control; broader GeForce Beyond announcements.",,1,2022-09-21,2,-0.0351,3.0,0.5,0.5,post,True,0.2603094117647058,3.2705882352941176,0.21176470588235294,0.29411764705882354,-0.2954094117647058,-0.2705882352941176,0.28823529411764703,0.20588235294117646
rtx40,2022-09-20,NVIDIA hardware,gpu_generation,RTX 40 series,https://nvidianews.nvidia.com/news/nvidia-delivers-quantum-leap-in-performance-introduces-new-era-of-neural-rendering-with-geforce-rtx-40-series,2026-09-20,Official announcement publication date (day-level),"Hardware context, not an untreated control; broader GeForce Beyond announcements.",,2,2022-09-22,4,0.542525,4.75,0.0,0.0,post,True,0.2603094117647058,3.2705882352941176,0.21176470588235294,0.29411764705882354,0.28221558823529425,1.4794117647058824,-0.21176470588235294,-0.29411764705882354
rtx40,2022-09-20,NVIDIA hardware,gpu_generation,RTX 40 series,https://nvidianews.nvidia.com/news/nvidia-delivers-quantum-leap-in-performance-introduces-new-era-of-neural-rendering-with-geforce-rtx-40-series,2026-09-20,Official announcement publication date (day-level),"Hardware context, not an untreated control; broader GeForce Beyond announcements.",,3,2022-09-23,7,0.2438142857142857,3.2857142857142856,0.4285714285714285,0.4285714285714285,post,True,0.2603094117647058,3.2705882352941176,0.21176470588235294,0.29411764705882354,-0.016495126050420084,0.015126050420168013,0.21680672268907555,0.13445378151260495
rtx40,2022-09-20,NVIDIA hardware,gpu_generation,RTX 40 series,https://nvidianews.nvidia.com/news/nvidia-delivers-quantum-leap-in-performance-introduces-new-era-of-neural-rendering-with-geforce-rtx-40-series,2026-09-20,Official announcement publication date (day-level),"Hardware context, not an untreated control; broader GeForce Beyond announcements.",,4,2022-09-24,5,-0.0220599999999999,1.8,0.4,0.8,post,True,0.2603094117647058,3.2705882352941176,0.21176470588235294,0.29411764705882354,-0.2823694117647057,-1.4705882352941175,0.18823529411764708,0.5058823529411764
rtx40,2022-09-20,NVIDIA hardware,gpu_generation,RTX 40 series,https://nvidianews.nvidia.com/news/nvidia-delivers-quantum-leap-in-performance-introduces-new-era-of-neural-rendering-with-geforce-rtx-40-series,2026-09-20,Official announcement publication date (day-level),"Hardware context, not an untreated control; broader GeForce Beyond announcements.",,5,2022-09-25,7,0.0017857142857142,1.5714285714285714,0.4285714285714285,0.8571428571428571,post,True,0.2603094117647058,3.2705882352941176,0.21176470588235294,0.29411764705882354,-0.25852369747899157,-1.6991596638655462,0.21680672268907555,0.5630252100840336
rtx40,2022-09-20,NVIDIA hardware,gpu_generation,RTX 40 series,https://nvidianews.nvidia.com/news/nvidia-delivers-quantum-leap-in-performance-introduces-new-era-of-neural-rendering-with-geforce-rtx-40-series,2026-09-20,Official announcement publication date (day-level),"Hardware context, not an untreated control; broader GeForce Beyond announcements.",,6,2022-09-26,5,0.3214599999999999,2.2,0.0,0.2,post,True,0.2603094117647058,3.2705882352941176,0.21176470588235294,0.29411764705882354,0.06115058823529412,-1.0705882352941174,-0.21176470588235294,-0.09411764705882353
rtx40,2022-09-20,NVIDIA hardware,gpu_generation,RTX 40 series,https://nvidianews.nvidia.com/news/nvidia-delivers-quantum-leap-in-performance-introduces-new-era-of-neural-rendering-with-geforce-rtx-40-series,2026-09-20,Official announcement publication date (day-level),"Hardware context, not an untreated control; broader GeForce Beyond announcements.",,7,2022-09-27,6,-0.1203166666666666,2.833333333333333,0.5,0.5,post,True,0.2603094117647058,3.2705882352941176,0.21176470588235294,0.29411764705882354,-0.3806260784313724,-0.43725490196078454,0.28823529411764703,0.20588235294117646
rtx40,2022-09-20,NVIDIA hardware,gpu_generation,RTX 40 series,https://nvidianews.nvidia.com/news/nvidia-delivers-quantum-leap-in-performance-introduces-new-era-of-neural-rendering-with-geforce-rtx-40-series,2026-09-20,Official announcement publication date (day-level),"Hardware context, not an untreated control; broader GeForce Beyond announcements.",,8,2022-09-28,5,0.1022999999999999,3.2,0.4,0.2,post,True,0.2603094117647058,3.2705882352941176,0.21176470588235294,0.29411764705882354,-0.1580094117647059,-0.0705882352941174,0.18823529411764708,-0.09411764705882353
rtx40,2022-09-20,NVIDIA hardware,gpu_generation,RTX 40 series,https://nvidianews.nvidia.com/news/nvidia-delivers-quantum-leap-in-performance-introduces-new-era-of-neural-rendering-with-geforce-rtx-40-series,2026-09-20,Official announcement publication date (day-level),"Hardware context, not an untreated control; broader GeForce Beyond announcements.",,9,2022-09-29,7,0.3338142857142857,3.7142857142857135,0.4285714285714285,0.0,post,True,0.2603094117647058,3.2705882352941176,0.21176470588235294,0.29411764705882354,0.07350487394957989,0.44369747899159595,0.21680672268907555,-0.29411764705882354
rtx40,2022-09-20,NVIDIA hardware,gpu_generation,RTX 40 series,https://nvidianews.nvidia.com/news/nvidia-delivers-quantum-leap-in-performance-introduces-new-era-of-neural-rendering-with-geforce-rtx-40-series,2026-09-20,Official announcement publication date (day-level),"Hardware context, not an untreated control; broader GeForce Beyond announcements.",,10,2022-09-30,11,0.2698181818181818,3.4545454545454546,0.0909090909090909,0.3636363636363636,post,True,0.2603094117647058,3.2705882352941176,0.21176470588235294,0.29411764705882354,0.009508770053476001,0.183957219251337,-0.12085561497326204,0.06951871657754005
rtx40,2022-09-20,NVIDIA hardware,gpu_generation,RTX 40 series,https://nvidianews.nvidia.com/news/nvidia-delivers-quantum-leap-in-performance-introduces-new-era-of-neural-rendering-with-geforce-rtx-40-series,2026-09-20,Official announcement publication date (day-level),"Hardware context, not an untreated control; broader GeForce Beyond announcements.",,11,2022-10-01,9,0.1966333333333333,2.7777777777777777,0.1111111111111111,0.3333333333333333,post,True,0.2603094117647058,3.2705882352941176,0.21176470588235294,0.29411764705882354,-0.06367607843137249,-0.4928104575163399,-0.10065359477124183,0.039215686274509776
rtx40,2022-09-20,NVIDIA hardware,gpu_generation,RTX 40 series,https://nvidianews.nvidia.com/news/nvidia-delivers-quantum-leap-in-performance-introduces-new-era-of-neural-rendering-with-geforce-rtx-40-series,2026-09-20,Official announcement publication date (day-level),"Hardware context, not an untreated control; broader GeForce Beyond announcements.",,12,2022-10-02,9,0.3966,3.6666666666666665,0.1111111111111111,0.1111111111111111,post,True,0.2603094117647058,3.2705882352941176,0.21176470588235294,0.29411764705882354,0.13629058823529422,0.39607843137254894,-0.10065359477124183,-0.18300653594771243
rtx40,2022-09-20,NVIDIA hardware,gpu_generation,RTX 40 series,https://nvidianews.nvidia.com/news/nvidia-delivers-quantum-leap-in-performance-introduces-new-era-of-neural-rendering-with-geforce-rtx-40-series,2026-09-20,Official announcement publication date (day-level),"Hardware context, not an untreated control; broader GeForce Beyond announcements.",,13,2022-10-03,10,0.30976,2.6,0.3,0.3,post,True,0.2603094117647058,3.2705882352941176,0.21176470588235294,0.29411764705882354,0.04945058823529419,-0.6705882352941175,0.08823529411764705,0.00588235294117645
rtx40,2022-09-20,NVIDIA hardware,gpu_generation,RTX 40 series,https://nvidianews.nvidia.com/news/nvidia-delivers-quantum-leap-in-performance-introduces-new-era-of-neural-rendering-with-geforce-rtx-40-series,2026-09-20,Official announcement publication date (day-level),"Hardware context, not an untreated control; broader GeForce Beyond announcements.",,14,2022-10-04,6,0.2946,2.6666666666666665,0.3333333333333333,0.3333333333333333,post,True,0.2603094117647058,3.2705882352941176,0.21176470588235294,0.29411764705882354,0.034290588235294184,-0.603921568627451,0.12156862745098038,0.039215686274509776
ultimate,2023-01-03,GFN,cloud_gpu,Ultimate / RTX 4080,https://nvidianews.nvidia.com/news/nvidia-brings-rtx-4080-to-geforce-now,2026-09-20,Official announcement publication date (day-level),CES announcement bundle; not the later server-rollout date.,,-28,2022-12-06,5,-0.0200799999999999,2.6,0.6,0.2,earlier_pre,True,0.09679999999999998,2.5093457943925235,0.3317757009345794,0.42990654205607476,-0.11687999999999989,0.09065420560747661,0.26822429906542056,-0.22990654205607475
ultimate,2023-01-03,GFN,cloud_gpu,Ultimate / RTX 4080,https://nvidianews.nvidia.com/news/nvidia-brings-rtx-4080-to-geforce-now,2026-09-20,Official announcement publication date (day-level),CES announcement bundle; not the later server-rollout date.,,-27,2022-12-07,7,0.1124857142857143,2.2857142857142856,0.1428571428571428,0.5714285714285714,earlier_pre,True,0.09679999999999998,2.5093457943925235,0.3317757009345794,0.42990654205607476,0.015685714285714317,-0.2236315086782379,-0.18891855807743663,0.14152202937249664
ultimate,2023-01-03,GFN,cloud_gpu,Ultimate / RTX 4080,https://nvidianews.nvidia.com/news/nvidia-brings-rtx-4080-to-geforce-now,2026-09-20,Official announcement publication date (day-level),CES announcement bundle; not the later server-rollout date.,,-26,2022-12-08,9,0.1616444444444444,3.2222222222222223,0.3333333333333333,0.1111111111111111,earlier_pre,True,0.09679999999999998,2.5093457943925235,0.3317757009345794,0.42990654205607476,0.06484444444444441,0.7128764278296988,0.0015576323987538943,-0.31879543094496365
ultimate,2023-01-03,GFN,cloud_gpu,Ultimate / RTX 4080,https://nvidianews.nvidia.com/news/nvidia-brings-rtx-4080-to-geforce-now,2026-09-20,Official announcement publication date (day-level),CES announcement bundle; not the later server-rollout date.,,-25,2022-12-09,12,0.4035166666666667,2.75,0.0,0.4166666666666667,earlier_pre,True,0.09679999999999998,2.5093457943925235,0.3317757009345794,0.42990654205607476,0.3067166666666667,0.24065420560747652,-0.3317757009345794,-0.013239875389408073
ultimate,2023-01-03,GFN,cloud_gpu,Ultimate / RTX 4080,https://nvidianews.nvidia.com/news/nvidia-brings-rtx-4080-to-geforce-now,2026-09-20,Official announcement publication date (day-level),CES announcement bundle; not the later server-rollout date.,,-24,2022-12-10,20,0.079895,2.8,0.35,0.35,earlier_pre,True,0.09679999999999998,2.5093457943925235,0.3317757009345794,0.42990654205607476,-0.01690499999999999,0.29065420560747635,0.018224299065420557,-0.07990654205607478
ultimate,2023-01-03,GFN,cloud_gpu,Ultimate / RTX 4080,https://nvidianews.nvidia.com/news/nvidia-brings-rtx-4080-to-geforce-now,2026-09-20,Official announcement publication date (day-level),CES announcement bundle; not the later server-rollout date.,,-23,2022-12-11,18,0.3208111111111111,2.9444444444444446,0.0555555555555555,0.4444444444444444,earlier_pre,True,0.09679999999999998,2.5093457943925235,0.3317757009345794,0.42990654205607476,0.2240111111111111,0.43509865005192117,-0.27622014537902395,0.014537902388369661
ultimate,2023-01-03,GFN,cloud_gpu,Ultimate / RTX 4080,https://nvidianews.nvidia.com/news/nvidia-brings-rtx-4080-to-geforce-now,2026-09-20,Official announcement publication date (day-level),CES announcement bundle; not the later server-rollout date.,,-22,2022-12-12,10,0.22902,2.3,0.1,0.6,earlier_pre,True,0.09679999999999998,2.5093457943925235,0.3317757009345794,0.42990654205607476,0.13222,-0.20934579439252365,-0.23177570093457942,0.17009345794392522
ultimate,2023-01-03,GFN,cloud_gpu,Ultimate / RTX 4080,https://nvidianews.nvidia.com/news/nvidia-brings-rtx-4080-to-geforce-now,2026-09-20,Official announcement publication date (day-level),CES announcement bundle; not the later server-rollout date.,,-21,2022-12-13,27,0.0740962962962963,2.814814814814815,0.2222222222222222,0.3703703703703703,earlier_pre,True,0.09679999999999998,2.5093457943925235,0.3317757009345794,0.42990654205607476,-0.022703703703703684,0.3054690204222914,-0.10955347871235721,-0.059536171685704464
ultimate,2023-01-03,GFN,cloud_gpu,Ultimate / RTX 4080,https://nvidianews.nvidia.com/news/nvidia-brings-rtx-4080-to-geforce-now,2026-09-20,Official announcement publication date (day-level),CES announcement bundle; not the later server-rollout date.,,-20,2022-12-14,28,0.1145464285714285,2.75,0.2857142857142857,0.3928571428571428,earlier_pre,True,0.09679999999999998,2.5093457943925235,0.3317757009345794,0.42990654205607476,0.01774642857142851,0.24065420560747652,-0.04606141522029372,-0.037049399198931965
ultimate,2023-01-03,GFN,cloud_gpu,Ultimate / RTX 4080,https://nvidianews.nvidia.com/news/nvidia-brings-rtx-4080-to-geforce-now,2026-09-20,Official announcement publication date (day-level),CES announcement bundle; not the later server-rollout date.,,-19,2022-12-15,12,0.1284416666666666,2.333333333333333,0.1666666666666666,0.6666666666666666,earlier_pre,True,0.09679999999999998,2.5093457943925235,0.3317757009345794,0.42990654205607476,0.03164166666666661,-0.17601246105919044,-0.16510903426791282,0.23676012461059187
ultimate,2023-01-03,GFN,cloud_gpu,Ultimate / RTX 4080,https://nvidianews.nvidia.com/news/nvidia-brings-rtx-4080-to-geforce-now,2026-09-20,Official announcement publication date (day-level),CES announcement bundle; not the later server-rollout date.,,-18,2022-12-16,15,0.2500933333333333,3.1333333333333333,0.1333333333333333,0.4,earlier_pre,True,0.09679999999999998,2.5093457943925235,0.3317757009345794,0.42990654205607476,0.15329333333333328,0.6239875389408098,-0.19844236760124612,-0.029906542056074736
ultimate,2023-01-03,GFN,cloud_gpu,Ultimate / RTX 4080,https://nvidianews.nvidia.com/news/nvidia-brings-rtx-4080-to-geforce-now,2026-09-20,Official announcement publication date (day-level),CES announcement bundle; not the later server-rollout date.,,-17,2022-12-17,15,0.4168666666666666,3.8666666666666663,0.0666666666666666,0.1333333333333333,earlier_pre,True,0.09679999999999998,2.5093457943925235,0.3317757009345794,0.42990654205607476,0.3200666666666666,1.3573208722741428,-0.2651090342679128,-0.29657320872274145
ultimate,2023-01-03,GFN,cloud_gpu,Ultimate / RTX 4080,https://nvidianews.nvidia.com/news/nvidia-brings-rtx-4080-to-geforce-now,2026-09-20,Official announcement publication date (day-level),CES announcement bundle; not the later server-rollout date.,,-16,2022-12-18,11,0.0082818181818181,2.1818181818181817,0.3636363636363636,0.6363636363636364,earlier_pre,True,0.09679999999999998,2.5093457943925235,0.3317757009345794,0.42990654205607476,-0.08851818181818188,-0.3275276125743418,0.03186066270178417,0.2064570943075616
ultimate,2023-01-03,GFN,cloud_gpu,Ultimate / RTX 4080,https://nvidianews.nvidia.com/news/nvidia-brings-rtx-4080-to-geforce-now,2026-09-20,Official announcement publication date (day-level),CES announcement bundle; not the later server-rollout date.,,-15,2022-12-19,11,0.1227727272727272,3.4545454545454546,0.3636363636363636,0.1818181818181818,earlier_pre,True,0.09679999999999998,2.5093457943925235,0.3317757009345794,0.42990654205607476,0.025972727272727217,0.9451996601529311,0.03186066270178417,-0.24808836023789296
ultimate,2023-01-03,GFN,cloud_gpu,Ultimate / RTX 4080,https://nvidianews.nvidia.com/news/nvidia-brings-rtx-4080-to-geforce-now,2026-09-20,Official announcement publication date (day-level),CES announcement bundle; not the later server-rollout date.,,-14,2022-12-20,11,0.2723909090909091,2.8181818181818183,0.0909090909090909,0.3636363636363636,pre,True,0.09679999999999998,2.5093457943925235,0.3317757009345794,0.42990654205607476,0.17559090909090908,0.30883602378929487,-0.24086661002548854,-0.06627017841971117
ultimate,2023-01-03,GFN,cloud_gpu,Ultimate / RTX 4080,https://nvidianews.nvidia.com/news/nvidia-brings-rtx-4080-to-geforce-now,2026-09-20,Official announcement publication date (day-level),CES announcement bundle; not the later server-rollout date.,,-13,2022-12-21,21,0.0867428571428571,2.571428571428572,0.3809523809523809,0.3809523809523809,pre,True,0.09679999999999998,2.5093457943925235,0.3317757009345794,0.42990654205607476,-0.01005714285714289,0.062082777036048586,0.049176680017801455,-0.04895416110369388
ultimate,2023-01-03,GFN,cloud_gpu,Ultimate / RTX 4080,https://nvidianews.nvidia.com/news/nvidia-brings-rtx-4080-to-geforce-now,2026-09-20,Official announcement publication date (day-level),CES announcement bundle; not the later server-rollout date.,,-12,2022-12-22,22,0.1228090909090909,1.818181818181818,0.3181818181818182,0.5909090909090909,pre,True,0.09679999999999998,2.5093457943925235,0.3317757009345794,0.42990654205607476,0.026009090909090912,-0.6911639762107056,-0.013593882752761244,0.16100254885301618
ultimate,2023-01-03,GFN,cloud_gpu,Ultimate / RTX 4080,https://nvidianews.nvidia.com/news/nvidia-brings-rtx-4080-to-geforce-now,2026-09-20,Official announcement publication date (day-level),CES announcement bundle; not the later server-rollout date.,,-11,2022-12-23,13,-0.1034307692307692,2.0,0.3846153846153846,0.5384615384615384,pre,True,0.09679999999999998,2.5093457943925235,0.3317757009345794,0.42990654205607476,-0.20023076923076918,-0.5093457943925235,0.05283968368080516,0.10855499640546368
ultimate,2023-01-03,GFN,cloud_gpu,Ultimate / RTX 4080,https://nvidianews.nvidia.com/news/nvidia-brings-rtx-4080-to-geforce-now,2026-09-20,Official announcement publication date (day-level),CES announcement bundle; not the later server-rollout date.,,-10,2022-12-24,14,-0.0570357142857142,2.5,0.4285714285714285,0.5,pre,True,0.09679999999999998,2.5093457943925235,0.3317757009345794,0.42990654205607476,-0.1538357142857142,-0.009345794392523477,0.09679572763684907,0.07009345794392524
ultimate,2023-01-03,GFN,cloud_gpu,Ultimate / RTX 4080,https://nvidianews.nvidia.com/news/nvidia-brings-rtx-4080-to-geforce-now,2026-09-20,Official announcement publication date (day-level),CES announcement bundle; not the later server-rollout date.,,-9,2022-12-25,4,0.104825,2.5,0.5,0.5,pre,True,0.09679999999999998,2.5093457943925235,0.3317757009345794,0.42990654205607476,0.008025000000000018,-0.009345794392523477,0.16822429906542058,0.07009345794392524
ultimate,2023-01-03,GFN,cloud_gpu,Ultimate / RTX 4080,https://nvidianews.nvidia.com/news/nvidia-brings-rtx-4080-to-geforce-now,2026-09-20,Official announcement publication date (day-level),CES announcement bundle; not the later server-rollout date.,,-8,2022-12-26,16,-0.0365,2.3125,0.4375,0.625,pre,True,0.09679999999999998,2.5093457943925235,0.3317757009345794,0.42990654205607476,-0.13329999999999997,-0.19684579439252348,0.10572429906542058,0.19509345794392524
ultimate,2023-01-03,GFN,cloud_gpu,Ultimate / RTX 4080,https://nvidianews.nvidia.com/news/nvidia-brings-rtx-4080-to-geforce-now,2026-09-20,Official announcement publication date (day-level),CES announcement bundle; not the later server-rollout date.,,-7,2022-12-27,9,0.3475888888888889,2.4444444444444446,0.1111111111111111,0.3333333333333333,pre,True,0.09679999999999998,2.5093457943925235,0.3317757009345794,0.42990654205607476,0.2507888888888889,-0.06490134994807883,-0.22066458982346832,-0.09657320872274144
ultimate,2023-01-03,GFN,cloud_gpu,Ultimate / RTX 4080,https://nvidianews.nvidia.com/news/nvidia-brings-rtx-4080-to-geforce-now,2026-09-20,Official announcement publication date (day-level),CES announcement bundle; not the later server-rollout date.,,-6,2022-12-28,24,0.0173083333333333,2.1666666666666665,0.375,0.5,pre,True,0.09679999999999998,2.5093457943925235,0.3317757009345794,0.42990654205607476,-0.07949166666666668,-0.34267912772585696,0.04322429906542058,0.07009345794392524
ultimate,2023-01-03,GFN,cloud_gpu,Ultimate / RTX 4080,https://nvidianews.nvidia.com/news/nvidia-brings-rtx-4080-to-geforce-now,2026-09-20,Official announcement publication date (day-level),CES announcement bundle; not the later server-rollout date.,,-5,2022-12-29,15,0.1206866666666666,2.8666666666666667,0.2,0.2666666666666666,pre,True,0.09679999999999998,2.5093457943925235,0.3317757009345794,0.42990654205607476,0.02388666666666661,0.3573208722741432,-0.1317757009345794,-0.16323987538940815
ultimate,2023-01-03,GFN,cloud_gpu,Ultimate / RTX 4080,https://nvidianews.nvidia.com/news/nvidia-brings-rtx-4080-to-geforce-now,2026-09-20,Official announcement publication date (day-level),CES announcement bundle; not the later server-rollout date.,,-4,2022-12-30,19,0.1102105263157894,2.9473684210526314,0.3157894736842105,0.2631578947368421,pre,True,0.09679999999999998,2.5093457943925235,0.3317757009345794,0.42990654205607476,0.013410526315789414,0.43802262666010794,-0.015986227250368912,-0.16674864731923267
ultimate,2023-01-03,GFN,cloud_gpu,Ultimate / RTX 4080,https://nvidianews.nvidia.com/news/nvidia-brings-rtx-4080-to-geforce-now,2026-09-20,Official announcement publication date (day-level),CES announcement bundle; not the later server-rollout date.,,-3,2022-12-31,16,0.05293125,2.875,0.4375,0.375,pre,True,0.09679999999999998,2.5093457943925235,0.3317757009345794,0.42990654205607476,-0.043868749999999984,0.3656542056074765,0.10572429906542058,-0.05490654205607476
ultimate,2023-01-03,GFN,cloud_gpu,Ultimate / RTX 4080,https://nvidianews.nvidia.com/news/nvidia-brings-rtx-4080-to-geforce-now,2026-09-20,Official announcement publication date (day-level),CES announcement bundle; not the later server-rollout date.,,-2,2023-01-01,17,0.2944176470588235,3.176470588235294,0.2941176470588235,0.2941176470588235,pre,True,0.09679999999999998,2.5093457943925235,0.3317757009345794,0.42990654205607476,0.1976176470588235,0.6671247938427705,-0.03765805387575594,-0.13578889499725127
ultimate,2023-01-03,GFN,cloud_gpu,Ultimate / RTX 4080,https://nvidianews.nvidia.com/news/nvidia-brings-rtx-4080-to-geforce-now,2026-09-20,Official announcement publication date (day-level),CES announcement bundle; not the later server-rollout date.,,-1,2023-01-02,13,0.1694846153846154,2.3846153846153846,0.3076923076923077,0.4615384615384615,pre,True,0.09679999999999998,2.5093457943925235,0.3317757009345794,0.42990654205607476,0.07268461538461542,-0.1247304097771389,-0.02408339324227171,0.03163191948238675
ultimate,2023-01-03,GFN,cloud_gpu,Ultimate / RTX 4080,https://nvidianews.nvidia.com/news/nvidia-brings-rtx-4080-to-geforce-now,2026-09-20,Official announcement publication date (day-level),CES announcement bundle; not the later server-rollout date.,,0,2023-01-03,7,0.2897571428571428,1.8571428571428568,0.1428571428571428,0.5714285714285714,announcement_day,True,0.09679999999999998,2.5093457943925235,0.3317757009345794,0.42990654205607476,0.19295714285714283,-0.6522029372496667,-0.18891855807743663,0.14152202937249664
ultimate,2023-01-03,GFN,cloud_gpu,Ultimate / RTX 4080,https://nvidianews.nvidia.com/news/nvidia-brings-rtx-4080-to-geforce-now,2026-09-20,Official announcement publication date (day-level),CES announcement bundle; not the later server-rollout date.,,1,2023-01-04,15,0.2245333333333333,2.333333333333333,0.2,0.6,post,True,0.09679999999999998,2.5093457943925235,0.3317757009345794,0.42990654205607476,0.1277333333333333,-0.17601246105919044,-0.1317757009345794,0.17009345794392522
ultimate,2023-01-03,GFN,cloud_gpu,Ultimate / RTX 4080,https://nvidianews.nvidia.com/news/nvidia-brings-rtx-4080-to-geforce-now,2026-09-20,Official announcement publication date (day-level),CES announcement bundle; not the later server-rollout date.,,2,2023-01-05,13,0.1127384615384615,2.3076923076923075,0.2307692307692307,0.6153846153846154,post,True,0.09679999999999998,2.5093457943925235,0.3317757009345794,0.42990654205607476,0.015938461538461512,-0.201653486700216,-0.10100647016534872,0.18547807332854066
ultimate,2023-01-03,GFN,cloud_gpu,Ultimate / RTX 4080,https://nvidianews.nvidia.com/news/nvidia-brings-rtx-4080-to-geforce-now,2026-09-20,Official announcement publication date (day-level),CES announcement bundle; not the later server-rollout date.,,3,2023-01-06,9,0.3113111111111111,2.0,0.2222222222222222,0.4444444444444444,post,True,0.09679999999999998,2.5093457943925235,0.3317757009345794,0.42990654205607476,0.2145111111111111,-0.5093457943925235,-0.10955347871235721,0.014537902388369661
ultimate,2023-01-03,GFN,cloud_gpu,Ultimate / RTX 4080,https://nvidianews.nvidia.com/news/nvidia-brings-rtx-4080-to-geforce-now,2026-09-20,Official announcement publication date (day-level),CES announcement bundle; not the later server-rollout date.,,4,2023-01-07,11,0.093690909090909,2.0,0.2727272727272727,0.4545454545454545,post,True,0.09679999999999998,2.5093457943925235,0.3317757009345794,0.42990654205607476,-0.003109090909090978,-0.5093457943925235,-0.059048428207306713,0.024638912489379716
ultimate,2023-01-03,GFN,cloud_gpu,Ultimate / RTX 4080,https://nvidianews.nvidia.com/news/nvidia-brings-rtx-4080-to-geforce-now,2026-09-20,Official announcement publication date (day-level),CES announcement bundle; not the later server-rollout date.,,5,2023-01-08,18,0.1768333333333333,1.5,0.2777777777777778,0.7222222222222222,post,True,0.09679999999999998,2.5093457943925235,0.3317757009345794,0.42990654205607476,0.0800333333333333,-1.0093457943925235,-0.05399792315680163,0.29231568016614745
ultimate,2023-01-03,GFN,cloud_gpu,Ultimate / RTX 4080,https://nvidianews.nvidia.com/news/nvidia-brings-rtx-4080-to-geforce-now,2026-09-20,Official announcement publication date (day-level),CES announcement bundle; not the later server-rollout date.,,6,2023-01-09,8,0.1153874999999999,2.625,0.375,0.5,post,True,0.09679999999999998,2.5093457943925235,0.3317757009345794,0.42990654205607476,0.018587499999999924,0.11565420560747652,0.04322429906542058,0.07009345794392524
ultimate,2023-01-03,GFN,cloud_gpu,Ultimate / RTX 4080,https://nvidianews.nvidia.com/news/nvidia-brings-rtx-4080-to-geforce-now,2026-09-20,Official announcement publication date (day-level),CES announcement bundle; not the later server-rollout date.,,7,2023-01-10,11,0.0124454545454545,2.272727272727273,0.3636363636363636,0.5454545454545454,post,True,0.09679999999999998,2.5093457943925235,0.3317757009345794,0.42990654205607476,-0.08435454545454549,-0.23661852166525055,0.03186066270178417,0.11554800339847066
ultimate,2023-01-03,GFN,cloud_gpu,Ultimate / RTX 4080,https://nvidianews.nvidia.com/news/nvidia-brings-rtx-4080-to-geforce-now,2026-09-20,Official announcement publication date (day-level),CES announcement bundle; not the later server-rollout date.,,8,2023-01-11,10,0.2445599999999999,3.7,0.1,0.1,post,True,0.09679999999999998,2.5093457943925235,0.3317757009345794,0.42990654205607476,0.1477599999999999,1.1906542056074767,-0.23177570093457942,-0.3299065420560747
ultimate,2023-01-03,GFN,cloud_gpu,Ultimate / RTX 4080,https://nvidianews.nvidia.com/news/nvidia-brings-rtx-4080-to-geforce-now,2026-09-20,Official announcement publication date (day-level),CES announcement bundle; not the later server-rollout date.,,9,2023-01-12,10,0.10545,2.6,0.3,0.6,post,True,0.09679999999999998,2.5093457943925235,0.3317757009345794,0.42990654205607476,0.008650000000000019,0.09065420560747661,-0.03177570093457943,0.17009345794392522
ultimate,2023-01-03,GFN,cloud_gpu,Ultimate / RTX 4080,https://nvidianews.nvidia.com/news/nvidia-brings-rtx-4080-to-geforce-now,2026-09-20,Official announcement publication date (day-level),CES announcement bundle; not the later server-rollout date.,,10,2023-01-13,6,0.21075,1.6666666666666667,0.1666666666666666,0.6666666666666666,post,True,0.09679999999999998,2.5093457943925235,0.3317757009345794,0.42990654205607476,0.11395000000000001,-0.8426791277258567,-0.16510903426791282,0.23676012461059187
ultimate,2023-01-03,GFN,cloud_gpu,Ultimate / RTX 4080,https://nvidianews.nvidia.com/news/nvidia-brings-rtx-4080-to-geforce-now,2026-09-20,Official announcement publication date (day-level),CES announcement bundle; not the later server-rollout date.,,11,2023-01-14,5,0.0344199999999999,2.6,0.6,0.6,post,True,0.09679999999999998,2.5093457943925235,0.3317757009345794,0.42990654205607476,-0.06238000000000008,0.09065420560747661,0.26822429906542056,0.17009345794392522
ultimate,2023-01-03,GFN,cloud_gpu,Ultimate / RTX 4080,https://nvidianews.nvidia.com/news/nvidia-brings-rtx-4080-to-geforce-now,2026-09-20,Official announcement publication date (day-level),CES announcement bundle; not the later server-rollout date.,,12,2023-01-15,19,0.2307473684210526,2.263157894736842,0.2105263157894736,0.5789473684210527,post,True,0.09679999999999998,2.5093457943925235,0.3317757009345794,0.42990654205607476,0.1339473684210526,-0.24618789965568144,-0.12124938514510583,0.1490408263649779
ultimate,2023-01-03,GFN,cloud_gpu,Ultimate / RTX 4080,https://nvidianews.nvidia.com/news/nvidia-brings-rtx-4080-to-geforce-now,2026-09-20,Official announcement publication date (day-level),CES announcement bundle; not the later server-rollout date.,,13,2023-01-16,7,0.0593857142857142,2.857142857142857,0.4285714285714285,0.4285714285714285,post,True,0.09679999999999998,2.5093457943925235,0.3317757009345794,0.42990654205607476,-0.03741428571428578,0.34779706275033373,0.09679572763684907,-0.0013351134846462664
ultimate,2023-01-03,GFN,cloud_gpu,Ultimate / RTX 4080,https://nvidianews.nvidia.com/news/nvidia-brings-rtx-4080-to-geforce-now,2026-09-20,Official announcement publication date (day-level),CES announcement bundle; not the later server-rollout date.,,14,2023-01-17,6,0.25635,2.1666666666666665,0.1666666666666666,0.6666666666666666,post,True,0.09679999999999998,2.5093457943925235,0.3317757009345794,0.42990654205607476,0.15955000000000003,-0.34267912772585696,-0.16510903426791282,0.23676012461059187
daypasses,2024-01-08,GFN,membership_features,Day Passes + G-SYNC (CES),https://blogs.nvidia.com/blog/ces-2024-geforce-now-activision-blizzard-day-passes-g-sync/,2026-09-20,Official announcement publication date (day-level),"Announcement, not later Day Pass availability; games and streaming updates bundled.",,-28,2023-12-11,3,0.0587666666666666,3.333333333333333,0.3333333333333333,0.0,earlier_pre,True,0.09563265306122447,2.204081632653061,0.2857142857142857,0.5204081632653061,-0.03686598639455787,1.129251700680272,0.047619047619047616,-0.5204081632653061
daypasses,2024-01-08,GFN,membership_features,Day Passes + G-SYNC (CES),https://blogs.nvidia.com/blog/ces-2024-geforce-now-activision-blizzard-day-passes-g-sync/,2026-09-20,Official announcement publication date (day-level),"Announcement, not later Day Pass availability; games and streaming updates bundled.",,-27,2023-12-12,4,-0.120625,2.0,0.25,0.75,earlier_pre,True,0.09563265306122447,2.204081632653061,0.2857142857142857,0.5204081632653061,-0.21625765306122446,-0.204081632653061,-0.0357142857142857,0.22959183673469385
daypasses,2024-01-08,GFN,membership_features,Day Passes + G-SYNC (CES),https://blogs.nvidia.com/blog/ces-2024-geforce-now-activision-blizzard-day-passes-g-sync/,2026-09-20,Official announcement publication date (day-level),"Announcement, not later Day Pass availability; games and streaming updates bundled.",,-26,2023-12-13,8,0.34165,2.375,0.0,0.5,earlier_pre,True,0.09563265306122447,2.204081632653061,0.2857142857142857,0.5204081632653061,0.24601734693877553,0.170918367346939,-0.2857142857142857,-0.020408163265306145
daypasses,2024-01-08,GFN,membership_features,Day Passes + G-SYNC (CES),https://blogs.nvidia.com/blog/ces-2024-geforce-now-activision-blizzard-day-passes-g-sync/,2026-09-20,Official announcement publication date (day-level),"Announcement, not later Day Pass availability; games and streaming updates bundled.",,-25,2023-12-14,4,0.1371,2.25,0.25,0.25,earlier_pre,True,0.09563265306122447,2.204081632653061,0.2857142857142857,0.5204081632653061,0.04146734693877553,0.04591836734693899,-0.0357142857142857,-0.27040816326530615
daypasses,2024-01-08,GFN,membership_features,Day Passes + G-SYNC (CES),https://blogs.nvidia.com/blog/ces-2024-geforce-now-activision-blizzard-day-passes-g-sync/,2026-09-20,Official announcement publication date (day-level),"Announcement, not later Day Pass availability; games and streaming updates bundled.",,-24,2023-12-15,5,0.16194,2.2,0.2,0.4,earlier_pre,True,0.09563265306122447,2.204081632653061,0.2857142857142857,0.5204081632653061,0.06630734693877553,-0.004081632653060829,-0.08571428571428569,-0.12040816326530612
daypasses,2024-01-08,GFN,membership_features,Day Passes + G-SYNC (CES),https://blogs.nvidia.com/blog/ces-2024-geforce-now-activision-blizzard-day-passes-g-sync/,2026-09-20,Official announcement publication date (day-level),"Announcement, not later Day Pass availability; games and streaming updates bundled.",,-23,2023-12-16,9,0.2763333333333333,1.8888888888888888,0.2222222222222222,0.7777777777777778,earlier_pre,True,0.09563265306122447,2.204081632653061,0.2857142857142857,0.5204081632653061,0.18070068027210884,-0.31519274376417217,-0.06349206349206349,0.25736961451247165
daypasses,2024-01-08,GFN,membership_features,Day Passes + G-SYNC (CES),https://blogs.nvidia.com/blog/ces-2024-geforce-now-activision-blizzard-day-passes-g-sync/,2026-09-20,Official announcement publication date (day-level),"Announcement, not later Day Pass availability; games and streaming updates bundled.",,-22,2023-12-17,9,-0.0683999999999999,1.5555555555555556,0.4444444444444444,0.7777777777777778,earlier_pre,True,0.09563265306122447,2.204081632653061,0.2857142857142857,0.5204081632653061,-0.1640326530612244,-0.6485260770975054,0.15873015873015872,0.25736961451247165
daypasses,2024-01-08,GFN,membership_features,Day Passes + G-SYNC (CES),https://blogs.nvidia.com/blog/ces-2024-geforce-now-activision-blizzard-day-passes-g-sync/,2026-09-20,Official announcement publication date (day-level),"Announcement, not later Day Pass availability; games and streaming updates bundled.",,-21,2023-12-18,13,0.1999923076923077,2.6153846153846154,0.1538461538461538,0.5384615384615384,earlier_pre,True,0.09563265306122447,2.204081632653061,0.2857142857142857,0.5204081632653061,0.10435965463108322,0.4113029827315544,-0.1318681318681319,0.01805337519623229
daypasses,2024-01-08,GFN,membership_features,Day Passes + G-SYNC (CES),https://blogs.nvidia.com/blog/ces-2024-geforce-now-activision-blizzard-day-passes-g-sync/,2026-09-20,Official announcement publication date (day-level),"Announcement, not later Day Pass availability; games and streaming updates bundled.",,-20,2023-12-19,6,0.1398333333333333,1.3333333333333333,0.3333333333333333,0.6666666666666666,earlier_pre,True,0.09563265306122447,2.204081632653061,0.2857142857142857,0.5204081632653061,0.04420068027210884,-0.8707482993197277,0.047619047619047616,0.14625850340136048
daypasses,2024-01-08,GFN,membership_features,Day Passes + G-SYNC (CES),https://blogs.nvidia.com/blog/ces-2024-geforce-now-activision-blizzard-day-passes-g-sync/,2026-09-20,Official announcement publication date (day-level),"Announcement, not later Day Pass availability; games and streaming updates bundled.",,-19,2023-12-20,6,0.0741333333333333,1.0,0.1666666666666666,1.0,earlier_pre,True,0.09563265306122447,2.204081632653061,0.2857142857142857,0.5204081632653061,-0.021499319727891167,-1.204081632653061,-0.1190476190476191,0.47959183673469385
daypasses,2024-01-08,GFN,membership_features,Day Passes + G-SYNC (CES),https://blogs.nvidia.com/blog/ces-2024-geforce-now-activision-blizzard-day-passes-g-sync/,2026-09-20,Official announcement publication date (day-level),"Announcement, not later Day Pass availability; games and streaming updates bundled.",,-18,2023-12-21,10,0.0191799999999999,1.1,0.3,0.9,earlier_pre,True,0.09563265306122447,2.204081632653061,0.2857142857142857,0.5204081632653061,-0.07645265306122456,-1.104081632653061,0.01428571428571429,0.3795918367346939
daypasses,2024-01-08,GFN,membership_features,Day Passes + G-SYNC (CES),https://blogs.nvidia.com/blog/ces-2024-geforce-now-activision-blizzard-day-passes-g-sync/,2026-09-20,Official announcement publication date (day-level),"Announcement, not later Day Pass availability; games and streaming updates bundled.",,-17,2023-12-22,8,0.194625,2.25,0.25,0.5,earlier_pre,True,0.09563265306122447,2.204081632653061,0.2857142857142857,0.5204081632653061,0.09899234693877552,0.04591836734693899,-0.0357142857142857,-0.020408163265306145
daypasses,2024-01-08,GFN,membership_features,Day Passes + G-SYNC (CES),https://blogs.nvidia.com/blog/ces-2024-geforce-now-activision-blizzard-day-passes-g-sync/,2026-09-20,Official announcement publication date (day-level),"Announcement, not later Day Pass availability; games and streaming updates bundled.",,-16,2023-12-23,7,-0.0383714285714285,1.2857142857142858,0.4285714285714285,0.8571428571428571,earlier_pre,True,0.09563265306122447,2.204081632653061,0.2857142857142857,0.5204081632653061,-0.13400408163265298,-0.9183673469387752,0.1428571428571428,0.33673469387755095
daypasses,2024-01-08,GFN,membership_features,Day Passes + G-SYNC (CES),https://blogs.nvidia.com/blog/ces-2024-geforce-now-activision-blizzard-day-passes-g-sync/,2026-09-20,Official announcement publication date (day-level),"Announcement, not later Day Pass availability; games and streaming updates bundled.",,-15,2023-12-24,6,-0.0444333333333333,1.0,0.1666666666666666,1.0,earlier_pre,True,0.09563265306122447,2.204081632653061,0.2857142857142857,0.5204081632653061,-0.14006598639455775,-1.204081632653061,-0.1190476190476191,0.47959183673469385
daypasses,2024-01-08,GFN,membership_features,Day Passes + G-SYNC (CES),https://blogs.nvidia.com/blog/ces-2024-geforce-now-activision-blizzard-day-passes-g-sync/,2026-09-20,Official announcement publication date (day-level),"Announcement, not later Day Pass availability; games and streaming updates bundled.",,-14,2023-12-25,8,0.1901875,2.375,0.25,0.5,pre,True,0.09563265306122447,2.204081632653061,0.2857142857142857,0.5204081632653061,0.09455484693877554,0.170918367346939,-0.0357142857142857,-0.020408163265306145
daypasses,2024-01-08,GFN,membership_features,Day Passes + G-SYNC (CES),https://blogs.nvidia.com/blog/ces-2024-geforce-now-activision-blizzard-day-passes-g-sync/,2026-09-20,Official announcement publication date (day-level),"Announcement, not later Day Pass availability; games and streaming updates bundled.",,-13,2023-12-26,10,-0.13783,2.2,0.4,0.4,pre,True,0.09563265306122447,2.204081632653061,0.2857142857142857,0.5204081632653061,-0.2334626530612245,-0.004081632653060829,0.11428571428571432,-0.12040816326530612
daypasses,2024-01-08,GFN,membership_features,Day Passes + G-SYNC (CES),https://blogs.nvidia.com/blog/ces-2024-geforce-now-activision-blizzard-day-passes-g-sync/,2026-09-20,Official announcement publication date (day-level),"Announcement, not later Day Pass availability; games and streaming updates bundled.",,-12,2023-12-27,13,0.2556461538461538,2.076923076923077,0.0769230769230769,0.5384615384615384,pre,True,0.09563265306122447,2.204081632653061,0.2857142857142857,0.5204081632653061,0.16001350078492932,-0.1271585557299839,-0.2087912087912088,0.01805337519623229
daypasses,2024-01-08,GFN,membership_features,Day Passes + G-SYNC (CES),https://blogs.nvidia.com/blog/ces-2024-geforce-now-activision-blizzard-day-passes-g-sync/,2026-09-20,Official announcement publication date (day-level),"Announcement, not later Day Pass availability; games and streaming updates bundled.",,-11,2023-12-28,7,0.0628857142857143,2.7142857142857144,0.5714285714285714,0.4285714285714285,pre,True,0.09563265306122447,2.204081632653061,0.2857142857142857,0.5204081632653061,-0.03274693877551017,0.5102040816326534,0.2857142857142857,-0.09183673469387765
daypasses,2024-01-08,GFN,membership_features,Day Passes + G-SYNC (CES),https://blogs.nvidia.com/blog/ces-2024-geforce-now-activision-blizzard-day-passes-g-sync/,2026-09-20,Official announcement publication date (day-level),"Announcement, not later Day Pass availability; games and streaming updates bundled.",,-10,2023-12-29,4,0.3638,3.5,0.25,0.25,pre,True,0.09563265306122447,2.204081632653061,0.2857142857142857,0.5204081632653061,0.26816734693877553,1.295918367346939,-0.0357142857142857,-0.27040816326530615
daypasses,2024-01-08,GFN,membership_features,Day Passes + G-SYNC (CES),https://blogs.nvidia.com/blog/ces-2024-geforce-now-activision-blizzard-day-passes-g-sync/,2026-09-20,Official announcement publication date (day-level),"Announcement, not later Day Pass availability; games and streaming updates bundled.",,-9,2023-12-30,3,-0.0364,2.0,0.3333333333333333,0.6666666666666666,pre,True,0.09563265306122447,2.204081632653061,0.2857142857142857,0.5204081632653061,-0.13203265306122447,-0.204081632653061,0.047619047619047616,0.14625850340136048
daypasses,2024-01-08,GFN,membership_features,Day Passes + G-SYNC (CES),https://blogs.nvidia.com/blog/ces-2024-geforce-now-activision-blizzard-day-passes-g-sync/,2026-09-20,Official announcement publication date (day-level),"Announcement, not later Day Pass availability; games and streaming updates bundled.",,-8,2023-12-31,8,0.1221125,1.625,0.25,0.75,pre,True,0.09563265306122447,2.204081632653061,0.2857142857142857,0.5204081632653061,0.02647984693877553,-0.579081632653061,-0.0357142857142857,0.22959183673469385
daypasses,2024-01-08,GFN,membership_features,Day Passes + G-SYNC (CES),https://blogs.nvidia.com/blog/ces-2024-geforce-now-activision-blizzard-day-passes-g-sync/,2026-09-20,Official announcement publication date (day-level),"Announcement, not later Day Pass availability; games and streaming updates bundled.",,-7,2024-01-01,3,0.2423,1.0,0.0,1.0,pre,True,0.09563265306122447,2.204081632653061,0.2857142857142857,0.5204081632653061,0.14666734693877553,-1.204081632653061,-0.2857142857142857,0.47959183673469385
daypasses,2024-01-08,GFN,membership_features,Day Passes + G-SYNC (CES),https://blogs.nvidia.com/blog/ces-2024-geforce-now-activision-blizzard-day-passes-g-sync/,2026-09-20,Official announcement publication date (day-level),"Announcement, not later Day Pass availability; games and streaming updates bundled.",,-6,2024-01-02,9,-0.1153777777777778,1.4444444444444444,0.4444444444444444,0.7777777777777778,pre,True,0.09563265306122447,2.204081632653061,0.2857142857142857,0.5204081632653061,-0.21101043083900228,-0.7596371882086166,0.15873015873015872,0.25736961451247165
daypasses,2024-01-08,GFN,membership_features,Day Passes + G-SYNC (CES),https://blogs.nvidia.com/blog/ces-2024-geforce-now-activision-blizzard-day-passes-g-sync/,2026-09-20,Official announcement publication date (day-level),"Announcement, not later Day Pass availability; games and streaming updates bundled.",,-5,2024-01-03,5,0.0537599999999999,2.4,0.2,0.4,pre,True,0.09563265306122447,2.204081632653061,0.2857142857142857,0.5204081632653061,-0.04187265306122457,0.1959183673469389,-0.08571428571428569,-0.12040816326530612
daypasses,2024-01-08,GFN,membership_features,Day Passes + G-SYNC (CES),https://blogs.nvidia.com/blog/ces-2024-geforce-now-activision-blizzard-day-passes-g-sync/,2026-09-20,Official announcement publication date (day-level),"Announcement, not later Day Pass availability; games and streaming updates bundled.",,-4,2024-01-04,6,-0.1113333333333333,1.6666666666666667,0.6666666666666666,0.8333333333333334,pre,True,0.09563265306122447,2.204081632653061,0.2857142857142857,0.5204081632653061,-0.20696598639455777,-0.5374149659863943,0.38095238095238093,0.3129251700680272
daypasses,2024-01-08,GFN,membership_features,Day Passes + G-SYNC (CES),https://blogs.nvidia.com/blog/ces-2024-geforce-now-activision-blizzard-day-passes-g-sync/,2026-09-20,Official announcement publication date (day-level),"Announcement, not later Day Pass availability; games and streaming updates bundled.",,-3,2024-01-05,7,0.0436571428571428,2.2857142857142856,0.2857142857142857,0.2857142857142857,pre,True,0.09563265306122447,2.204081632653061,0.2857142857142857,0.5204081632653061,-0.05197551020408167,0.08163265306122458,0.0,-0.23469387755102045
daypasses,2024-01-08,GFN,membership_features,Day Passes + G-SYNC (CES),https://blogs.nvidia.com/blog/ces-2024-geforce-now-activision-blizzard-day-passes-g-sync/,2026-09-20,Official announcement publication date (day-level),"Announcement, not later Day Pass availability; games and streaming updates bundled.",,-2,2024-01-06,4,0.35385,2.5,0.0,0.25,pre,True,0.09563265306122447,2.204081632653061,0.2857142857142857,0.5204081632653061,0.2582173469387755,0.295918367346939,-0.2857142857142857,-0.27040816326530615
daypasses,2024-01-08,GFN,membership_features,Day Passes + G-SYNC (CES),https://blogs.nvidia.com/blog/ces-2024-geforce-now-activision-blizzard-day-passes-g-sync/,2026-09-20,Official announcement publication date (day-level),"Announcement, not later Day Pass availability; games and streaming updates bundled.",,-1,2024-01-07,11,0.1938181818181818,2.909090909090909,0.1818181818181818,0.3636363636363636,pre,True,0.09563265306122447,2.204081632653061,0.2857142857142857,0.5204081632653061,0.09818552875695734,0.7050092764378482,-0.1038961038961039,-0.15677179962894255
daypasses,2024-01-08,GFN,membership_features,Day Passes + G-SYNC (CES),https://blogs.nvidia.com/blog/ces-2024-geforce-now-activision-blizzard-day-passes-g-sync/,2026-09-20,Official announcement publication date (day-level),"Announcement, not later Day Pass availability; games and streaming updates bundled.",,0,2024-01-08,8,0.0677374999999999,2.375,0.375,0.5,announcement_day,True,0.09563265306122447,2.204081632653061,0.2857142857142857,0.5204081632653061,-0.027895153061224573,0.170918367346939,0.0892857142857143,-0.020408163265306145
daypasses,2024-01-08,GFN,membership_features,Day Passes + G-SYNC (CES),https://blogs.nvidia.com/blog/ces-2024-geforce-now-activision-blizzard-day-passes-g-sync/,2026-09-20,Official announcement publication date (day-level),"Announcement, not later Day Pass availability; games and streaming updates bundled.",,1,2024-01-09,2,0.31975,3.0,0.5,0.5,post,True,0.09563265306122447,2.204081632653061,0.2857142857142857,0.5204081632653061,0.2241173469387755,0.795918367346939,0.2142857142857143,-0.020408163265306145
daypasses,2024-01-08,GFN,membership_features,Day Passes + G-SYNC (CES),https://blogs.nvidia.com/blog/ces-2024-geforce-now-activision-blizzard-day-passes-g-sync/,2026-09-20,Official announcement publication date (day-level),"Announcement, not later Day Pass availability; games and streaming updates bundled.",,2,2024-01-10,4,-0.175225,1.0,0.75,1.0,post,True,0.09563265306122447,2.204081632653061,0.2857142857142857,0.5204081632653061,-0.27085765306122445,-1.204081632653061,0.4642857142857143,0.47959183673469385
daypasses,2024-01-08,GFN,membership_features,Day Passes + G-SYNC (CES),https://blogs.nvidia.com/blog/ces-2024-geforce-now-activision-blizzard-day-passes-g-sync/,2026-09-20,Official announcement publication date (day-level),"Announcement, not later Day Pass availability; games and streaming updates bundled.",,3,2024-01-11,4,0.0047999999999999,2.0,0.25,0.75,post,True,0.09563265306122447,2.204081632653061,0.2857142857142857,0.5204081632653061,-0.09083265306122457,-0.204081632653061,-0.0357142857142857,0.22959183673469385
daypasses,2024-01-08,GFN,membership_features,Day Passes + G-SYNC (CES),https://blogs.nvidia.com/blog/ces-2024-geforce-now-activision-blizzard-day-passes-g-sync/,2026-09-20,Official announcement publication date (day-level),"Announcement, not later Day Pass availability; games and streaming updates bundled.",,4,2024-01-12,4,0.0588999999999999,2.25,0.5,0.25,post,True,0.09563265306122447,2.204081632653061,0.2857142857142857,0.5204081632653061,-0.03673265306122457,0.04591836734693899,0.2142857142857143,-0.27040816326530615
daypasses,2024-01-08,GFN,membership_features,Day Passes + G-SYNC (CES),https://blogs.nvidia.com/blog/ces-2024-geforce-now-activision-blizzard-day-passes-g-sync/,2026-09-20,Official announcement publication date (day-level),"Announcement, not later Day Pass availability; games and streaming updates bundled.",,5,2024-01-13,8,0.2759375,2.25,0.25,0.5,post,True,0.09563265306122447,2.204081632653061,0.2857142857142857,0.5204081632653061,0.18030484693877552,0.04591836734693899,-0.0357142857142857,-0.020408163265306145
daypasses,2024-01-08,GFN,membership_features,Day Passes + G-SYNC (CES),https://blogs.nvidia.com/blog/ces-2024-geforce-now-activision-blizzard-day-passes-g-sync/,2026-09-20,Official announcement publication date (day-level),"Announcement, not later Day Pass availability; games and streaming updates bundled.",,6,2024-01-14,12,-0.3362333333333333,1.9166666666666667,0.6666666666666666,0.5833333333333334,post,True,0.09563265306122447,2.204081632653061,0.2857142857142857,0.5204081632653061,-0.43186598639455775,-0.28741496598639427,0.38095238095238093,0.06292517006802723
daypasses,2024-01-08,GFN,membership_features,Day Passes + G-SYNC (CES),https://blogs.nvidia.com/blog/ces-2024-geforce-now-activision-blizzard-day-passes-g-sync/,2026-09-20,Official announcement publication date (day-level),"Announcement, not later Day Pass availability; games and streaming updates bundled.",,7,2024-01-15,4,0.6854,2.5,0.0,0.5,post,True,0.09563265306122447,2.204081632653061,0.2857142857142857,0.5204081632653061,0.5897673469387755,0.295918367346939,-0.2857142857142857,-0.020408163265306145
daypasses,2024-01-08,GFN,membership_features,Day Passes + G-SYNC (CES),https://blogs.nvidia.com/blog/ces-2024-geforce-now-activision-blizzard-day-passes-g-sync/,2026-09-20,Official announcement publication date (day-level),"Announcement, not later Day Pass availability; games and streaming updates bundled.",,8,2024-01-16,6,0.2440666666666666,3.1666666666666665,0.1666666666666666,0.3333333333333333,post,True,0.09563265306122447,2.204081632653061,0.2857142857142857,0.5204081632653061,0.14843401360544212,0.9625850340136055,-0.1190476190476191,-0.18707482993197283
daypasses,2024-01-08,GFN,membership_features,Day Passes + G-SYNC (CES),https://blogs.nvidia.com/blog/ces-2024-geforce-now-activision-blizzard-day-passes-g-sync/,2026-09-20,Official announcement publication date (day-level),"Announcement, not later Day Pass availability; games and streaming updates bundled.",,9,2024-01-17,4,-0.1997499999999999,2.25,0.75,0.5,post,True,0.09563265306122447,2.204081632653061,0.2857142857142857,0.5204081632653061,-0.29538265306122435,0.04591836734693899,0.4642857142857143,-0.020408163265306145
daypasses,2024-01-08,GFN,membership_features,Day Passes + G-SYNC (CES),https://blogs.nvidia.com/blog/ces-2024-geforce-now-activision-blizzard-day-passes-g-sync/,2026-09-20,Official announcement publication date (day-level),"Announcement, not later Day Pass availability; games and streaming updates bundled.",,10,2024-01-18,3,-0.0791333333333333,2.333333333333333,0.3333333333333333,0.6666666666666666,post,True,0.09563265306122447,2.204081632653061,0.2857142857142857,0.5204081632653061,-0.17476598639455776,0.12925170068027203,0.047619047619047616,0.14625850340136048
daypasses,2024-01-08,GFN,membership_features,Day Passes + G-SYNC (CES),https://blogs.nvidia.com/blog/ces-2024-geforce-now-activision-blizzard-day-passes-g-sync/,2026-09-20,Official announcement publication date (day-level),"Announcement, not later Day Pass availability; games and streaming updates bundled.",,11,2024-01-19,4,0.108525,2.0,0.0,0.75,post,True,0.09563265306122447,2.204081632653061,0.2857142857142857,0.5204081632653061,0.012892346938775529,-0.204081632653061,-0.2857142857142857,0.22959183673469385
daypasses,2024-01-08,GFN,membership_features,Day Passes + G-SYNC (CES),https://blogs.nvidia.com/blog/ces-2024-geforce-now-activision-blizzard-day-passes-g-sync/,2026-09-20,Official announcement publication date (day-level),"Announcement, not later Day Pass availability; games and streaming updates bundled.",,12,2024-01-20,6,0.2281833333333333,3.5,0.1666666666666666,0.1666666666666666,post,True,0.09563265306122447,2.204081632653061,0.2857142857142857,0.5204081632653061,0.1325506802721088,1.295918367346939,-0.1190476190476191,-0.3537414965986395
daypasses,2024-01-08,GFN,membership_features,Day Passes + G-SYNC (CES),https://blogs.nvidia.com/blog/ces-2024-geforce-now-activision-blizzard-day-passes-g-sync/,2026-09-20,Official announcement publication date (day-level),"Announcement, not later Day Pass availability; games and streaming updates bundled.",,13,2024-01-21,6,0.2954666666666667,2.0,0.1666666666666666,0.6666666666666666,post,True,0.09563265306122447,2.204081632653061,0.2857142857142857,0.5204081632653061,0.19983401360544223,-0.204081632653061,-0.1190476190476191,0.14625850340136048
daypasses,2024-01-08,GFN,membership_features,Day Passes + G-SYNC (CES),https://blogs.nvidia.com/blog/ces-2024-geforce-now-activision-blizzard-day-passes-g-sync/,2026-09-20,Official announcement publication date (day-level),"Announcement, not later Day Pass availability; games and streaming updates bundled.",,14,2024-01-22,4,0.2649,3.0,0.25,0.5,post,True,0.09563265306122447,2.204081632653061,0.2857142857142857,0.5204081632653061,0.16926734693877554,0.795918367346939,-0.0357142857142857,-0.020408163265306145
performance,2024-11-07,GFN,membership_policy,Performance + playtime policy,https://blogs.nvidia.com/blog/geforce-now-thursday-performance-membership/,2026-09-20,Official announcement publication date (day-level),Performance upgrade and future 100-hour policy announced together; cannot isolate either.,,-28,2024-10-10,5,0.31608,3.4,0.4,0.2,earlier_pre,True,0.1994014705882353,2.823529411764706,0.25,0.47058823529411764,0.11667852941176474,0.5764705882352938,0.15000000000000002,-0.27058823529411763
performance,2024-11-07,GFN,membership_policy,Performance + playtime policy,https://blogs.nvidia.com/blog/geforce-now-thursday-performance-membership/,2026-09-20,Official announcement publication date (day-level),Performance upgrade and future 100-hour policy announced together; cannot isolate either.,,-27,2024-10-11,6,0.2279166666666666,3.0,0.5,0.5,earlier_pre,True,0.1994014705882353,2.823529411764706,0.25,0.47058823529411764,0.02851519607843131,0.17647058823529393,0.25,0.02941176470588236
performance,2024-11-07,GFN,membership_policy,Performance + playtime policy,https://blogs.nvidia.com/blog/geforce-now-thursday-performance-membership/,2026-09-20,Official announcement publication date (day-level),Performance upgrade and future 100-hour policy announced together; cannot isolate either.,,-26,2024-10-12,2,0.0,1.0,0.5,1.0,earlier_pre,True,0.1994014705882353,2.823529411764706,0.25,0.47058823529411764,-0.1994014705882353,-1.823529411764706,0.25,0.5294117647058824
performance,2024-11-07,GFN,membership_policy,Performance + playtime policy,https://blogs.nvidia.com/blog/geforce-now-thursday-performance-membership/,2026-09-20,Official announcement publication date (day-level),Performance upgrade and future 100-hour policy announced together; cannot isolate either.,,-25,2024-10-13,3,0.3402,4.666666666666667,0.3333333333333333,0.0,earlier_pre,True,0.1994014705882353,2.823529411764706,0.25,0.47058823529411764,0.1407985294117647,1.843137254901961,0.08333333333333331,-0.47058823529411764
performance,2024-11-07,GFN,membership_policy,Performance + playtime policy,https://blogs.nvidia.com/blog/geforce-now-thursday-performance-membership/,2026-09-20,Official announcement publication date (day-level),Performance upgrade and future 100-hour policy announced together; cannot isolate either.,,-24,2024-10-14,8,0.5175375,3.125,0.0,0.375,earlier_pre,True,0.1994014705882353,2.823529411764706,0.25,0.47058823529411764,0.31813602941176466,0.30147058823529393,-0.25,-0.09558823529411764
performance,2024-11-07,GFN,membership_policy,Performance + playtime policy,https://blogs.nvidia.com/blog/geforce-now-thursday-performance-membership/,2026-09-20,Official announcement publication date (day-level),Performance upgrade and future 100-hour policy announced together; cannot isolate either.,,-23,2024-10-15,3,0.2298,2.333333333333333,0.0,0.6666666666666666,earlier_pre,True,0.1994014705882353,2.823529411764706,0.25,0.47058823529411764,0.030398529411764713,-0.49019607843137303,-0.25,0.196078431372549
performance,2024-11-07,GFN,membership_policy,Performance + playtime policy,https://blogs.nvidia.com/blog/geforce-now-thursday-performance-membership/,2026-09-20,Official announcement publication date (day-level),Performance upgrade and future 100-hour policy announced together; cannot isolate either.,,-22,2024-10-16,1,0.5859,5.0,0.0,0.0,earlier_pre,True,0.1994014705882353,2.823529411764706,0.25,0.47058823529411764,0.38649852941176466,2.176470588235294,-0.25,-0.47058823529411764
performance,2024-11-07,GFN,membership_policy,Performance + playtime policy,https://blogs.nvidia.com/blog/geforce-now-thursday-performance-membership/,2026-09-20,Official announcement publication date (day-level),Performance upgrade and future 100-hour policy announced together; cannot isolate either.,,-21,2024-10-17,4,0.0450249999999999,3.0,0.5,0.5,earlier_pre,True,0.1994014705882353,2.823529411764706,0.25,0.47058823529411764,-0.1543764705882354,0.17647058823529393,0.25,0.02941176470588236
performance,2024-11-07,GFN,membership_policy,Performance + playtime policy,https://blogs.nvidia.com/blog/geforce-now-thursday-performance-membership/,2026-09-20,Official announcement publication date (day-level),Performance upgrade and future 100-hour policy announced together; cannot isolate either.,,-20,2024-10-18,4,0.254075,2.0,0.25,0.5,earlier_pre,True,0.1994014705882353,2.823529411764706,0.25,0.47058823529411764,0.054673529411764704,-0.8235294117647061,0.0,0.02941176470588236
performance,2024-11-07,GFN,membership_policy,Performance + playtime policy,https://blogs.nvidia.com/blog/geforce-now-thursday-performance-membership/,2026-09-20,Official announcement publication date (day-level),Performance upgrade and future 100-hour policy announced together; cannot isolate either.,,-19,2024-10-19,5,0.2525,3.2,0.2,0.4,earlier_pre,True,0.1994014705882353,2.823529411764706,0.25,0.47058823529411764,0.05309852941176471,0.3764705882352941,-0.04999999999999999,-0.07058823529411762
performance,2024-11-07,GFN,membership_policy,Performance + playtime policy,https://blogs.nvidia.com/blog/geforce-now-thursday-performance-membership/,2026-09-20,Official announcement publication date (day-level),Performance upgrade and future 100-hour policy announced together; cannot isolate either.,,-18,2024-10-20,9,0.0283777777777777,1.8888888888888888,0.4444444444444444,0.7777777777777778,earlier_pre,True,0.1994014705882353,2.823529411764706,0.25,0.47058823529411764,-0.1710236928104576,-0.9346405228758172,0.19444444444444442,0.30718954248366015
performance,2024-11-07,GFN,membership_policy,Performance + playtime policy,https://blogs.nvidia.com/blog/geforce-now-thursday-performance-membership/,2026-09-20,Official announcement publication date (day-level),Performance upgrade and future 100-hour policy announced together; cannot isolate either.,,-17,2024-10-21,8,0.25715,2.75,0.125,0.5,earlier_pre,True,0.1994014705882353,2.823529411764706,0.25,0.47058823529411764,0.0577485294117647,-0.07352941176470607,-0.125,0.02941176470588236
performance,2024-11-07,GFN,membership_policy,Performance + playtime policy,https://blogs.nvidia.com/blog/geforce-now-thursday-performance-membership/,2026-09-20,Official announcement publication date (day-level),Performance upgrade and future 100-hour policy announced together; cannot isolate either.,,-16,2024-10-22,4,0.73095,3.0,0.0,0.25,earlier_pre,True,0.1994014705882353,2.823529411764706,0.25,0.47058823529411764,0.5315485294117647,0.17647058823529393,-0.25,-0.22058823529411764
performance,2024-11-07,GFN,membership_policy,Performance + playtime policy,https://blogs.nvidia.com/blog/geforce-now-thursday-performance-membership/,2026-09-20,Official announcement publication date (day-level),Performance upgrade and future 100-hour policy announced together; cannot isolate either.,,-15,2024-10-23,2,-0.33775,1.0,1.0,1.0,earlier_pre,True,0.1994014705882353,2.823529411764706,0.25,0.47058823529411764,-0.5371514705882353,-1.823529411764706,0.75,0.5294117647058824
performance,2024-11-07,GFN,membership_policy,Performance + playtime policy,https://blogs.nvidia.com/blog/geforce-now-thursday-performance-membership/,2026-09-20,Official announcement publication date (day-level),Performance upgrade and future 100-hour policy announced together; cannot isolate either.,,-14,2024-10-24,4,0.250925,3.0,0.25,0.5,pre,True,0.1994014705882353,2.823529411764706,0.25,0.47058823529411764,0.05152352941176472,0.17647058823529393,0.0,0.02941176470588236
performance,2024-11-07,GFN,membership_policy,Performance + playtime policy,https://blogs.nvidia.com/blog/geforce-now-thursday-performance-membership/,2026-09-20,Official announcement publication date (day-level),Performance upgrade and future 100-hour policy announced together; cannot isolate either.,,-13,2024-10-25,7,-0.0151571428571428,1.7142857142857142,0.4285714285714285,0.7142857142857143,pre,True,0.1994014705882353,2.823529411764706,0.25,0.47058823529411764,-0.21455861344537808,-1.1092436974789919,0.1785714285714285,0.24369747899159666
performance,2024-11-07,GFN,membership_policy,Performance + playtime policy,https://blogs.nvidia.com/blog/geforce-now-thursday-performance-membership/,2026-09-20,Official announcement publication date (day-level),Performance upgrade and future 100-hour policy announced together; cannot isolate either.,,-12,2024-10-26,2,-0.53355,1.0,1.0,1.0,pre,True,0.1994014705882353,2.823529411764706,0.25,0.47058823529411764,-0.7329514705882353,-1.823529411764706,0.75,0.5294117647058824
performance,2024-11-07,GFN,membership_policy,Performance + playtime policy,https://blogs.nvidia.com/blog/geforce-now-thursday-performance-membership/,2026-09-20,Official announcement publication date (day-level),Performance upgrade and future 100-hour policy announced together; cannot isolate either.,,-11,2024-10-27,6,0.4202833333333333,3.5,0.1666666666666666,0.3333333333333333,pre,True,0.1994014705882353,2.823529411764706,0.25,0.47058823529411764,0.220881862745098,0.6764705882352939,-0.0833333333333334,-0.13725490196078433
performance,2024-11-07,GFN,membership_policy,Performance + playtime policy,https://blogs.nvidia.com/blog/geforce-now-thursday-performance-membership/,2026-09-20,Official announcement publication date (day-level),Performance upgrade and future 100-hour policy announced together; cannot isolate either.,,-10,2024-10-28,5,0.43044,3.4,0.0,0.4,pre,True,0.1994014705882353,2.823529411764706,0.25,0.47058823529411764,0.2310385294117647,0.5764705882352938,-0.25,-0.07058823529411762
performance,2024-11-07,GFN,membership_policy,Performance + playtime policy,https://blogs.nvidia.com/blog/geforce-now-thursday-performance-membership/,2026-09-20,Official announcement publication date (day-level),Performance upgrade and future 100-hour policy announced together; cannot isolate either.,,-9,2024-10-29,3,-0.0088333333333333,2.333333333333333,0.6666666666666666,0.6666666666666666,pre,True,0.1994014705882353,2.823529411764706,0.25,0.47058823529411764,-0.2082348039215686,-0.49019607843137303,0.41666666666666663,0.196078431372549
performance,2024-11-07,GFN,membership_policy,Performance + playtime policy,https://blogs.nvidia.com/blog/geforce-now-thursday-performance-membership/,2026-09-20,Official announcement publication date (day-level),Performance upgrade and future 100-hour policy announced together; cannot isolate either.,,-8,2024-10-30,3,0.4121333333333333,3.0,0.0,0.3333333333333333,pre,True,0.1994014705882353,2.823529411764706,0.25,0.47058823529411764,0.212731862745098,0.17647058823529393,-0.25,-0.13725490196078433
performance,2024-11-07,GFN,membership_policy,Performance + playtime policy,https://blogs.nvidia.com/blog/geforce-now-thursday-performance-membership/,2026-09-20,Official announcement publication date (day-level),Performance upgrade and future 100-hour policy announced together; cannot isolate either.,,-7,2024-10-31,5,0.28834,2.4,0.0,0.6,pre,True,0.1994014705882353,2.823529411764706,0.25,0.47058823529411764,0.0889385294117647,-0.42352941176470615,-0.25,0.12941176470588234
performance,2024-11-07,GFN,membership_policy,Performance + playtime policy,https://blogs.nvidia.com/blog/geforce-now-thursday-performance-membership/,2026-09-20,Official announcement publication date (day-level),Performance upgrade and future 100-hour policy announced together; cannot isolate either.,,-6,2024-11-01,5,0.2045799999999999,3.6,0.0,0.2,pre,True,0.1994014705882353,2.823529411764706,0.25,0.47058823529411764,0.00517852941176461,0.776470588235294,-0.25,-0.27058823529411763
performance,2024-11-07,GFN,membership_policy,Performance + playtime policy,https://blogs.nvidia.com/blog/geforce-now-thursday-performance-membership/,2026-09-20,Official announcement publication date (day-level),Performance upgrade and future 100-hour policy announced together; cannot isolate either.,,-5,2024-11-02,13,0.2013153846153846,2.8461538461538463,0.2307692307692307,0.4615384615384615,pre,True,0.1994014705882353,2.823529411764706,0.25,0.47058823529411764,0.0019139140271492994,0.02262443438914019,-0.0192307692307693,-0.009049773755656132
performance,2024-11-07,GFN,membership_policy,Performance + playtime policy,https://blogs.nvidia.com/blog/geforce-now-thursday-performance-membership/,2026-09-20,Official announcement publication date (day-level),Performance upgrade and future 100-hour policy announced together; cannot isolate either.,,-4,2024-11-03,2,-0.1806,1.0,0.5,1.0,pre,True,0.1994014705882353,2.823529411764706,0.25,0.47058823529411764,-0.3800014705882353,-1.823529411764706,0.25,0.5294117647058824
performance,2024-11-07,GFN,membership_policy,Performance + playtime policy,https://blogs.nvidia.com/blog/geforce-now-thursday-performance-membership/,2026-09-20,Official announcement publication date (day-level),Performance upgrade and future 100-hour policy announced together; cannot isolate either.,,-3,2024-11-04,6,0.39785,3.1666666666666665,0.1666666666666666,0.3333333333333333,pre,True,0.1994014705882353,2.823529411764706,0.25,0.47058823529411764,0.1984485294117647,0.34313725490196045,-0.0833333333333334,-0.13725490196078433
performance,2024-11-07,GFN,membership_policy,Performance + playtime policy,https://blogs.nvidia.com/blog/geforce-now-thursday-performance-membership/,2026-09-20,Official announcement publication date (day-level),Performance upgrade and future 100-hour policy announced together; cannot isolate either.,,-2,2024-11-05,3,-0.0354666666666666,4.0,0.3333333333333333,0.0,pre,True,0.1994014705882353,2.823529411764706,0.25,0.47058823529411764,-0.23486813725490188,1.176470588235294,0.08333333333333331,-0.47058823529411764
performance,2024-11-07,GFN,membership_policy,Performance + playtime policy,https://blogs.nvidia.com/blog/geforce-now-thursday-performance-membership/,2026-09-20,Official announcement publication date (day-level),Performance upgrade and future 100-hour policy announced together; cannot isolate either.,,-1,2024-11-06,4,0.2109499999999999,3.0,0.5,0.5,pre,True,0.1994014705882353,2.823529411764706,0.25,0.47058823529411764,0.011548529411764596,0.17647058823529393,0.25,0.02941176470588236
performance,2024-11-07,GFN,membership_policy,Performance + playtime policy,https://blogs.nvidia.com/blog/geforce-now-thursday-performance-membership/,2026-09-20,Official announcement publication date (day-level),Performance upgrade and future 100-hour policy announced together; cannot isolate either.,,0,2024-11-07,10,0.29931,2.3,0.4,0.6,announcement_day,True,0.1994014705882353,2.823529411764706,0.25,0.47058823529411764,0.09990852941176473,-0.5235294117647062,0.15000000000000002,0.12941176470588234
performance,2024-11-07,GFN,membership_policy,Performance + playtime policy,https://blogs.nvidia.com/blog/geforce-now-thursday-performance-membership/,2026-09-20,Official announcement publication date (day-level),Performance upgrade and future 100-hour policy announced together; cannot isolate either.,,1,2024-11-08,7,-0.2498857142857143,1.0,0.7142857142857143,1.0,post,True,0.1994014705882353,2.823529411764706,0.25,0.47058823529411764,-0.4492871848739496,-1.823529411764706,0.4642857142857143,0.5294117647058824
performance,2024-11-07,GFN,membership_policy,Performance + playtime policy,https://blogs.nvidia.com/blog/geforce-now-thursday-performance-membership/,2026-09-20,Official announcement publication date (day-level),Performance upgrade and future 100-hour policy announced together; cannot isolate either.,,2,2024-11-09,12,0.1168749999999999,3.0,0.1666666666666666,0.5,post,True,0.1994014705882353,2.823529411764706,0.25,0.47058823529411764,-0.0825264705882354,0.17647058823529393,-0.0833333333333334,0.02941176470588236
performance,2024-11-07,GFN,membership_policy,Performance + playtime policy,https://blogs.nvidia.com/blog/geforce-now-thursday-performance-membership/,2026-09-20,Official announcement publication date (day-level),Performance upgrade and future 100-hour policy announced together; cannot isolate either.,,3,2024-11-10,8,-0.0109249999999999,2.5,0.25,0.5,post,True,0.1994014705882353,2.823529411764706,0.25,0.47058823529411764,-0.2103264705882352,-0.32352941176470607,0.0,0.02941176470588236
performance,2024-11-07,GFN,membership_policy,Performance + playtime policy,https://blogs.nvidia.com/blog/geforce-now-thursday-performance-membership/,2026-09-20,Official announcement publication date (day-level),Performance upgrade and future 100-hour policy announced together; cannot isolate either.,,4,2024-11-11,6,0.6117,2.333333333333333,0.1666666666666666,0.6666666666666666,post,True,0.1994014705882353,2.823529411764706,0.25,0.47058823529411764,0.4122985294117647,-0.49019607843137303,-0.0833333333333334,0.196078431372549
performance,2024-11-07,GFN,membership_policy,Performance + playtime policy,https://blogs.nvidia.com/blog/geforce-now-thursday-performance-membership/,2026-09-20,Official announcement publication date (day-level),Performance upgrade and future 100-hour policy announced together; cannot isolate either.,,5,2024-11-12,2,0.5982500000000001,3.0,0.0,0.5,post,True,0.1994014705882353,2.823529411764706,0.25,0.47058823529411764,0.39884852941176474,0.17647058823529393,-0.25,0.02941176470588236
performance,2024-11-07,GFN,membership_policy,Performance + playtime policy,https://blogs.nvidia.com/blog/geforce-now-thursday-performance-membership/,2026-09-20,Official announcement publication date (day-level),Performance upgrade and future 100-hour policy announced together; cannot isolate either.,,6,2024-11-13,3,-0.0924666666666666,2.333333333333333,0.3333333333333333,0.6666666666666666,post,True,0.1994014705882353,2.823529411764706,0.25,0.47058823529411764,-0.2918681372549019,-0.49019607843137303,0.08333333333333331,0.196078431372549
performance,2024-11-07,GFN,membership_policy,Performance + playtime policy,https://blogs.nvidia.com/blog/geforce-now-thursday-performance-membership/,2026-09-20,Official announcement publication date (day-level),Performance upgrade and future 100-hour policy announced together; cannot isolate either.,,7,2024-11-14,7,0.1730714285714285,2.571428571428572,0.1428571428571428,0.5714285714285714,post,True,0.1994014705882353,2.823529411764706,0.25,0.47058823529411764,-0.026330042016806804,-0.252100840336134,-0.1071428571428572,0.10084033613445376
performance,2024-11-07,GFN,membership_policy,Performance + playtime policy,https://blogs.nvidia.com/blog/geforce-now-thursday-performance-membership/,2026-09-20,Official announcement publication date (day-level),Performance upgrade and future 100-hour policy announced together; cannot isolate either.,,8,2024-11-15,2,-0.0751999999999999,3.0,0.5,0.5,post,True,0.1994014705882353,2.823529411764706,0.25,0.47058823529411764,-0.2746014705882352,0.17647058823529393,0.25,0.02941176470588236
performance,2024-11-07,GFN,membership_policy,Performance + playtime policy,https://blogs.nvidia.com/blog/geforce-now-thursday-performance-membership/,2026-09-20,Official announcement publication date (day-level),Performance upgrade and future 100-hour policy announced together; cannot isolate either.,,9,2024-11-16,4,-0.2147,1.5,1.0,0.75,post,True,0.1994014705882353,2.823529411764706,0.25,0.47058823529411764,-0.4141014705882353,-1.323529411764706,0.75,0.27941176470588236
performance,2024-11-07,GFN,membership_policy,Performance + playtime policy,https://blogs.nvidia.com/blog/geforce-now-thursday-performance-membership/,2026-09-20,Official announcement publication date (day-level),Performance upgrade and future 100-hour policy announced together; cannot isolate either.,,10,2024-11-17,2,0.482,1.0,0.0,1.0,post,True,0.1994014705882353,2.823529411764706,0.25,0.47058823529411764,0.28259852941176467,-1.823529411764706,-0.25,0.5294117647058824
performance,2024-11-07,GFN,membership_policy,Performance + playtime policy,https://blogs.nvidia.com/blog/geforce-now-thursday-performance-membership/,2026-09-20,Official announcement publication date (day-level),Performance upgrade and future 100-hour policy announced together; cannot isolate either.,,11,2024-11-18,6,0.32385,3.6666666666666665,0.1666666666666666,0.3333333333333333,post,True,0.1994014705882353,2.823529411764706,0.25,0.47058823529411764,0.12444852941176474,0.8431372549019605,-0.0833333333333334,-0.13725490196078433
performance,2024-11-07,GFN,membership_policy,Performance + playtime policy,https://blogs.nvidia.com/blog/geforce-now-thursday-performance-membership/,2026-09-20,Official announcement publication date (day-level),Performance upgrade and future 100-hour policy announced together; cannot isolate either.,,12,2024-11-19,6,0.1291333333333333,2.0,0.3333333333333333,0.6666666666666666,post,True,0.1994014705882353,2.823529411764706,0.25,0.47058823529411764,-0.070268137254902,-0.8235294117647061,0.08333333333333331,0.196078431372549
performance,2024-11-07,GFN,membership_policy,Performance + playtime policy,https://blogs.nvidia.com/blog/geforce-now-thursday-performance-membership/,2026-09-20,Official announcement publication date (day-level),Performance upgrade and future 100-hour policy announced together; cannot isolate either.,,13,2024-11-20,6,0.2912666666666667,2.1666666666666665,0.1666666666666666,0.6666666666666666,post,True,0.1994014705882353,2.823529411764706,0.25,0.47058823529411764,0.09186519607843138,-0.6568627450980395,-0.0833333333333334,0.196078431372549
performance,2024-11-07,GFN,membership_policy,Performance + playtime policy,https://blogs.nvidia.com/blog/geforce-now-thursday-performance-membership/,2026-09-20,Official announcement publication date (day-level),Performance upgrade and future 100-hour policy announced together; cannot isolate either.,,14,2024-11-21,6,0.3872666666666666,3.0,0.0,0.3333333333333333,post,True,0.1994014705882353,2.823529411764706,0.25,0.47058823529411764,0.1878651960784313,0.17647058823529393,-0.25,-0.13725490196078433
ces2025,2025-01-06,GFN,platform_bundle,Steam Deck / VR + RTX 50 (CES),https://blogs.nvidia.com/blog/geforce-now-ces-2025/,2026-09-20,Official announcement publication date (day-level),GFN platform expansion and RTX 50 hardware announced the same date; counted once.,https://nvidianews.nvidia.com/news/nvidia-blackwell-geforce-rtx-50-series-opens-new-world-of-ai-computer-graphics,-28,2024-12-09,5,-0.3908999999999999,1.6,0.8,0.6,earlier_pre,True,0.18502352941176461,2.6470588235294117,0.23529411764705882,0.5058823529411764,-0.5759235294117645,-1.0470588235294116,0.5647058823529412,0.09411764705882353
ces2025,2025-01-06,GFN,platform_bundle,Steam Deck / VR + RTX 50 (CES),https://blogs.nvidia.com/blog/geforce-now-ces-2025/,2026-09-20,Official announcement publication date (day-level),GFN platform expansion and RTX 50 hardware announced the same date; counted once.,https://nvidianews.nvidia.com/news/nvidia-blackwell-geforce-rtx-50-series-opens-new-world-of-ai-computer-graphics,-27,2024-12-10,5,0.06614,3.0,0.4,0.4,earlier_pre,True,0.18502352941176461,2.6470588235294117,0.23529411764705882,0.5058823529411764,-0.11888352941176461,0.3529411764705883,0.1647058823529412,-0.10588235294117643
ces2025,2025-01-06,GFN,platform_bundle,Steam Deck / VR + RTX 50 (CES),https://blogs.nvidia.com/blog/geforce-now-ces-2025/,2026-09-20,Official announcement publication date (day-level),GFN platform expansion and RTX 50 hardware announced the same date; counted once.,https://nvidianews.nvidia.com/news/nvidia-blackwell-geforce-rtx-50-series-opens-new-world-of-ai-computer-graphics,-26,2024-12-11,4,-0.124725,2.25,0.5,0.5,earlier_pre,True,0.18502352941176461,2.6470588235294117,0.23529411764705882,0.5058823529411764,-0.3097485294117646,-0.3970588235294117,0.2647058823529412,-0.00588235294117645
ces2025,2025-01-06,GFN,platform_bundle,Steam Deck / VR + RTX 50 (CES),https://blogs.nvidia.com/blog/geforce-now-ces-2025/,2026-09-20,Official announcement publication date (day-level),GFN platform expansion and RTX 50 hardware announced the same date; counted once.,https://nvidianews.nvidia.com/news/nvidia-blackwell-geforce-rtx-50-series-opens-new-world-of-ai-computer-graphics,-25,2024-12-12,1,-0.5086,1.0,1.0,1.0,earlier_pre,True,0.18502352941176461,2.6470588235294117,0.23529411764705882,0.5058823529411764,-0.6936235294117646,-1.6470588235294117,0.7647058823529411,0.49411764705882355
ces2025,2025-01-06,GFN,platform_bundle,Steam Deck / VR + RTX 50 (CES),https://blogs.nvidia.com/blog/geforce-now-ces-2025/,2026-09-20,Official announcement publication date (day-level),GFN platform expansion and RTX 50 hardware announced the same date; counted once.,https://nvidianews.nvidia.com/news/nvidia-blackwell-geforce-rtx-50-series-opens-new-world-of-ai-computer-graphics,-24,2024-12-13,4,-0.1745499999999999,2.25,0.75,0.5,earlier_pre,True,0.18502352941176461,2.6470588235294117,0.23529411764705882,0.5058823529411764,-0.3595735294117645,-0.3970588235294117,0.5147058823529411,-0.00588235294117645
ces2025,2025-01-06,GFN,platform_bundle,Steam Deck / VR + RTX 50 (CES),https://blogs.nvidia.com/blog/geforce-now-ces-2025/,2026-09-20,Official announcement publication date (day-level),GFN platform expansion and RTX 50 hardware announced the same date; counted once.,https://nvidianews.nvidia.com/news/nvidia-blackwell-geforce-rtx-50-series-opens-new-world-of-ai-computer-graphics,-23,2024-12-14,5,0.41692,3.4,0.0,0.4,earlier_pre,True,0.18502352941176461,2.6470588235294117,0.23529411764705882,0.5058823529411764,0.2318964705882354,0.7529411764705882,-0.23529411764705882,-0.10588235294117643
ces2025,2025-01-06,GFN,platform_bundle,Steam Deck / VR + RTX 50 (CES),https://blogs.nvidia.com/blog/geforce-now-ces-2025/,2026-09-20,Official announcement publication date (day-level),GFN platform expansion and RTX 50 hardware announced the same date; counted once.,https://nvidianews.nvidia.com/news/nvidia-blackwell-geforce-rtx-50-series-opens-new-world-of-ai-computer-graphics,-22,2024-12-15,9,0.0543777777777777,3.0,0.4444444444444444,0.3333333333333333,earlier_pre,True,0.18502352941176461,2.6470588235294117,0.23529411764705882,0.5058823529411764,-0.13064575163398692,0.3529411764705883,0.2091503267973856,-0.17254901960784313
ces2025,2025-01-06,GFN,platform_bundle,Steam Deck / VR + RTX 50 (CES),https://blogs.nvidia.com/blog/geforce-now-ces-2025/,2026-09-20,Official announcement publication date (day-level),GFN platform expansion and RTX 50 hardware announced the same date; counted once.,https://nvidianews.nvidia.com/news/nvidia-blackwell-geforce-rtx-50-series-opens-new-world-of-ai-computer-graphics,-21,2024-12-16,4,0.12095,3.0,0.25,0.5,earlier_pre,True,0.18502352941176461,2.6470588235294117,0.23529411764705882,0.5058823529411764,-0.06407352941176461,0.3529411764705883,0.01470588235294118,-0.00588235294117645
ces2025,2025-01-06,GFN,platform_bundle,Steam Deck / VR + RTX 50 (CES),https://blogs.nvidia.com/blog/geforce-now-ces-2025/,2026-09-20,Official announcement publication date (day-level),GFN platform expansion and RTX 50 hardware announced the same date; counted once.,https://nvidianews.nvidia.com/news/nvidia-blackwell-geforce-rtx-50-series-opens-new-world-of-ai-computer-graphics,-20,2024-12-17,2,0.6919,4.5,0.0,0.0,earlier_pre,True,0.18502352941176461,2.6470588235294117,0.23529411764705882,0.5058823529411764,0.5068764705882354,1.8529411764705883,-0.23529411764705882,-0.5058823529411764
ces2025,2025-01-06,GFN,platform_bundle,Steam Deck / VR + RTX 50 (CES),https://blogs.nvidia.com/blog/geforce-now-ces-2025/,2026-09-20,Official announcement publication date (day-level),GFN platform expansion and RTX 50 hardware announced the same date; counted once.,https://nvidianews.nvidia.com/news/nvidia-blackwell-geforce-rtx-50-series-opens-new-world-of-ai-computer-graphics,-19,2024-12-18,7,0.2490142857142857,2.2857142857142856,0.2857142857142857,0.4285714285714285,earlier_pre,True,0.18502352941176461,2.6470588235294117,0.23529411764705882,0.5058823529411764,0.06399075630252107,-0.3613445378151261,0.05042016806722688,-0.07731092436974796
ces2025,2025-01-06,GFN,platform_bundle,Steam Deck / VR + RTX 50 (CES),https://blogs.nvidia.com/blog/geforce-now-ces-2025/,2026-09-20,Official announcement publication date (day-level),GFN platform expansion and RTX 50 hardware announced the same date; counted once.,https://nvidianews.nvidia.com/news/nvidia-blackwell-geforce-rtx-50-series-opens-new-world-of-ai-computer-graphics,-18,2024-12-19,2,-0.32305,2.5,0.5,0.5,earlier_pre,True,0.18502352941176461,2.6470588235294117,0.23529411764705882,0.5058823529411764,-0.5080735294117646,-0.1470588235294117,0.2647058823529412,-0.00588235294117645
ces2025,2025-01-06,GFN,platform_bundle,Steam Deck / VR + RTX 50 (CES),https://blogs.nvidia.com/blog/geforce-now-ces-2025/,2026-09-20,Official announcement publication date (day-level),GFN platform expansion and RTX 50 hardware announced the same date; counted once.,https://nvidianews.nvidia.com/news/nvidia-blackwell-geforce-rtx-50-series-opens-new-world-of-ai-computer-graphics,-17,2024-12-20,6,0.2307166666666666,2.6666666666666665,0.3333333333333333,0.3333333333333333,earlier_pre,True,0.18502352941176461,2.6470588235294117,0.23529411764705882,0.5058823529411764,0.04569313725490198,0.019607843137254832,0.0980392156862745,-0.17254901960784313
ces2025,2025-01-06,GFN,platform_bundle,Steam Deck / VR + RTX 50 (CES),https://blogs.nvidia.com/blog/geforce-now-ces-2025/,2026-09-20,Official announcement publication date (day-level),GFN platform expansion and RTX 50 hardware announced the same date; counted once.,https://nvidianews.nvidia.com/news/nvidia-blackwell-geforce-rtx-50-series-opens-new-world-of-ai-computer-graphics,-16,2024-12-21,10,0.19517,2.0,0.2,0.6,earlier_pre,True,0.18502352941176461,2.6470588235294117,0.23529411764705882,0.5058823529411764,0.010146470588235396,-0.6470588235294117,-0.03529411764705881,0.09411764705882353
ces2025,2025-01-06,GFN,platform_bundle,Steam Deck / VR + RTX 50 (CES),https://blogs.nvidia.com/blog/geforce-now-ces-2025/,2026-09-20,Official announcement publication date (day-level),GFN platform expansion and RTX 50 hardware announced the same date; counted once.,https://nvidianews.nvidia.com/news/nvidia-blackwell-geforce-rtx-50-series-opens-new-world-of-ai-computer-graphics,-15,2024-12-22,8,0.1271875,2.5,0.375,0.5,earlier_pre,True,0.18502352941176461,2.6470588235294117,0.23529411764705882,0.5058823529411764,-0.057836029411764606,-0.1470588235294117,0.13970588235294118,-0.00588235294117645
ces2025,2025-01-06,GFN,platform_bundle,Steam Deck / VR + RTX 50 (CES),https://blogs.nvidia.com/blog/geforce-now-ces-2025/,2026-09-20,Official announcement publication date (day-level),GFN platform expansion and RTX 50 hardware announced the same date; counted once.,https://nvidianews.nvidia.com/news/nvidia-blackwell-geforce-rtx-50-series-opens-new-world-of-ai-computer-graphics,-14,2024-12-23,5,0.23084,3.0,0.2,0.2,pre,True,0.18502352941176461,2.6470588235294117,0.23529411764705882,0.5058823529411764,0.045816470588235375,0.3529411764705883,-0.03529411764705881,-0.30588235294117644
ces2025,2025-01-06,GFN,platform_bundle,Steam Deck / VR + RTX 50 (CES),https://blogs.nvidia.com/blog/geforce-now-ces-2025/,2026-09-20,Official announcement publication date (day-level),GFN platform expansion and RTX 50 hardware announced the same date; counted once.,https://nvidianews.nvidia.com/news/nvidia-blackwell-geforce-rtx-50-series-opens-new-world-of-ai-computer-graphics,-13,2024-12-24,4,0.4624,4.0,0.0,0.25,pre,True,0.18502352941176461,2.6470588235294117,0.23529411764705882,0.5058823529411764,0.27737647058823534,1.3529411764705883,-0.23529411764705882,-0.25588235294117645
ces2025,2025-01-06,GFN,platform_bundle,Steam Deck / VR + RTX 50 (CES),https://blogs.nvidia.com/blog/geforce-now-ces-2025/,2026-09-20,Official announcement publication date (day-level),GFN platform expansion and RTX 50 hardware announced the same date; counted once.,https://nvidianews.nvidia.com/news/nvidia-blackwell-geforce-rtx-50-series-opens-new-world-of-ai-computer-graphics,-12,2024-12-25,3,0.1518,2.0,0.3333333333333333,0.6666666666666666,pre,True,0.18502352941176461,2.6470588235294117,0.23529411764705882,0.5058823529411764,-0.033223529411764624,-0.6470588235294117,0.0980392156862745,0.16078431372549018
ces2025,2025-01-06,GFN,platform_bundle,Steam Deck / VR + RTX 50 (CES),https://blogs.nvidia.com/blog/geforce-now-ces-2025/,2026-09-20,Official announcement publication date (day-level),GFN platform expansion and RTX 50 hardware announced the same date; counted once.,https://nvidianews.nvidia.com/news/nvidia-blackwell-geforce-rtx-50-series-opens-new-world-of-ai-computer-graphics,-11,2024-12-26,7,0.0204857142857142,2.142857142857143,0.4285714285714285,0.7142857142857143,pre,True,0.18502352941176461,2.6470588235294117,0.23529411764705882,0.5058823529411764,-0.16453781512605042,-0.5042016806722689,0.19327731092436967,0.20840336134453785
ces2025,2025-01-06,GFN,platform_bundle,Steam Deck / VR + RTX 50 (CES),https://blogs.nvidia.com/blog/geforce-now-ces-2025/,2026-09-20,Official announcement publication date (day-level),GFN platform expansion and RTX 50 hardware announced the same date; counted once.,https://nvidianews.nvidia.com/news/nvidia-blackwell-geforce-rtx-50-series-opens-new-world-of-ai-computer-graphics,-10,2024-12-27,7,0.0545999999999999,2.857142857142857,0.2857142857142857,0.4285714285714285,pre,True,0.18502352941176461,2.6470588235294117,0.23529411764705882,0.5058823529411764,-0.13042352941176472,0.21008403361344552,0.05042016806722688,-0.07731092436974796
ces2025,2025-01-06,GFN,platform_bundle,Steam Deck / VR + RTX 50 (CES),https://blogs.nvidia.com/blog/geforce-now-ces-2025/,2026-09-20,Official announcement publication date (day-level),GFN platform expansion and RTX 50 hardware announced the same date; counted once.,https://nvidianews.nvidia.com/news/nvidia-blackwell-geforce-rtx-50-series-opens-new-world-of-ai-computer-graphics,-9,2024-12-28,4,0.6532,1.75,0.0,0.75,pre,True,0.18502352941176461,2.6470588235294117,0.23529411764705882,0.5058823529411764,0.4681764705882354,-0.8970588235294117,-0.23529411764705882,0.24411764705882355
ces2025,2025-01-06,GFN,platform_bundle,Steam Deck / VR + RTX 50 (CES),https://blogs.nvidia.com/blog/geforce-now-ces-2025/,2026-09-20,Official announcement publication date (day-level),GFN platform expansion and RTX 50 hardware announced the same date; counted once.,https://nvidianews.nvidia.com/news/nvidia-blackwell-geforce-rtx-50-series-opens-new-world-of-ai-computer-graphics,-8,2024-12-29,9,0.2812111111111111,3.333333333333333,0.2222222222222222,0.3333333333333333,pre,True,0.18502352941176461,2.6470588235294117,0.23529411764705882,0.5058823529411764,0.09618758169934646,0.6862745098039214,-0.01307189542483661,-0.17254901960784313
ces2025,2025-01-06,GFN,platform_bundle,Steam Deck / VR + RTX 50 (CES),https://blogs.nvidia.com/blog/geforce-now-ces-2025/,2026-09-20,Official announcement publication date (day-level),GFN platform expansion and RTX 50 hardware announced the same date; counted once.,https://nvidianews.nvidia.com/news/nvidia-blackwell-geforce-rtx-50-series-opens-new-world-of-ai-computer-graphics,-7,2024-12-30,4,0.4197499999999999,3.5,0.25,0.25,pre,True,0.18502352941176461,2.6470588235294117,0.23529411764705882,0.5058823529411764,0.2347264705882353,0.8529411764705883,0.01470588235294118,-0.25588235294117645
ces2025,2025-01-06,GFN,platform_bundle,Steam Deck / VR + RTX 50 (CES),https://blogs.nvidia.com/blog/geforce-now-ces-2025/,2026-09-20,Official announcement publication date (day-level),GFN platform expansion and RTX 50 hardware announced the same date; counted once.,https://nvidianews.nvidia.com/news/nvidia-blackwell-geforce-rtx-50-series-opens-new-world-of-ai-computer-graphics,-6,2024-12-31,3,0.0516666666666666,2.333333333333333,0.6666666666666666,0.6666666666666666,pre,True,0.18502352941176461,2.6470588235294117,0.23529411764705882,0.5058823529411764,-0.133356862745098,-0.31372549019607865,0.4313725490196078,0.16078431372549018
ces2025,2025-01-06,GFN,platform_bundle,Steam Deck / VR + RTX 50 (CES),https://blogs.nvidia.com/blog/geforce-now-ces-2025/,2026-09-20,Official announcement publication date (day-level),GFN platform expansion and RTX 50 hardware announced the same date; counted once.,https://nvidianews.nvidia.com/news/nvidia-blackwell-geforce-rtx-50-series-opens-new-world-of-ai-computer-graphics,-5,2025-01-01,9,0.0138666666666666,2.111111111111111,0.2222222222222222,0.6666666666666666,pre,True,0.18502352941176461,2.6470588235294117,0.23529411764705882,0.5058823529411764,-0.171156862745098,-0.5359477124183005,-0.01307189542483661,0.16078431372549018
ces2025,2025-01-06,GFN,platform_bundle,Steam Deck / VR + RTX 50 (CES),https://blogs.nvidia.com/blog/geforce-now-ces-2025/,2026-09-20,Official announcement publication date (day-level),GFN platform expansion and RTX 50 hardware announced the same date; counted once.,https://nvidianews.nvidia.com/news/nvidia-blackwell-geforce-rtx-50-series-opens-new-world-of-ai-computer-graphics,-4,2025-01-02,6,0.3895833333333333,3.333333333333333,0.1666666666666666,0.3333333333333333,pre,True,0.18502352941176461,2.6470588235294117,0.23529411764705882,0.5058823529411764,0.20455980392156867,0.6862745098039214,-0.06862745098039222,-0.17254901960784313
ces2025,2025-01-06,GFN,platform_bundle,Steam Deck / VR + RTX 50 (CES),https://blogs.nvidia.com/blog/geforce-now-ces-2025/,2026-09-20,Official announcement publication date (day-level),GFN platform expansion and RTX 50 hardware announced the same date; counted once.,https://nvidianews.nvidia.com/news/nvidia-blackwell-geforce-rtx-50-series-opens-new-world-of-ai-computer-graphics,-3,2025-01-03,9,0.1654555555555555,3.0,0.1111111111111111,0.4444444444444444,pre,True,0.18502352941176461,2.6470588235294117,0.23529411764705882,0.5058823529411764,-0.01956797385620912,0.3529411764705883,-0.12418300653594772,-0.06143790849673203
ces2025,2025-01-06,GFN,platform_bundle,Steam Deck / VR + RTX 50 (CES),https://blogs.nvidia.com/blog/geforce-now-ces-2025/,2026-09-20,Official announcement publication date (day-level),GFN platform expansion and RTX 50 hardware announced the same date; counted once.,https://nvidianews.nvidia.com/news/nvidia-blackwell-geforce-rtx-50-series-opens-new-world-of-ai-computer-graphics,-2,2025-01-04,6,-0.0663166666666666,1.6666666666666667,0.1666666666666666,0.8333333333333334,pre,True,0.18502352941176461,2.6470588235294117,0.23529411764705882,0.5058823529411764,-0.2513401960784312,-0.980392156862745,-0.06862745098039222,0.3274509803921569
ces2025,2025-01-06,GFN,platform_bundle,Steam Deck / VR + RTX 50 (CES),https://blogs.nvidia.com/blog/geforce-now-ces-2025/,2026-09-20,Official announcement publication date (day-level),GFN platform expansion and RTX 50 hardware announced the same date; counted once.,https://nvidianews.nvidia.com/news/nvidia-blackwell-geforce-rtx-50-series-opens-new-world-of-ai-computer-graphics,-1,2025-01-05,9,0.1345555555555555,2.111111111111111,0.3333333333333333,0.5555555555555556,pre,True,0.18502352941176461,2.6470588235294117,0.23529411764705882,0.5058823529411764,-0.0504679738562091,-0.5359477124183005,0.0980392156862745,0.04967320261437913
ces2025,2025-01-06,GFN,platform_bundle,Steam Deck / VR + RTX 50 (CES),https://blogs.nvidia.com/blog/geforce-now-ces-2025/,2026-09-20,Official announcement publication date (day-level),GFN platform expansion and RTX 50 hardware announced the same date; counted once.,https://nvidianews.nvidia.com/news/nvidia-blackwell-geforce-rtx-50-series-opens-new-world-of-ai-computer-graphics,0,2025-01-06,4,0.25145,2.75,0.25,0.5,announcement_day,True,0.18502352941176461,2.6470588235294117,0.23529411764705882,0.5058823529411764,0.06642647058823539,0.10294117647058831,0.01470588235294118,-0.00588235294117645
ces2025,2025-01-06,GFN,platform_bundle,Steam Deck / VR + RTX 50 (CES),https://blogs.nvidia.com/blog/geforce-now-ces-2025/,2026-09-20,Official announcement publication date (day-level),GFN platform expansion and RTX 50 hardware announced the same date; counted once.,https://nvidianews.nvidia.com/news/nvidia-blackwell-geforce-rtx-50-series-opens-new-world-of-ai-computer-graphics,1,2025-01-07,2,0.42595,2.5,0.0,0.5,post,True,0.18502352941176461,2.6470588235294117,0.23529411764705882,0.5058823529411764,0.24092647058823538,-0.1470588235294117,-0.23529411764705882,-0.00588235294117645
ces2025,2025-01-06,GFN,platform_bundle,Steam Deck / VR + RTX 50 (CES),https://blogs.nvidia.com/blog/geforce-now-ces-2025/,2026-09-20,Official announcement publication date (day-level),GFN platform expansion and RTX 50 hardware announced the same date; counted once.,https://nvidianews.nvidia.com/news/nvidia-blackwell-geforce-rtx-50-series-opens-new-world-of-ai-computer-graphics,2,2025-01-08,9,0.0690222222222222,2.6666666666666665,0.3333333333333333,0.4444444444444444,post,True,0.18502352941176461,2.6470588235294117,0.23529411764705882,0.5058823529411764,-0.11600130718954242,0.019607843137254832,0.0980392156862745,-0.06143790849673203
ces2025,2025-01-06,GFN,platform_bundle,Steam Deck / VR + RTX 50 (CES),https://blogs.nvidia.com/blog/geforce-now-ces-2025/,2026-09-20,Official announcement publication date (day-level),GFN platform expansion and RTX 50 hardware announced the same date; counted once.,https://nvidianews.nvidia.com/news/nvidia-blackwell-geforce-rtx-50-series-opens-new-world-of-ai-computer-graphics,3,2025-01-09,3,-0.0996,3.6666666666666665,0.3333333333333333,0.3333333333333333,post,True,0.18502352941176461,2.6470588235294117,0.23529411764705882,0.5058823529411764,-0.2846235294117646,1.0196078431372548,0.0980392156862745,-0.17254901960784313
ces2025,2025-01-06,GFN,platform_bundle,Steam Deck / VR + RTX 50 (CES),https://blogs.nvidia.com/blog/geforce-now-ces-2025/,2026-09-20,Official announcement publication date (day-level),GFN platform expansion and RTX 50 hardware announced the same date; counted once.,https://nvidianews.nvidia.com/news/nvidia-blackwell-geforce-rtx-50-series-opens-new-world-of-ai-computer-graphics,4,2025-01-10,4,-0.0931999999999999,1.5,0.5,0.5,post,True,0.18502352941176461,2.6470588235294117,0.23529411764705882,0.5058823529411764,-0.27822352941176454,-1.1470588235294117,0.2647058823529412,-0.00588235294117645
ces2025,2025-01-06,GFN,platform_bundle,Steam Deck / VR + RTX 50 (CES),https://blogs.nvidia.com/blog/geforce-now-ces-2025/,2026-09-20,Official announcement publication date (day-level),GFN platform expansion and RTX 50 hardware announced the same date; counted once.,https://nvidianews.nvidia.com/news/nvidia-blackwell-geforce-rtx-50-series-opens-new-world-of-ai-computer-graphics,5,2025-01-11,6,-0.1807666666666666,2.6666666666666665,0.5,0.5,post,True,0.18502352941176461,2.6470588235294117,0.23529411764705882,0.5058823529411764,-0.3657901960784312,0.019607843137254832,0.2647058823529412,-0.00588235294117645
ces2025,2025-01-06,GFN,platform_bundle,Steam Deck / VR + RTX 50 (CES),https://blogs.nvidia.com/blog/geforce-now-ces-2025/,2026-09-20,Official announcement publication date (day-level),GFN platform expansion and RTX 50 hardware announced the same date; counted once.,https://nvidianews.nvidia.com/news/nvidia-blackwell-geforce-rtx-50-series-opens-new-world-of-ai-computer-graphics,6,2025-01-12,10,0.1588999999999999,2.5,0.4,0.4,post,True,0.18502352941176461,2.6470588235294117,0.23529411764705882,0.5058823529411764,-0.026123529411764712,-0.1470588235294117,0.1647058823529412,-0.10588235294117643
ces2025,2025-01-06,GFN,platform_bundle,Steam Deck / VR + RTX 50 (CES),https://blogs.nvidia.com/blog/geforce-now-ces-2025/,2026-09-20,Official announcement publication date (day-level),GFN platform expansion and RTX 50 hardware announced the same date; counted once.,https://nvidianews.nvidia.com/news/nvidia-blackwell-geforce-rtx-50-series-opens-new-world-of-ai-computer-graphics,7,2025-01-13,3,0.6951,4.0,0.0,0.0,post,True,0.18502352941176461,2.6470588235294117,0.23529411764705882,0.5058823529411764,0.5100764705882355,1.3529411764705883,-0.23529411764705882,-0.5058823529411764
ces2025,2025-01-06,GFN,platform_bundle,Steam Deck / VR + RTX 50 (CES),https://blogs.nvidia.com/blog/geforce-now-ces-2025/,2026-09-20,Official announcement publication date (day-level),GFN platform expansion and RTX 50 hardware announced the same date; counted once.,https://nvidianews.nvidia.com/news/nvidia-blackwell-geforce-rtx-50-series-opens-new-world-of-ai-computer-graphics,8,2025-01-14,3,0.4446,3.0,0.0,0.3333333333333333,post,True,0.18502352941176461,2.6470588235294117,0.23529411764705882,0.5058823529411764,0.2595764705882354,0.3529411764705883,-0.23529411764705882,-0.17254901960784313
ces2025,2025-01-06,GFN,platform_bundle,Steam Deck / VR + RTX 50 (CES),https://blogs.nvidia.com/blog/geforce-now-ces-2025/,2026-09-20,Official announcement publication date (day-level),GFN platform expansion and RTX 50 hardware announced the same date; counted once.,https://nvidianews.nvidia.com/news/nvidia-blackwell-geforce-rtx-50-series-opens-new-world-of-ai-computer-graphics,9,2025-01-15,3,0.3642333333333333,3.6666666666666665,0.3333333333333333,0.3333333333333333,post,True,0.18502352941176461,2.6470588235294117,0.23529411764705882,0.5058823529411764,0.17920980392156868,1.0196078431372548,0.0980392156862745,-0.17254901960784313
ces2025,2025-01-06,GFN,platform_bundle,Steam Deck / VR + RTX 50 (CES),https://blogs.nvidia.com/blog/geforce-now-ces-2025/,2026-09-20,Official announcement publication date (day-level),GFN platform expansion and RTX 50 hardware announced the same date; counted once.,https://nvidianews.nvidia.com/news/nvidia-blackwell-geforce-rtx-50-series-opens-new-world-of-ai-computer-graphics,10,2025-01-16,0,,,,,post,True,0.18502352941176461,2.6470588235294117,0.23529411764705882,0.5058823529411764,,,,
ces2025,2025-01-06,GFN,platform_bundle,Steam Deck / VR + RTX 50 (CES),https://blogs.nvidia.com/blog/geforce-now-ces-2025/,2026-09-20,Official announcement publication date (day-level),GFN platform expansion and RTX 50 hardware announced the same date; counted once.,https://nvidianews.nvidia.com/news/nvidia-blackwell-geforce-rtx-50-series-opens-new-world-of-ai-computer-graphics,11,2025-01-17,2,0.0,3.0,0.5,0.5,post,True,0.18502352941176461,2.6470588235294117,0.23529411764705882,0.5058823529411764,-0.18502352941176461,0.3529411764705883,0.2647058823529412,-0.00588235294117645
ces2025,2025-01-06,GFN,platform_bundle,Steam Deck / VR + RTX 50 (CES),https://blogs.nvidia.com/blog/geforce-now-ces-2025/,2026-09-20,Official announcement publication date (day-level),GFN platform expansion and RTX 50 hardware announced the same date; counted once.,https://nvidianews.nvidia.com/news/nvidia-blackwell-geforce-rtx-50-series-opens-new-world-of-ai-computer-graphics,12,2025-01-18,10,0.03075,1.7,0.3,0.7,post,True,0.18502352941176461,2.6470588235294117,0.23529411764705882,0.5058823529411764,-0.15427352941176461,-0.9470588235294117,0.06470588235294117,0.1941176470588235
ces2025,2025-01-06,GFN,platform_bundle,Steam Deck / VR + RTX 50 (CES),https://blogs.nvidia.com/blog/geforce-now-ces-2025/,2026-09-20,Official announcement publication date (day-level),GFN platform expansion and RTX 50 hardware announced the same date; counted once.,https://nvidianews.nvidia.com/news/nvidia-blackwell-geforce-rtx-50-series-opens-new-world-of-ai-computer-graphics,13,2025-01-19,7,0.0918428571428571,2.7142857142857144,0.2857142857142857,0.4285714285714285,post,True,0.18502352941176461,2.6470588235294117,0.23529411764705882,0.5058823529411764,-0.09318067226890751,0.06722689075630273,0.05042016806722688,-0.07731092436974796
ces2025,2025-01-06,GFN,platform_bundle,Steam Deck / VR + RTX 50 (CES),https://blogs.nvidia.com/blog/geforce-now-ces-2025/,2026-09-20,Official announcement publication date (day-level),GFN platform expansion and RTX 50 hardware announced the same date; counted once.,https://nvidianews.nvidia.com/news/nvidia-blackwell-geforce-rtx-50-series-opens-new-world-of-ai-computer-graphics,14,2025-01-20,3,0.4262999999999999,2.333333333333333,0.3333333333333333,0.6666666666666666,post,True,0.18502352941176461,2.6470588235294117,0.23529411764705882,0.5058823529411764,0.2412764705882353,-0.31372549019607865,0.0980392156862745,0.16078431372549018
gfn5080,2025-08-18,GFN,cloud_gpu,RTX 5080 + Install-to-Play,https://nvidianews.nvidia.com/news/nvidia-blackwell-architecture-comes-to-geforce-now,2026-09-20,Official announcement publication date (day-level),Original announcement; not August 21 recap or September 10 rollout.,,-28,2025-07-21,0,,,,,earlier_pre,True,0.200944,3.26,0.3,0.32,,,,
gfn5080,2025-08-18,GFN,cloud_gpu,RTX 5080 + Install-to-Play,https://nvidianews.nvidia.com/news/nvidia-blackwell-architecture-comes-to-geforce-now,2026-09-20,Official announcement publication date (day-level),Original announcement; not August 21 recap or September 10 rollout.,,-27,2025-07-22,1,-0.2846,3.0,1.0,0.0,earlier_pre,True,0.200944,3.26,0.3,0.32,-0.48554400000000003,-0.2599999999999998,0.7,-0.32
gfn5080,2025-08-18,GFN,cloud_gpu,RTX 5080 + Install-to-Play,https://nvidianews.nvidia.com/news/nvidia-blackwell-architecture-comes-to-geforce-now,2026-09-20,Official announcement publication date (day-level),Original announcement; not August 21 recap or September 10 rollout.,,-26,2025-07-23,4,0.02475,3.25,0.5,0.25,earlier_pre,True,0.200944,3.26,0.3,0.32,-0.17619400000000002,-0.009999999999999787,0.2,-0.07
gfn5080,2025-08-18,GFN,cloud_gpu,RTX 5080 + Install-to-Play,https://nvidianews.nvidia.com/news/nvidia-blackwell-architecture-comes-to-geforce-now,2026-09-20,Official announcement publication date (day-level),Original announcement; not August 21 recap or September 10 rollout.,,-25,2025-07-24,0,,,,,earlier_pre,True,0.200944,3.26,0.3,0.32,,,,
gfn5080,2025-08-18,GFN,cloud_gpu,RTX 5080 + Install-to-Play,https://nvidianews.nvidia.com/news/nvidia-blackwell-architecture-comes-to-geforce-now,2026-09-20,Official announcement publication date (day-level),Original announcement; not August 21 recap or September 10 rollout.,,-24,2025-07-25,3,0.0084333333333333,3.0,0.3333333333333333,0.0,earlier_pre,True,0.200944,3.26,0.3,0.32,-0.19251066666666672,-0.2599999999999998,0.033333333333333326,-0.32
gfn5080,2025-08-18,GFN,cloud_gpu,RTX 5080 + Install-to-Play,https://nvidianews.nvidia.com/news/nvidia-blackwell-architecture-comes-to-geforce-now,2026-09-20,Official announcement publication date (day-level),Original announcement; not August 21 recap or September 10 rollout.,,-23,2025-07-26,2,0.4228,1.0,0.0,1.0,earlier_pre,True,0.200944,3.26,0.3,0.32,0.221856,-2.26,-0.3,0.6799999999999999
gfn5080,2025-08-18,GFN,cloud_gpu,RTX 5080 + Install-to-Play,https://nvidianews.nvidia.com/news/nvidia-blackwell-architecture-comes-to-geforce-now,2026-09-20,Official announcement publication date (day-level),Original announcement; not August 21 recap or September 10 rollout.,,-22,2025-07-27,4,0.42155,1.25,0.0,0.75,earlier_pre,True,0.200944,3.26,0.3,0.32,0.22060599999999997,-2.01,-0.3,0.43
gfn5080,2025-08-18,GFN,cloud_gpu,RTX 5080 + Install-to-Play,https://nvidianews.nvidia.com/news/nvidia-blackwell-architecture-comes-to-geforce-now,2026-09-20,Official announcement publication date (day-level),Original announcement; not August 21 recap or September 10 rollout.,,-21,2025-07-28,4,0.073275,3.0,0.5,0.5,earlier_pre,True,0.200944,3.26,0.3,0.32,-0.127669,-0.2599999999999998,0.2,0.18
gfn5080,2025-08-18,GFN,cloud_gpu,RTX 5080 + Install-to-Play,https://nvidianews.nvidia.com/news/nvidia-blackwell-architecture-comes-to-geforce-now,2026-09-20,Official announcement publication date (day-level),Original announcement; not August 21 recap or September 10 rollout.,,-20,2025-07-29,1,0.0,1.0,0.0,1.0,earlier_pre,True,0.200944,3.26,0.3,0.32,-0.200944,-2.26,-0.3,0.6799999999999999
gfn5080,2025-08-18,GFN,cloud_gpu,RTX 5080 + Install-to-Play,https://nvidianews.nvidia.com/news/nvidia-blackwell-architecture-comes-to-geforce-now,2026-09-20,Official announcement publication date (day-level),Original announcement; not August 21 recap or September 10 rollout.,,-19,2025-07-30,4,-0.0638,2.75,0.5,0.25,earlier_pre,True,0.200944,3.26,0.3,0.32,-0.264744,-0.5099999999999998,0.2,-0.07
gfn5080,2025-08-18,GFN,cloud_gpu,RTX 5080 + Install-to-Play,https://nvidianews.nvidia.com/news/nvidia-blackwell-architecture-comes-to-geforce-now,2026-09-20,Official announcement publication date (day-level),Original announcement; not August 21 recap or September 10 rollout.,,-18,2025-07-31,4,-0.138675,2.5,0.25,0.5,earlier_pre,True,0.200944,3.26,0.3,0.32,-0.339619,-0.7599999999999998,-0.04999999999999999,0.18
gfn5080,2025-08-18,GFN,cloud_gpu,RTX 5080 + Install-to-Play,https://nvidianews.nvidia.com/news/nvidia-blackwell-architecture-comes-to-geforce-now,2026-09-20,Official announcement publication date (day-level),Original announcement; not August 21 recap or September 10 rollout.,,-17,2025-08-01,0,,,,,earlier_pre,True,0.200944,3.26,0.3,0.32,,,,
gfn5080,2025-08-18,GFN,cloud_gpu,RTX 5080 + Install-to-Play,https://nvidianews.nvidia.com/news/nvidia-blackwell-architecture-comes-to-geforce-now,2026-09-20,Official announcement publication date (day-level),Original announcement; not August 21 recap or September 10 rollout.,,-16,2025-08-02,7,-0.2463714285714285,1.7142857142857142,0.5714285714285714,0.7142857142857143,earlier_pre,True,0.200944,3.26,0.3,0.32,-0.4473154285714285,-1.5457142857142856,0.2714285714285714,0.3942857142857143
gfn5080,2025-08-18,GFN,cloud_gpu,RTX 5080 + Install-to-Play,https://nvidianews.nvidia.com/news/nvidia-blackwell-architecture-comes-to-geforce-now,2026-09-20,Official announcement publication date (day-level),Original announcement; not August 21 recap or September 10 rollout.,,-15,2025-08-03,3,0.0127666666666666,2.333333333333333,0.6666666666666666,0.6666666666666666,earlier_pre,True,0.200944,3.26,0.3,0.32,-0.18817733333333342,-0.9266666666666667,0.36666666666666664,0.3466666666666666
gfn5080,2025-08-18,GFN,cloud_gpu,RTX 5080 + Install-to-Play,https://nvidianews.nvidia.com/news/nvidia-blackwell-architecture-comes-to-geforce-now,2026-09-20,Official announcement publication date (day-level),Original announcement; not August 21 recap or September 10 rollout.,,-14,2025-08-04,3,-0.0783666666666666,3.0,0.3333333333333333,0.3333333333333333,pre,True,0.200944,3.26,0.3,0.32,-0.2793106666666666,-0.2599999999999998,0.033333333333333326,0.013333333333333308
gfn5080,2025-08-18,GFN,cloud_gpu,RTX 5080 + Install-to-Play,https://nvidianews.nvidia.com/news/nvidia-blackwell-architecture-comes-to-geforce-now,2026-09-20,Official announcement publication date (day-level),Original announcement; not August 21 recap or September 10 rollout.,,-13,2025-08-05,1,0.0,1.0,0.0,1.0,pre,True,0.200944,3.26,0.3,0.32,-0.200944,-2.26,-0.3,0.6799999999999999
gfn5080,2025-08-18,GFN,cloud_gpu,RTX 5080 + Install-to-Play,https://nvidianews.nvidia.com/news/nvidia-blackwell-architecture-comes-to-geforce-now,2026-09-20,Official announcement publication date (day-level),Original announcement; not August 21 recap or September 10 rollout.,,-12,2025-08-06,1,0.8231,5.0,0.0,0.0,pre,True,0.200944,3.26,0.3,0.32,0.622156,1.7400000000000002,-0.3,-0.32
gfn5080,2025-08-18,GFN,cloud_gpu,RTX 5080 + Install-to-Play,https://nvidianews.nvidia.com/news/nvidia-blackwell-architecture-comes-to-geforce-now,2026-09-20,Official announcement publication date (day-level),Original announcement; not August 21 recap or September 10 rollout.,,-11,2025-08-07,3,0.3913666666666666,4.0,0.0,0.0,pre,True,0.200944,3.26,0.3,0.32,0.19042266666666657,0.7400000000000002,-0.3,-0.32
gfn5080,2025-08-18,GFN,cloud_gpu,RTX 5080 + Install-to-Play,https://nvidianews.nvidia.com/news/nvidia-blackwell-architecture-comes-to-geforce-now,2026-09-20,Official announcement publication date (day-level),Original announcement; not August 21 recap or September 10 rollout.,,-10,2025-08-08,5,0.00228,3.0,0.4,0.2,pre,True,0.200944,3.26,0.3,0.32,-0.198664,-0.2599999999999998,0.10000000000000003,-0.12
gfn5080,2025-08-18,GFN,cloud_gpu,RTX 5080 + Install-to-Play,https://nvidianews.nvidia.com/news/nvidia-blackwell-architecture-comes-to-geforce-now,2026-09-20,Official announcement publication date (day-level),Original announcement; not August 21 recap or September 10 rollout.,,-9,2025-08-09,4,0.551775,3.75,0.0,0.25,pre,True,0.200944,3.26,0.3,0.32,0.350831,0.4900000000000002,-0.3,-0.07
gfn5080,2025-08-18,GFN,cloud_gpu,RTX 5080 + Install-to-Play,https://nvidianews.nvidia.com/news/nvidia-blackwell-architecture-comes-to-geforce-now,2026-09-20,Official announcement publication date (day-level),Original announcement; not August 21 recap or September 10 rollout.,,-8,2025-08-10,6,0.1286333333333333,3.6666666666666665,0.3333333333333333,0.3333333333333333,pre,True,0.200944,3.26,0.3,0.32,-0.07231066666666672,0.40666666666666673,0.033333333333333326,0.013333333333333308
gfn5080,2025-08-18,GFN,cloud_gpu,RTX 5080 + Install-to-Play,https://nvidianews.nvidia.com/news/nvidia-blackwell-architecture-comes-to-geforce-now,2026-09-20,Official announcement publication date (day-level),Original announcement; not August 21 recap or September 10 rollout.,,-7,2025-08-11,3,0.1905333333333333,1.0,0.3333333333333333,1.0,pre,True,0.200944,3.26,0.3,0.32,-0.010410666666666707,-2.26,0.033333333333333326,0.6799999999999999
gfn5080,2025-08-18,GFN,cloud_gpu,RTX 5080 + Install-to-Play,https://nvidianews.nvidia.com/news/nvidia-blackwell-architecture-comes-to-geforce-now,2026-09-20,Official announcement publication date (day-level),Original announcement; not August 21 recap or September 10 rollout.,,-6,2025-08-12,2,-0.23905,3.0,0.5,0.5,pre,True,0.200944,3.26,0.3,0.32,-0.439994,-0.2599999999999998,0.2,0.18
gfn5080,2025-08-18,GFN,cloud_gpu,RTX 5080 + Install-to-Play,https://nvidianews.nvidia.com/news/nvidia-blackwell-architecture-comes-to-geforce-now,2026-09-20,Official announcement publication date (day-level),Original announcement; not August 21 recap or September 10 rollout.,,-5,2025-08-13,2,0.6265499999999999,3.0,0.0,0.5,pre,True,0.200944,3.26,0.3,0.32,0.42560599999999993,-0.2599999999999998,-0.3,0.18
gfn5080,2025-08-18,GFN,cloud_gpu,RTX 5080 + Install-to-Play,https://nvidianews.nvidia.com/news/nvidia-blackwell-architecture-comes-to-geforce-now,2026-09-20,Official announcement publication date (day-level),Original announcement; not August 21 recap or September 10 rollout.,,-4,2025-08-14,3,0.2641,4.666666666666667,0.3333333333333333,0.0,pre,True,0.200944,3.26,0.3,0.32,0.06315599999999999,1.4066666666666672,0.033333333333333326,-0.32
gfn5080,2025-08-18,GFN,cloud_gpu,RTX 5080 + Install-to-Play,https://nvidianews.nvidia.com/news/nvidia-blackwell-architecture-comes-to-geforce-now,2026-09-20,Official announcement publication date (day-level),Original announcement; not August 21 recap or September 10 rollout.,,-3,2025-08-15,5,0.4514,3.4,0.2,0.4,pre,True,0.200944,3.26,0.3,0.32,0.250456,0.14000000000000012,-0.09999999999999998,0.08000000000000002
gfn5080,2025-08-18,GFN,cloud_gpu,RTX 5080 + Install-to-Play,https://nvidianews.nvidia.com/news/nvidia-blackwell-architecture-comes-to-geforce-now,2026-09-20,Official announcement publication date (day-level),Original announcement; not August 21 recap or September 10 rollout.,,-2,2025-08-16,3,0.3179,3.0,0.3333333333333333,0.3333333333333333,pre,True,0.200944,3.26,0.3,0.32,0.116956,-0.2599999999999998,0.033333333333333326,0.013333333333333308
gfn5080,2025-08-18,GFN,cloud_gpu,RTX 5080 + Install-to-Play,https://nvidianews.nvidia.com/news/nvidia-blackwell-architecture-comes-to-geforce-now,2026-09-20,Official announcement publication date (day-level),Original announcement; not August 21 recap or September 10 rollout.,,-1,2025-08-17,9,-0.0060888888888888,3.2222222222222223,0.5555555555555556,0.2222222222222222,pre,True,0.200944,3.26,0.3,0.32,-0.20703288888888882,-0.037777777777777466,0.2555555555555556,-0.0977777777777778
gfn5080,2025-08-18,GFN,cloud_gpu,RTX 5080 + Install-to-Play,https://nvidianews.nvidia.com/news/nvidia-blackwell-architecture-comes-to-geforce-now,2026-09-20,Official announcement publication date (day-level),Original announcement; not August 21 recap or September 10 rollout.,,0,2025-08-18,2,0.5292,5.0,0.0,0.0,announcement_day,True,0.200944,3.26,0.3,0.32,0.328256,1.7400000000000002,-0.3,-0.32
gfn5080,2025-08-18,GFN,cloud_gpu,RTX 5080 + Install-to-Play,https://nvidianews.nvidia.com/news/nvidia-blackwell-architecture-comes-to-geforce-now,2026-09-20,Official announcement publication date (day-level),Original announcement; not August 21 recap or September 10 rollout.,,1,2025-08-19,1,-0.6664,2.0,1.0,0.0,post,True,0.200944,3.26,0.3,0.32,-0.867344,-1.2599999999999998,0.7,-0.32
gfn5080,2025-08-18,GFN,cloud_gpu,RTX 5080 + Install-to-Play,https://nvidianews.nvidia.com/news/nvidia-blackwell-architecture-comes-to-geforce-now,2026-09-20,Official announcement publication date (day-level),Original announcement; not August 21 recap or September 10 rollout.,,2,2025-08-20,2,-0.28595,1.0,0.5,1.0,post,True,0.200944,3.26,0.3,0.32,-0.486894,-2.26,0.2,0.6799999999999999
gfn5080,2025-08-18,GFN,cloud_gpu,RTX 5080 + Install-to-Play,https://nvidianews.nvidia.com/news/nvidia-blackwell-architecture-comes-to-geforce-now,2026-09-20,Official announcement publication date (day-level),Original announcement; not August 21 recap or September 10 rollout.,,3,2025-08-21,2,0.31845,5.0,0.0,0.0,post,True,0.200944,3.26,0.3,0.32,0.117506,1.7400000000000002,-0.3,-0.32
gfn5080,2025-08-18,GFN,cloud_gpu,RTX 5080 + Install-to-Play,https://nvidianews.nvidia.com/news/nvidia-blackwell-architecture-comes-to-geforce-now,2026-09-20,Official announcement publication date (day-level),Original announcement; not August 21 recap or September 10 rollout.,,4,2025-08-22,1,0.7269,4.0,0.0,0.0,post,True,0.200944,3.26,0.3,0.32,0.525956,0.7400000000000002,-0.3,-0.32
gfn5080,2025-08-18,GFN,cloud_gpu,RTX 5080 + Install-to-Play,https://nvidianews.nvidia.com/news/nvidia-blackwell-architecture-comes-to-geforce-now,2026-09-20,Official announcement publication date (day-level),Original announcement; not August 21 recap or September 10 rollout.,,5,2025-08-23,6,0.3132666666666666,1.8333333333333333,0.1666666666666666,0.6666666666666666,post,True,0.200944,3.26,0.3,0.32,0.11232266666666657,-1.4266666666666665,-0.1333333333333334,0.3466666666666666
gfn5080,2025-08-18,GFN,cloud_gpu,RTX 5080 + Install-to-Play,https://nvidianews.nvidia.com/news/nvidia-blackwell-architecture-comes-to-geforce-now,2026-09-20,Official announcement publication date (day-level),Original announcement; not August 21 recap or September 10 rollout.,,6,2025-08-24,4,0.2068499999999999,2.25,0.5,0.5,post,True,0.200944,3.26,0.3,0.32,0.0059059999999998836,-1.0099999999999998,0.2,0.18
gfn5080,2025-08-18,GFN,cloud_gpu,RTX 5080 + Install-to-Play,https://nvidianews.nvidia.com/news/nvidia-blackwell-architecture-comes-to-geforce-now,2026-09-20,Official announcement publication date (day-level),Original announcement; not August 21 recap or September 10 rollout.,,7,2025-08-25,4,0.626125,5.0,0.0,0.0,post,True,0.200944,3.26,0.3,0.32,0.42518100000000003,1.7400000000000002,-0.3,-0.32
gfn5080,2025-08-18,GFN,cloud_gpu,RTX 5080 + Install-to-Play,https://nvidianews.nvidia.com/news/nvidia-blackwell-architecture-comes-to-geforce-now,2026-09-20,Official announcement publication date (day-level),Original announcement; not August 21 recap or September 10 rollout.,,8,2025-08-26,1,0.3809,2.0,0.0,0.0,post,True,0.200944,3.26,0.3,0.32,0.179956,-1.2599999999999998,-0.3,-0.32
gfn5080,2025-08-18,GFN,cloud_gpu,RTX 5080 + Install-to-Play,https://nvidianews.nvidia.com/news/nvidia-blackwell-architecture-comes-to-geforce-now,2026-09-20,Official announcement publication date (day-level),Original announcement; not August 21 recap or September 10 rollout.,,9,2025-08-27,3,0.2674666666666667,2.333333333333333,0.3333333333333333,0.6666666666666666,post,True,0.200944,3.26,0.3,0.32,0.06652266666666667,-0.9266666666666667,0.033333333333333326,0.3466666666666666
gfn5080,2025-08-18,GFN,cloud_gpu,RTX 5080 + Install-to-Play,https://nvidianews.nvidia.com/news/nvidia-blackwell-architecture-comes-to-geforce-now,2026-09-20,Official announcement publication date (day-level),Original announcement; not August 21 recap or September 10 rollout.,,10,2025-08-28,3,-0.3059666666666666,2.333333333333333,0.6666666666666666,0.6666666666666666,post,True,0.200944,3.26,0.3,0.32,-0.5069106666666666,-0.9266666666666667,0.36666666666666664,0.3466666666666666
gfn5080,2025-08-18,GFN,cloud_gpu,RTX 5080 + Install-to-Play,https://nvidianews.nvidia.com/news/nvidia-blackwell-architecture-comes-to-geforce-now,2026-09-20,Official announcement publication date (day-level),Original announcement; not August 21 recap or September 10 rollout.,,11,2025-08-29,2,0.25975,1.0,0.0,1.0,post,True,0.200944,3.26,0.3,0.32,0.05880599999999997,-2.26,-0.3,0.6799999999999999
gfn5080,2025-08-18,GFN,cloud_gpu,RTX 5080 + Install-to-Play,https://nvidianews.nvidia.com/news/nvidia-blackwell-architecture-comes-to-geforce-now,2026-09-20,Official announcement publication date (day-level),Original announcement; not August 21 recap or September 10 rollout.,,12,2025-08-30,1,-0.197,1.0,1.0,1.0,post,True,0.200944,3.26,0.3,0.32,-0.397944,-2.26,0.7,0.6799999999999999
gfn5080,2025-08-18,GFN,cloud_gpu,RTX 5080 + Install-to-Play,https://nvidianews.nvidia.com/news/nvidia-blackwell-architecture-comes-to-geforce-now,2026-09-20,Official announcement publication date (day-level),Original announcement; not August 21 recap or September 10 rollout.,,13,2025-08-31,3,0.3572999999999999,4.333333333333333,0.0,0.0,post,True,0.200944,3.26,0.3,0.32,0.15635599999999988,1.0733333333333333,-0.3,-0.32
gfn5080,2025-08-18,GFN,cloud_gpu,RTX 5080 + Install-to-Play,https://nvidianews.nvidia.com/news/nvidia-blackwell-architecture-comes-to-geforce-now,2026-09-20,Official announcement publication date (day-level),Original announcement; not August 21 recap or September 10 rollout.,,14,2025-09-01,2,0.84945,3.0,0.0,0.5,post,True,0.200944,3.26,0.3,0.32,0.648506,-0.2599999999999998,-0.3,0.18
ces2026,2026-01-05,GFN,platform_bundle,Linux / Fire TV (CES),https://blogs.nvidia.com/blog/geforce-now-ces-2026/,2026-09-20,Official announcement publication date (day-level),CES bundle; also near the January 2026 transition in previously announced playtime limits.,,-28,2025-12-08,5,0.36326,2.6,0.2,0.6,earlier_pre,True,0.07855666666666666,2.4,0.36666666666666664,0.5166666666666667,0.28470333333333336,0.20000000000000018,-0.16666666666666663,0.08333333333333326
ces2026,2026-01-05,GFN,platform_bundle,Linux / Fire TV (CES),https://blogs.nvidia.com/blog/geforce-now-ces-2026/,2026-09-20,Official announcement publication date (day-level),CES bundle; also near the January 2026 transition in previously announced playtime limits.,,-27,2025-12-09,4,0.428775,4.25,0.25,0.0,earlier_pre,True,0.07855666666666666,2.4,0.36666666666666664,0.5166666666666667,0.35021833333333335,1.85,-0.11666666666666664,-0.5166666666666667
ces2026,2026-01-05,GFN,platform_bundle,Linux / Fire TV (CES),https://blogs.nvidia.com/blog/geforce-now-ces-2026/,2026-09-20,Official announcement publication date (day-level),CES bundle; also near the January 2026 transition in previously announced playtime limits.,,-26,2025-12-10,8,0.1854874999999999,3.125,0.25,0.375,earlier_pre,True,0.07855666666666666,2.4,0.36666666666666664,0.5166666666666667,0.10693083333333323,0.7250000000000001,-0.11666666666666664,-0.14166666666666672
ces2026,2026-01-05,GFN,platform_bundle,Linux / Fire TV (CES),https://blogs.nvidia.com/blog/geforce-now-ces-2026/,2026-09-20,Official announcement publication date (day-level),CES bundle; also near the January 2026 transition in previously announced playtime limits.,,-25,2025-12-11,8,-0.0122624999999999,2.125,0.375,0.625,earlier_pre,True,0.07855666666666666,2.4,0.36666666666666664,0.5166666666666667,-0.09081916666666656,-0.2749999999999999,0.00833333333333336,0.10833333333333328
ces2026,2026-01-05,GFN,platform_bundle,Linux / Fire TV (CES),https://blogs.nvidia.com/blog/geforce-now-ces-2026/,2026-09-20,Official announcement publication date (day-level),CES bundle; also near the January 2026 transition in previously announced playtime limits.,,-24,2025-12-12,4,0.26565,2.5,0.25,0.25,earlier_pre,True,0.07855666666666666,2.4,0.36666666666666664,0.5166666666666667,0.18709333333333333,0.10000000000000009,-0.11666666666666664,-0.2666666666666667
ces2026,2026-01-05,GFN,platform_bundle,Linux / Fire TV (CES),https://blogs.nvidia.com/blog/geforce-now-ces-2026/,2026-09-20,Official announcement publication date (day-level),CES bundle; also near the January 2026 transition in previously announced playtime limits.,,-23,2025-12-13,4,0.209475,2.0,0.25,0.75,earlier_pre,True,0.07855666666666666,2.4,0.36666666666666664,0.5166666666666667,0.13091833333333333,-0.3999999999999999,-0.11666666666666664,0.23333333333333328
ces2026,2026-01-05,GFN,platform_bundle,Linux / Fire TV (CES),https://blogs.nvidia.com/blog/geforce-now-ces-2026/,2026-09-20,Official announcement publication date (day-level),CES bundle; also near the January 2026 transition in previously announced playtime limits.,,-22,2025-12-14,3,0.3910666666666667,2.0,0.0,0.3333333333333333,earlier_pre,True,0.07855666666666666,2.4,0.36666666666666664,0.5166666666666667,0.31251,-0.3999999999999999,-0.36666666666666664,-0.1833333333333334
ces2026,2026-01-05,GFN,platform_bundle,Linux / Fire TV (CES),https://blogs.nvidia.com/blog/geforce-now-ces-2026/,2026-09-20,Official announcement publication date (day-level),CES bundle; also near the January 2026 transition in previously announced playtime limits.,,-21,2025-12-15,5,0.4051,2.0,0.2,0.6,earlier_pre,True,0.07855666666666666,2.4,0.36666666666666664,0.5166666666666667,0.32654333333333335,-0.3999999999999999,-0.16666666666666663,0.08333333333333326
ces2026,2026-01-05,GFN,platform_bundle,Linux / Fire TV (CES),https://blogs.nvidia.com/blog/geforce-now-ces-2026/,2026-09-20,Official announcement publication date (day-level),CES bundle; also near the January 2026 transition in previously announced playtime limits.,,-20,2025-12-16,6,0.1884,1.8333333333333333,0.3333333333333333,0.5,earlier_pre,True,0.07855666666666666,2.4,0.36666666666666664,0.5166666666666667,0.10984333333333335,-0.5666666666666667,-0.033333333333333326,-0.01666666666666672
ces2026,2026-01-05,GFN,platform_bundle,Linux / Fire TV (CES),https://blogs.nvidia.com/blog/geforce-now-ces-2026/,2026-09-20,Official announcement publication date (day-level),CES bundle; also near the January 2026 transition in previously announced playtime limits.,,-19,2025-12-17,2,0.7353000000000001,3.0,0.0,0.5,earlier_pre,True,0.07855666666666666,2.4,0.36666666666666664,0.5166666666666667,0.6567433333333335,0.6000000000000001,-0.36666666666666664,-0.01666666666666672
ces2026,2026-01-05,GFN,platform_bundle,Linux / Fire TV (CES),https://blogs.nvidia.com/blog/geforce-now-ces-2026/,2026-09-20,Official announcement publication date (day-level),CES bundle; also near the January 2026 transition in previously announced playtime limits.,,-18,2025-12-18,6,0.2220999999999999,2.833333333333333,0.1666666666666666,0.5,earlier_pre,True,0.07855666666666666,2.4,0.36666666666666664,0.5166666666666667,0.14354333333333325,0.4333333333333331,-0.20000000000000004,-0.01666666666666672
ces2026,2026-01-05,GFN,platform_bundle,Linux / Fire TV (CES),https://blogs.nvidia.com/blog/geforce-now-ces-2026/,2026-09-20,Official announcement publication date (day-level),CES bundle; also near the January 2026 transition in previously announced playtime limits.,,-17,2025-12-19,7,0.1287714285714285,2.142857142857143,0.1428571428571428,0.7142857142857143,earlier_pre,True,0.07855666666666666,2.4,0.36666666666666664,0.5166666666666667,0.050214761904761845,-0.2571428571428571,-0.22380952380952385,0.19761904761904758
ces2026,2026-01-05,GFN,platform_bundle,Linux / Fire TV (CES),https://blogs.nvidia.com/blog/geforce-now-ces-2026/,2026-09-20,Official announcement publication date (day-level),CES bundle; also near the January 2026 transition in previously announced playtime limits.,,-16,2025-12-20,9,0.1277777777777777,1.8888888888888888,0.1111111111111111,0.6666666666666666,earlier_pre,True,0.07855666666666666,2.4,0.36666666666666664,0.5166666666666667,0.04922111111111105,-0.5111111111111111,-0.25555555555555554,0.1499999999999999
ces2026,2026-01-05,GFN,platform_bundle,Linux / Fire TV (CES),https://blogs.nvidia.com/blog/geforce-now-ces-2026/,2026-09-20,Official announcement publication date (day-level),CES bundle; also near the January 2026 transition in previously announced playtime limits.,,-15,2025-12-21,3,-0.0327333333333333,2.333333333333333,0.3333333333333333,0.6666666666666666,earlier_pre,True,0.07855666666666666,2.4,0.36666666666666664,0.5166666666666667,-0.11128999999999997,-0.06666666666666687,-0.033333333333333326,0.1499999999999999
ces2026,2026-01-05,GFN,platform_bundle,Linux / Fire TV (CES),https://blogs.nvidia.com/blog/geforce-now-ces-2026/,2026-09-20,Official announcement publication date (day-level),CES bundle; also near the January 2026 transition in previously announced playtime limits.,,-14,2025-12-22,3,0.1186,2.6666666666666665,0.3333333333333333,0.3333333333333333,pre,True,0.07855666666666666,2.4,0.36666666666666664,0.5166666666666667,0.040043333333333334,0.2666666666666666,-0.033333333333333326,-0.1833333333333334
ces2026,2026-01-05,GFN,platform_bundle,Linux / Fire TV (CES),https://blogs.nvidia.com/blog/geforce-now-ces-2026/,2026-09-20,Official announcement publication date (day-level),CES bundle; also near the January 2026 transition in previously announced playtime limits.,,-13,2025-12-23,2,-0.3254,1.5,0.5,0.5,pre,True,0.07855666666666666,2.4,0.36666666666666664,0.5166666666666667,-0.4039566666666667,-0.8999999999999999,0.13333333333333336,-0.01666666666666672
ces2026,2026-01-05,GFN,platform_bundle,Linux / Fire TV (CES),https://blogs.nvidia.com/blog/geforce-now-ces-2026/,2026-09-20,Official announcement publication date (day-level),CES bundle; also near the January 2026 transition in previously announced playtime limits.,,-12,2025-12-24,2,-0.28595,3.0,0.5,0.5,pre,True,0.07855666666666666,2.4,0.36666666666666664,0.5166666666666667,-0.36450666666666665,0.6000000000000001,0.13333333333333336,-0.01666666666666672
ces2026,2026-01-05,GFN,platform_bundle,Linux / Fire TV (CES),https://blogs.nvidia.com/blog/geforce-now-ces-2026/,2026-09-20,Official announcement publication date (day-level),CES bundle; also near the January 2026 transition in previously announced playtime limits.,,-11,2025-12-25,4,0.1724,1.0,0.5,1.0,pre,True,0.07855666666666666,2.4,0.36666666666666664,0.5166666666666667,0.09384333333333333,-1.4,0.13333333333333336,0.4833333333333333
ces2026,2026-01-05,GFN,platform_bundle,Linux / Fire TV (CES),https://blogs.nvidia.com/blog/geforce-now-ces-2026/,2026-09-20,Official announcement publication date (day-level),CES bundle; also near the January 2026 transition in previously announced playtime limits.,,-10,2025-12-26,5,-0.0750399999999999,1.8,0.6,0.6,pre,True,0.07855666666666666,2.4,0.36666666666666664,0.5166666666666667,-0.15359666666666655,-0.5999999999999999,0.23333333333333334,0.08333333333333326
ces2026,2026-01-05,GFN,platform_bundle,Linux / Fire TV (CES),https://blogs.nvidia.com/blog/geforce-now-ces-2026/,2026-09-20,Official announcement publication date (day-level),CES bundle; also near the January 2026 transition in previously announced playtime limits.,,-9,2025-12-27,8,-0.0835125,2.5,0.625,0.625,pre,True,0.07855666666666666,2.4,0.36666666666666664,0.5166666666666667,-0.16206916666666665,0.10000000000000009,0.25833333333333336,0.10833333333333328
ces2026,2026-01-05,GFN,platform_bundle,Linux / Fire TV (CES),https://blogs.nvidia.com/blog/geforce-now-ces-2026/,2026-09-20,Official announcement publication date (day-level),CES bundle; also near the January 2026 transition in previously announced playtime limits.,,-8,2025-12-28,2,-0.1711,1.0,0.5,1.0,pre,True,0.07855666666666666,2.4,0.36666666666666664,0.5166666666666667,-0.24965666666666667,-1.4,0.13333333333333336,0.4833333333333333
ces2026,2026-01-05,GFN,platform_bundle,Linux / Fire TV (CES),https://blogs.nvidia.com/blog/geforce-now-ces-2026/,2026-09-20,Official announcement publication date (day-level),CES bundle; also near the January 2026 transition in previously announced playtime limits.,,-7,2025-12-29,4,0.1914249999999999,3.5,0.0,0.25,pre,True,0.07855666666666666,2.4,0.36666666666666664,0.5166666666666667,0.11286833333333324,1.1,-0.36666666666666664,-0.2666666666666667
ces2026,2026-01-05,GFN,platform_bundle,Linux / Fire TV (CES),https://blogs.nvidia.com/blog/geforce-now-ces-2026/,2026-09-20,Official announcement publication date (day-level),CES bundle; also near the January 2026 transition in previously announced playtime limits.,,-6,2025-12-30,4,0.141675,1.75,0.0,0.5,pre,True,0.07855666666666666,2.4,0.36666666666666664,0.5166666666666667,0.06311833333333333,-0.6499999999999999,-0.36666666666666664,-0.01666666666666672
ces2026,2026-01-05,GFN,platform_bundle,Linux / Fire TV (CES),https://blogs.nvidia.com/blog/geforce-now-ces-2026/,2026-09-20,Official announcement publication date (day-level),CES bundle; also near the January 2026 transition in previously announced playtime limits.,,-5,2025-12-31,7,-0.0170857142857142,2.7142857142857144,0.4285714285714285,0.4285714285714285,pre,True,0.07855666666666666,2.4,0.36666666666666664,0.5166666666666667,-0.09564238095238087,0.3142857142857145,0.06190476190476185,-0.08809523809523823
ces2026,2026-01-05,GFN,platform_bundle,Linux / Fire TV (CES),https://blogs.nvidia.com/blog/geforce-now-ces-2026/,2026-09-20,Official announcement publication date (day-level),CES bundle; also near the January 2026 transition in previously announced playtime limits.,,-4,2026-01-01,4,0.42855,4.25,0.0,0.0,pre,True,0.07855666666666666,2.4,0.36666666666666664,0.5166666666666667,0.3499933333333333,1.85,-0.36666666666666664,-0.5166666666666667
ces2026,2026-01-05,GFN,platform_bundle,Linux / Fire TV (CES),https://blogs.nvidia.com/blog/geforce-now-ces-2026/,2026-09-20,Official announcement publication date (day-level),CES bundle; also near the January 2026 transition in previously announced playtime limits.,,-3,2026-01-02,5,0.3444399999999999,2.0,0.2,0.6,pre,True,0.07855666666666666,2.4,0.36666666666666664,0.5166666666666667,0.26588333333333325,-0.3999999999999999,-0.16666666666666663,0.08333333333333326
ces2026,2026-01-05,GFN,platform_bundle,Linux / Fire TV (CES),https://blogs.nvidia.com/blog/geforce-now-ces-2026/,2026-09-20,Official announcement publication date (day-level),CES bundle; also near the January 2026 transition in previously announced playtime limits.,,-2,2026-01-03,4,0.458975,3.75,0.0,0.0,pre,True,0.07855666666666666,2.4,0.36666666666666664,0.5166666666666667,0.38041833333333336,1.35,-0.36666666666666664,-0.5166666666666667
ces2026,2026-01-05,GFN,platform_bundle,Linux / Fire TV (CES),https://blogs.nvidia.com/blog/geforce-now-ces-2026/,2026-09-20,Official announcement publication date (day-level),CES bundle; also near the January 2026 transition in previously announced playtime limits.,,-1,2026-01-04,6,-0.0348166666666666,1.6666666666666667,0.6666666666666666,0.8333333333333334,pre,True,0.07855666666666666,2.4,0.36666666666666664,0.5166666666666667,-0.11337333333333327,-0.7333333333333332,0.3,0.31666666666666665
ces2026,2026-01-05,GFN,platform_bundle,Linux / Fire TV (CES),https://blogs.nvidia.com/blog/geforce-now-ces-2026/,2026-09-20,Official announcement publication date (day-level),CES bundle; also near the January 2026 transition in previously announced playtime limits.,,0,2026-01-05,4,0.157775,3.5,0.5,0.25,announcement_day,True,0.07855666666666666,2.4,0.36666666666666664,0.5166666666666667,0.07921833333333334,1.1,0.13333333333333336,-0.2666666666666667
ces2026,2026-01-05,GFN,platform_bundle,Linux / Fire TV (CES),https://blogs.nvidia.com/blog/geforce-now-ces-2026/,2026-09-20,Official announcement publication date (day-level),CES bundle; also near the January 2026 transition in previously announced playtime limits.,,1,2026-01-06,5,0.16994,2.0,0.4,0.6,post,True,0.07855666666666666,2.4,0.36666666666666664,0.5166666666666667,0.09138333333333334,-0.3999999999999999,0.03333333333333338,0.08333333333333326
ces2026,2026-01-05,GFN,platform_bundle,Linux / Fire TV (CES),https://blogs.nvidia.com/blog/geforce-now-ces-2026/,2026-09-20,Official announcement publication date (day-level),CES bundle; also near the January 2026 transition in previously announced playtime limits.,,2,2026-01-07,6,0.1245166666666666,2.333333333333333,0.3333333333333333,0.5,post,True,0.07855666666666666,2.4,0.36666666666666664,0.5166666666666667,0.04595999999999993,-0.06666666666666687,-0.033333333333333326,-0.01666666666666672
ces2026,2026-01-05,GFN,platform_bundle,Linux / Fire TV (CES),https://blogs.nvidia.com/blog/geforce-now-ces-2026/,2026-09-20,Official announcement publication date (day-level),CES bundle; also near the January 2026 transition in previously announced playtime limits.,,3,2026-01-08,2,-0.12615,1.5,0.5,0.5,post,True,0.07855666666666666,2.4,0.36666666666666664,0.5166666666666667,-0.20470666666666668,-0.8999999999999999,0.13333333333333336,-0.01666666666666672
ces2026,2026-01-05,GFN,platform_bundle,Linux / Fire TV (CES),https://blogs.nvidia.com/blog/geforce-now-ces-2026/,2026-09-20,Official announcement publication date (day-level),CES bundle; also near the January 2026 transition in previously announced playtime limits.,,4,2026-01-09,2,0.51465,4.5,0.0,0.0,post,True,0.07855666666666666,2.4,0.36666666666666664,0.5166666666666667,0.4360933333333334,2.1,-0.36666666666666664,-0.5166666666666667
ces2026,2026-01-05,GFN,platform_bundle,Linux / Fire TV (CES),https://blogs.nvidia.com/blog/geforce-now-ces-2026/,2026-09-20,Official announcement publication date (day-level),CES bundle; also near the January 2026 transition in previously announced playtime limits.,,5,2026-01-10,4,0.406875,3.0,0.0,0.25,post,True,0.07855666666666666,2.4,0.36666666666666664,0.5166666666666667,0.3283183333333333,0.6000000000000001,-0.36666666666666664,-0.2666666666666667
ces2026,2026-01-05,GFN,platform_bundle,Linux / Fire TV (CES),https://blogs.nvidia.com/blog/geforce-now-ces-2026/,2026-09-20,Official announcement publication date (day-level),CES bundle; also near the January 2026 transition in previously announced playtime limits.,,6,2026-01-11,3,0.0446333333333333,2.333333333333333,0.6666666666666666,0.6666666666666666,post,True,0.07855666666666666,2.4,0.36666666666666664,0.5166666666666667,-0.03392333333333336,-0.06666666666666687,0.3,0.1499999999999999
ces2026,2026-01-05,GFN,platform_bundle,Linux / Fire TV (CES),https://blogs.nvidia.com/blog/geforce-now-ces-2026/,2026-09-20,Official announcement publication date (day-level),CES bundle; also near the January 2026 transition in previously announced playtime limits.,,7,2026-01-12,1,0.7184,5.0,0.0,0.0,post,True,0.07855666666666666,2.4,0.36666666666666664,0.5166666666666667,0.6398433333333333,2.6,-0.36666666666666664,-0.5166666666666667
ces2026,2026-01-05,GFN,platform_bundle,Linux / Fire TV (CES),https://blogs.nvidia.com/blog/geforce-now-ces-2026/,2026-09-20,Official announcement publication date (day-level),CES bundle; also near the January 2026 transition in previously announced playtime limits.,,8,2026-01-13,5,-0.03666,2.8,0.6,0.4,post,True,0.07855666666666666,2.4,0.36666666666666664,0.5166666666666667,-0.11521666666666666,0.3999999999999999,0.23333333333333334,-0.1166666666666667
ces2026,2026-01-05,GFN,platform_bundle,Linux / Fire TV (CES),https://blogs.nvidia.com/blog/geforce-now-ces-2026/,2026-09-20,Official announcement publication date (day-level),CES bundle; also near the January 2026 transition in previously announced playtime limits.,,9,2026-01-14,2,0.3641,1.0,0.0,1.0,post,True,0.07855666666666666,2.4,0.36666666666666664,0.5166666666666667,0.2855433333333333,-1.4,-0.36666666666666664,0.4833333333333333
ces2026,2026-01-05,GFN,platform_bundle,Linux / Fire TV (CES),https://blogs.nvidia.com/blog/geforce-now-ces-2026/,2026-09-20,Official announcement publication date (day-level),CES bundle; also near the January 2026 transition in previously announced playtime limits.,,10,2026-01-15,2,-0.148,3.0,0.5,0.0,post,True,0.07855666666666666,2.4,0.36666666666666664,0.5166666666666667,-0.22655666666666666,0.6000000000000001,0.13333333333333336,-0.5166666666666667
ces2026,2026-01-05,GFN,platform_bundle,Linux / Fire TV (CES),https://blogs.nvidia.com/blog/geforce-now-ces-2026/,2026-09-20,Official announcement publication date (day-level),CES bundle; also near the January 2026 transition in previously announced playtime limits.,,11,2026-01-16,4,-0.133325,1.0,0.5,1.0,post,True,0.07855666666666666,2.4,0.36666666666666664,0.5166666666666667,-0.21188166666666666,-1.4,0.13333333333333336,0.4833333333333333
ces2026,2026-01-05,GFN,platform_bundle,Linux / Fire TV (CES),https://blogs.nvidia.com/blog/geforce-now-ces-2026/,2026-09-20,Official announcement publication date (day-level),CES bundle; also near the January 2026 transition in previously announced playtime limits.,,12,2026-01-17,0,,,,,post,True,0.07855666666666666,2.4,0.36666666666666664,0.5166666666666667,,,,
ces2026,2026-01-05,GFN,platform_bundle,Linux / Fire TV (CES),https://blogs.nvidia.com/blog/geforce-now-ces-2026/,2026-09-20,Official announcement publication date (day-level),CES bundle; also near the January 2026 transition in previously announced playtime limits.,,13,2026-01-18,4,0.2552,1.25,0.25,0.75,post,True,0.07855666666666666,2.4,0.36666666666666664,0.5166666666666667,0.17664333333333332,-1.15,-0.11666666666666664,0.23333333333333328
ces2026,2026-01-05,GFN,platform_bundle,Linux / Fire TV (CES),https://blogs.nvidia.com/blog/geforce-now-ces-2026/,2026-09-20,Official announcement publication date (day-level),CES bundle; also near the January 2026 transition in previously announced playtime limits.,,14,2026-01-19,2,0.4324,3.0,0.5,0.5,post,True,0.07855666666666666,2.4,0.36666666666666664,0.5166666666666667,0.35384333333333334,0.6000000000000001,0.13333333333333336,-0.01666666666666672
gamescom2026,2026-08-25,GFN,feature_platform_bundle,DLSS / device expansion (Gamescom),https://www.nvidia.com/en-us/geforce/news/gamescom-2026-nvidia-geforce-rtx-dlss-4-5-announcements/,2026-09-20,Official announcement publication date (day-level),"Original Gamescom publication, not August 27 recap; nearby Linux/Firefox updates are confounders.",,-28,2026-07-28,7,0.2693,2.4285714285714284,0.1428571428571428,0.5714285714285714,earlier_pre,True,0.14957627118644068,2.957627118644068,0.3135593220338983,0.4322033898305085,0.1197237288135593,-0.5290556900726395,-0.1707021791767555,0.1392251815980629
gamescom2026,2026-08-25,GFN,feature_platform_bundle,DLSS / device expansion (Gamescom),https://www.nvidia.com/en-us/geforce/news/gamescom-2026-nvidia-geforce-rtx-dlss-4-5-announcements/,2026-09-20,Official announcement publication date (day-level),"Original Gamescom publication, not August 27 recap; nearby Linux/Firefox updates are confounders.",,-27,2026-07-29,8,0.2305249999999999,3.375,0.25,0.375,earlier_pre,True,0.14957627118644068,2.957627118644068,0.3135593220338983,0.4322033898305085,0.08094872881355922,0.4173728813559321,-0.0635593220338983,-0.05720338983050849
gamescom2026,2026-08-25,GFN,feature_platform_bundle,DLSS / device expansion (Gamescom),https://www.nvidia.com/en-us/geforce/news/gamescom-2026-nvidia-geforce-rtx-dlss-4-5-announcements/,2026-09-20,Official announcement publication date (day-level),"Original Gamescom publication, not August 27 recap; nearby Linux/Firefox updates are confounders.",,-26,2026-07-30,5,-0.15474,2.6,0.4,0.4,earlier_pre,True,0.14957627118644068,2.957627118644068,0.3135593220338983,0.4322033898305085,-0.30431627118644067,-0.3576271186440678,0.08644067796610172,-0.032203389830508466
gamescom2026,2026-08-25,GFN,feature_platform_bundle,DLSS / device expansion (Gamescom),https://www.nvidia.com/en-us/geforce/news/gamescom-2026-nvidia-geforce-rtx-dlss-4-5-announcements/,2026-09-20,Official announcement publication date (day-level),"Original Gamescom publication, not August 27 recap; nearby Linux/Firefox updates are confounders.",,-25,2026-07-31,6,0.3122333333333333,1.8333333333333333,0.1666666666666666,0.3333333333333333,earlier_pre,True,0.14957627118644068,2.957627118644068,0.3135593220338983,0.4322033898305085,0.16265706214689263,-1.1242937853107347,-0.1468926553672317,-0.09887005649717517
gamescom2026,2026-08-25,GFN,feature_platform_bundle,DLSS / device expansion (Gamescom),https://www.nvidia.com/en-us/geforce/news/gamescom-2026-nvidia-geforce-rtx-dlss-4-5-announcements/,2026-09-20,Official announcement publication date (day-level),"Original Gamescom publication, not August 27 recap; nearby Linux/Firefox updates are confounders.",,-24,2026-08-01,6,0.3509,3.5,0.3333333333333333,0.3333333333333333,earlier_pre,True,0.14957627118644068,2.957627118644068,0.3135593220338983,0.4322033898305085,0.2013237288135593,0.5423728813559321,0.019774011299435013,-0.09887005649717517
gamescom2026,2026-08-25,GFN,feature_platform_bundle,DLSS / device expansion (Gamescom),https://www.nvidia.com/en-us/geforce/news/gamescom-2026-nvidia-geforce-rtx-dlss-4-5-announcements/,2026-09-20,Official announcement publication date (day-level),"Original Gamescom publication, not August 27 recap; nearby Linux/Firefox updates are confounders.",,-23,2026-08-02,2,0.3367,2.5,0.0,0.5,earlier_pre,True,0.14957627118644068,2.957627118644068,0.3135593220338983,0.4322033898305085,0.18712372881355932,-0.4576271186440679,-0.3135593220338983,0.06779661016949151
gamescom2026,2026-08-25,GFN,feature_platform_bundle,DLSS / device expansion (Gamescom),https://www.nvidia.com/en-us/geforce/news/gamescom-2026-nvidia-geforce-rtx-dlss-4-5-announcements/,2026-09-20,Official announcement publication date (day-level),"Original Gamescom publication, not August 27 recap; nearby Linux/Firefox updates are confounders.",,-22,2026-08-03,5,-0.12584,3.2,0.6,0.4,earlier_pre,True,0.14957627118644068,2.957627118644068,0.3135593220338983,0.4322033898305085,-0.2754162711864407,0.24237288135593227,0.2864406779661017,-0.032203389830508466
gamescom2026,2026-08-25,GFN,feature_platform_bundle,DLSS / device expansion (Gamescom),https://www.nvidia.com/en-us/geforce/news/gamescom-2026-nvidia-geforce-rtx-dlss-4-5-announcements/,2026-09-20,Official announcement publication date (day-level),"Original Gamescom publication, not August 27 recap; nearby Linux/Firefox updates are confounders.",,-21,2026-08-04,1,0.0,1.0,0.0,1.0,earlier_pre,True,0.14957627118644068,2.957627118644068,0.3135593220338983,0.4322033898305085,-0.14957627118644068,-1.957627118644068,-0.3135593220338983,0.5677966101694916
gamescom2026,2026-08-25,GFN,feature_platform_bundle,DLSS / device expansion (Gamescom),https://www.nvidia.com/en-us/geforce/news/gamescom-2026-nvidia-geforce-rtx-dlss-4-5-announcements/,2026-09-20,Official announcement publication date (day-level),"Original Gamescom publication, not August 27 recap; nearby Linux/Firefox updates are confounders.",,-20,2026-08-05,2,0.2777,1.0,0.0,1.0,earlier_pre,True,0.14957627118644068,2.957627118644068,0.3135593220338983,0.4322033898305085,0.12812372881355932,-1.957627118644068,-0.3135593220338983,0.5677966101694916
gamescom2026,2026-08-25,GFN,feature_platform_bundle,DLSS / device expansion (Gamescom),https://www.nvidia.com/en-us/geforce/news/gamescom-2026-nvidia-geforce-rtx-dlss-4-5-announcements/,2026-09-20,Official announcement publication date (day-level),"Original Gamescom publication, not August 27 recap; nearby Linux/Firefox updates are confounders.",,-19,2026-08-06,11,0.2097818181818181,3.090909090909091,0.1818181818181818,0.1818181818181818,earlier_pre,True,0.14957627118644068,2.957627118644068,0.3135593220338983,0.4322033898305085,0.06020554699537742,0.13328197226502292,-0.1317411402157165,-0.25038520801232667
gamescom2026,2026-08-25,GFN,feature_platform_bundle,DLSS / device expansion (Gamescom),https://www.nvidia.com/en-us/geforce/news/gamescom-2026-nvidia-geforce-rtx-dlss-4-5-announcements/,2026-09-20,Official announcement publication date (day-level),"Original Gamescom publication, not August 27 recap; nearby Linux/Firefox updates are confounders.",,-18,2026-08-07,3,-0.4313666666666667,1.0,1.0,1.0,earlier_pre,True,0.14957627118644068,2.957627118644068,0.3135593220338983,0.4322033898305085,-0.5809429378531074,-1.957627118644068,0.6864406779661016,0.5677966101694916
gamescom2026,2026-08-25,GFN,feature_platform_bundle,DLSS / device expansion (Gamescom),https://www.nvidia.com/en-us/geforce/news/gamescom-2026-nvidia-geforce-rtx-dlss-4-5-announcements/,2026-09-20,Official announcement publication date (day-level),"Original Gamescom publication, not August 27 recap; nearby Linux/Firefox updates are confounders.",,-17,2026-08-08,11,0.1980909090909091,2.8181818181818183,0.2727272727272727,0.4545454545454545,earlier_pre,True,0.14957627118644068,2.957627118644068,0.3135593220338983,0.4322033898305085,0.048514637904468416,-0.13944530046224957,-0.040832049306625595,0.022342064714945986
gamescom2026,2026-08-25,GFN,feature_platform_bundle,DLSS / device expansion (Gamescom),https://www.nvidia.com/en-us/geforce/news/gamescom-2026-nvidia-geforce-rtx-dlss-4-5-announcements/,2026-09-20,Official announcement publication date (day-level),"Original Gamescom publication, not August 27 recap; nearby Linux/Firefox updates are confounders.",,-16,2026-08-09,7,0.1151,3.2857142857142856,0.2857142857142857,0.4285714285714285,earlier_pre,True,0.14957627118644068,2.957627118644068,0.3135593220338983,0.4322033898305085,-0.034476271186440685,0.3280871670702177,-0.027845036319612604,-0.0036319612590799966
gamescom2026,2026-08-25,GFN,feature_platform_bundle,DLSS / device expansion (Gamescom),https://www.nvidia.com/en-us/geforce/news/gamescom-2026-nvidia-geforce-rtx-dlss-4-5-announcements/,2026-09-20,Official announcement publication date (day-level),"Original Gamescom publication, not August 27 recap; nearby Linux/Firefox updates are confounders.",,-15,2026-08-10,6,0.1628833333333333,2.333333333333333,0.5,0.6666666666666666,earlier_pre,True,0.14957627118644068,2.957627118644068,0.3135593220338983,0.4322033898305085,0.013307062146892618,-0.6242937853107349,0.1864406779661017,0.23446327683615814
gamescom2026,2026-08-25,GFN,feature_platform_bundle,DLSS / device expansion (Gamescom),https://www.nvidia.com/en-us/geforce/news/gamescom-2026-nvidia-geforce-rtx-dlss-4-5-announcements/,2026-09-20,Official announcement publication date (day-level),"Original Gamescom publication, not August 27 recap; nearby Linux/Firefox updates are confounders.",,-14,2026-08-11,3,-0.0910666666666666,2.0,0.3333333333333333,0.6666666666666666,pre,True,0.14957627118644068,2.957627118644068,0.3135593220338983,0.4322033898305085,-0.24064293785310728,-0.9576271186440679,0.019774011299435013,0.23446327683615814
gamescom2026,2026-08-25,GFN,feature_platform_bundle,DLSS / device expansion (Gamescom),https://www.nvidia.com/en-us/geforce/news/gamescom-2026-nvidia-geforce-rtx-dlss-4-5-announcements/,2026-09-20,Official announcement publication date (day-level),"Original Gamescom publication, not August 27 recap; nearby Linux/Firefox updates are confounders.",,-13,2026-08-12,8,0.1507875,2.375,0.375,0.625,pre,True,0.14957627118644068,2.957627118644068,0.3135593220338983,0.4322033898305085,0.0012112288135593119,-0.5826271186440679,0.0614406779661017,0.1927966101694915
gamescom2026,2026-08-25,GFN,feature_platform_bundle,DLSS / device expansion (Gamescom),https://www.nvidia.com/en-us/geforce/news/gamescom-2026-nvidia-geforce-rtx-dlss-4-5-announcements/,2026-09-20,Official announcement publication date (day-level),"Original Gamescom publication, not August 27 recap; nearby Linux/Firefox updates are confounders.",,-12,2026-08-13,6,-0.3467166666666666,2.333333333333333,0.6666666666666666,0.6666666666666666,pre,True,0.14957627118644068,2.957627118644068,0.3135593220338983,0.4322033898305085,-0.4962929378531073,-0.6242937853107349,0.3531073446327683,0.23446327683615814
gamescom2026,2026-08-25,GFN,feature_platform_bundle,DLSS / device expansion (Gamescom),https://www.nvidia.com/en-us/geforce/news/gamescom-2026-nvidia-geforce-rtx-dlss-4-5-announcements/,2026-09-20,Official announcement publication date (day-level),"Original Gamescom publication, not August 27 recap; nearby Linux/Firefox updates are confounders.",,-11,2026-08-14,7,0.2357285714285714,2.571428571428572,0.2857142857142857,0.5714285714285714,pre,True,0.14957627118644068,2.957627118644068,0.3135593220338983,0.4322033898305085,0.08615230024213072,-0.38619854721549585,-0.027845036319612604,0.1392251815980629
gamescom2026,2026-08-25,GFN,feature_platform_bundle,DLSS / device expansion (Gamescom),https://www.nvidia.com/en-us/geforce/news/gamescom-2026-nvidia-geforce-rtx-dlss-4-5-announcements/,2026-09-20,Official announcement publication date (day-level),"Original Gamescom publication, not August 27 recap; nearby Linux/Firefox updates are confounders.",,-10,2026-08-15,10,0.25186,2.7,0.2,0.5,pre,True,0.14957627118644068,2.957627118644068,0.3135593220338983,0.4322033898305085,0.1022837288135593,-0.25762711864406773,-0.11355932203389829,0.06779661016949151
gamescom2026,2026-08-25,GFN,feature_platform_bundle,DLSS / device expansion (Gamescom),https://www.nvidia.com/en-us/geforce/news/gamescom-2026-nvidia-geforce-rtx-dlss-4-5-announcements/,2026-09-20,Official announcement publication date (day-level),"Original Gamescom publication, not August 27 recap; nearby Linux/Firefox updates are confounders.",,-9,2026-08-16,7,0.1898,3.571428571428572,0.4285714285714285,0.1428571428571428,pre,True,0.14957627118644068,2.957627118644068,0.3135593220338983,0.4322033898305085,0.04022372881355932,0.6138014527845042,0.11501210653753019,-0.2893462469733657
gamescom2026,2026-08-25,GFN,feature_platform_bundle,DLSS / device expansion (Gamescom),https://www.nvidia.com/en-us/geforce/news/gamescom-2026-nvidia-geforce-rtx-dlss-4-5-announcements/,2026-09-20,Official announcement publication date (day-level),"Original Gamescom publication, not August 27 recap; nearby Linux/Firefox updates are confounders.",,-8,2026-08-17,7,0.0915571428571428,2.4285714285714284,0.2857142857142857,0.5714285714285714,pre,True,0.14957627118644068,2.957627118644068,0.3135593220338983,0.4322033898305085,-0.058019128329297884,-0.5290556900726395,-0.027845036319612604,0.1392251815980629
gamescom2026,2026-08-25,GFN,feature_platform_bundle,DLSS / device expansion (Gamescom),https://www.nvidia.com/en-us/geforce/news/gamescom-2026-nvidia-geforce-rtx-dlss-4-5-announcements/,2026-09-20,Official announcement publication date (day-level),"Original Gamescom publication, not August 27 recap; nearby Linux/Firefox updates are confounders.",,-7,2026-08-18,6,0.0350666666666666,2.6666666666666665,0.6666666666666666,0.5,pre,True,0.14957627118644068,2.957627118644068,0.3135593220338983,0.4322033898305085,-0.11450960451977407,-0.2909604519774014,0.3531073446327683,0.06779661016949151
gamescom2026,2026-08-25,GFN,feature_platform_bundle,DLSS / device expansion (Gamescom),https://www.nvidia.com/en-us/geforce/news/gamescom-2026-nvidia-geforce-rtx-dlss-4-5-announcements/,2026-09-20,Official announcement publication date (day-level),"Original Gamescom publication, not August 27 recap; nearby Linux/Firefox updates are confounders.",,-6,2026-08-19,11,0.2896818181818182,3.8181818181818175,0.0909090909090909,0.2727272727272727,pre,True,0.14957627118644068,2.957627118644068,0.3135593220338983,0.4322033898305085,0.14010554699537753,0.8605546995377495,-0.22265023112480742,-0.15947611710323578
gamescom2026,2026-08-25,GFN,feature_platform_bundle,DLSS / device expansion (Gamescom),https://www.nvidia.com/en-us/geforce/news/gamescom-2026-nvidia-geforce-rtx-dlss-4-5-announcements/,2026-09-20,Official announcement publication date (day-level),"Original Gamescom publication, not August 27 recap; nearby Linux/Firefox updates are confounders.",,-5,2026-08-20,11,0.2492363636363636,2.909090909090909,0.3636363636363636,0.3636363636363636,pre,True,0.14957627118644068,2.957627118644068,0.3135593220338983,0.4322033898305085,0.09966009244992291,-0.04853620955315874,0.05007704160246529,-0.0685670261941449
gamescom2026,2026-08-25,GFN,feature_platform_bundle,DLSS / device expansion (Gamescom),https://www.nvidia.com/en-us/geforce/news/gamescom-2026-nvidia-geforce-rtx-dlss-4-5-announcements/,2026-09-20,Official announcement publication date (day-level),"Original Gamescom publication, not August 27 recap; nearby Linux/Firefox updates are confounders.",,-4,2026-08-21,12,0.3800583333333333,3.333333333333333,0.0833333333333333,0.3333333333333333,pre,True,0.14957627118644068,2.957627118644068,0.3135593220338983,0.4322033898305085,0.2304820621468926,0.37570621468926513,-0.230225988700565,-0.09887005649717517
gamescom2026,2026-08-25,GFN,feature_platform_bundle,DLSS / device expansion (Gamescom),https://www.nvidia.com/en-us/geforce/news/gamescom-2026-nvidia-geforce-rtx-dlss-4-5-announcements/,2026-09-20,Official announcement publication date (day-level),"Original Gamescom publication, not August 27 recap; nearby Linux/Firefox updates are confounders.",,-3,2026-08-22,12,-0.0011333333333333,3.1666666666666665,0.4166666666666667,0.3333333333333333,pre,True,0.14957627118644068,2.957627118644068,0.3135593220338983,0.4322033898305085,-0.15070960451977397,0.2090395480225986,0.10310734463276838,-0.09887005649717517
gamescom2026,2026-08-25,GFN,feature_platform_bundle,DLSS / device expansion (Gamescom),https://www.nvidia.com/en-us/geforce/news/gamescom-2026-nvidia-geforce-rtx-dlss-4-5-announcements/,2026-09-20,Official announcement publication date (day-level),"Original Gamescom publication, not August 27 recap; nearby Linux/Firefox updates are confounders.",,-2,2026-08-23,8,-0.0183625,2.375,0.375,0.625,pre,True,0.14957627118644068,2.957627118644068,0.3135593220338983,0.4322033898305085,-0.16793877118644068,-0.5826271186440679,0.0614406779661017,0.1927966101694915
gamescom2026,2026-08-25,GFN,feature_platform_bundle,DLSS / device expansion (Gamescom),https://www.nvidia.com/en-us/geforce/news/gamescom-2026-nvidia-geforce-rtx-dlss-4-5-announcements/,2026-09-20,Official announcement publication date (day-level),"Original Gamescom publication, not August 27 recap; nearby Linux/Firefox updates are confounders.",,-1,2026-08-24,10,0.21203,3.6,0.2,0.3,pre,True,0.14957627118644068,2.957627118644068,0.3135593220338983,0.4322033898305085,0.06245372881355932,0.6423728813559322,-0.11355932203389829,-0.1322033898305085
gamescom2026,2026-08-25,GFN,feature_platform_bundle,DLSS / device expansion (Gamescom),https://www.nvidia.com/en-us/geforce/news/gamescom-2026-nvidia-geforce-rtx-dlss-4-5-announcements/,2026-09-20,Official announcement publication date (day-level),"Original Gamescom publication, not August 27 recap; nearby Linux/Firefox updates are confounders.",,0,2026-08-25,12,0.1999583333333333,2.25,0.1666666666666666,0.5,announcement_day,True,0.14957627118644068,2.957627118644068,0.3135593220338983,0.4322033898305085,0.050382062146892614,-0.7076271186440679,-0.1468926553672317,0.06779661016949151
gamescom2026,2026-08-25,GFN,feature_platform_bundle,DLSS / device expansion (Gamescom),https://www.nvidia.com/en-us/geforce/news/gamescom-2026-nvidia-geforce-rtx-dlss-4-5-announcements/,2026-09-20,Official announcement publication date (day-level),"Original Gamescom publication, not August 27 recap; nearby Linux/Firefox updates are confounders.",,1,2026-08-26,8,0.22475,2.375,0.125,0.375,post,True,0.14957627118644068,2.957627118644068,0.3135593220338983,0.4322033898305085,0.07517372881355933,-0.5826271186440679,-0.1885593220338983,-0.05720338983050849
gamescom2026,2026-08-25,GFN,feature_platform_bundle,DLSS / device expansion (Gamescom),https://www.nvidia.com/en-us/geforce/news/gamescom-2026-nvidia-geforce-rtx-dlss-4-5-announcements/,2026-09-20,Official announcement publication date (day-level),"Original Gamescom publication, not August 27 recap; nearby Linux/Firefox updates are confounders.",,2,2026-08-27,6,0.29955,3.333333333333333,0.5,0.3333333333333333,post,True,0.14957627118644068,2.957627118644068,0.3135593220338983,0.4322033898305085,0.1499737288135593,0.37570621468926513,0.1864406779661017,-0.09887005649717517
gamescom2026,2026-08-25,GFN,feature_platform_bundle,DLSS / device expansion (Gamescom),https://www.nvidia.com/en-us/geforce/news/gamescom-2026-nvidia-geforce-rtx-dlss-4-5-announcements/,2026-09-20,Official announcement publication date (day-level),"Original Gamescom publication, not August 27 recap; nearby Linux/Firefox updates are confounders.",,3,2026-08-28,8,0.2073875,3.375,0.25,0.375,post,True,0.14957627118644068,2.957627118644068,0.3135593220338983,0.4322033898305085,0.05781122881355932,0.4173728813559321,-0.0635593220338983,-0.05720338983050849
gamescom2026,2026-08-25,GFN,feature_platform_bundle,DLSS / device expansion (Gamescom),https://www.nvidia.com/en-us/geforce/news/gamescom-2026-nvidia-geforce-rtx-dlss-4-5-announcements/,2026-09-20,Official announcement publication date (day-level),"Original Gamescom publication, not August 27 recap; nearby Linux/Firefox updates are confounders.",,4,2026-08-29,5,0.4634999999999999,3.6,0.0,0.2,post,True,0.14957627118644068,2.957627118644068,0.3135593220338983,0.4322033898305085,0.31392372881355923,0.6423728813559322,-0.3135593220338983,-0.23220338983050848
gamescom2026,2026-08-25,GFN,feature_platform_bundle,DLSS / device expansion (Gamescom),https://www.nvidia.com/en-us/geforce/news/gamescom-2026-nvidia-geforce-rtx-dlss-4-5-announcements/,2026-09-20,Official announcement publication date (day-level),"Original Gamescom publication, not August 27 recap; nearby Linux/Firefox updates are confounders.",,5,2026-08-30,5,0.47198,3.6,0.0,0.2,post,True,0.14957627118644068,2.957627118644068,0.3135593220338983,0.4322033898305085,0.32240372881355933,0.6423728813559322,-0.3135593220338983,-0.23220338983050848
gamescom2026,2026-08-25,GFN,feature_platform_bundle,DLSS / device expansion (Gamescom),https://www.nvidia.com/en-us/geforce/news/gamescom-2026-nvidia-geforce-rtx-dlss-4-5-announcements/,2026-09-20,Official announcement publication date (day-level),"Original Gamescom publication, not August 27 recap; nearby Linux/Firefox updates are confounders.",,6,2026-08-31,6,0.1351166666666666,2.833333333333333,0.3333333333333333,0.5,post,True,0.14957627118644068,2.957627118644068,0.3135593220338983,0.4322033898305085,-0.014459604519774072,-0.12429378531073487,0.019774011299435013,0.06779661016949151
gamescom2026,2026-08-25,GFN,feature_platform_bundle,DLSS / device expansion (Gamescom),https://www.nvidia.com/en-us/geforce/news/gamescom-2026-nvidia-geforce-rtx-dlss-4-5-announcements/,2026-09-20,Official announcement publication date (day-level),"Original Gamescom publication, not August 27 recap; nearby Linux/Firefox updates are confounders.",,7,2026-09-01,3,0.2902,1.0,0.0,1.0,post,True,0.14957627118644068,2.957627118644068,0.3135593220338983,0.4322033898305085,0.14062372881355933,-1.957627118644068,-0.3135593220338983,0.5677966101694916
gamescom2026,2026-08-25,GFN,feature_platform_bundle,DLSS / device expansion (Gamescom),https://www.nvidia.com/en-us/geforce/news/gamescom-2026-nvidia-geforce-rtx-dlss-4-5-announcements/,2026-09-20,Official announcement publication date (day-level),"Original Gamescom publication, not August 27 recap; nearby Linux/Firefox updates are confounders.",,8,2026-09-02,7,-0.0302857142857142,3.7142857142857135,0.2857142857142857,0.1428571428571428,post,True,0.14957627118644068,2.957627118644068,0.3135593220338983,0.4322033898305085,-0.17986198547215487,0.7566585956416456,-0.027845036319612604,-0.2893462469733657
gamescom2026,2026-08-25,GFN,feature_platform_bundle,DLSS / device expansion (Gamescom),https://www.nvidia.com/en-us/geforce/news/gamescom-2026-nvidia-geforce-rtx-dlss-4-5-announcements/,2026-09-20,Official announcement publication date (day-level),"Original Gamescom publication, not August 27 recap; nearby Linux/Firefox updates are confounders.",,9,2026-09-03,2,0.4496,1.0,0.0,1.0,post,True,0.14957627118644068,2.957627118644068,0.3135593220338983,0.4322033898305085,0.3000237288135593,-1.957627118644068,-0.3135593220338983,0.5677966101694916
gamescom2026,2026-08-25,GFN,feature_platform_bundle,DLSS / device expansion (Gamescom),https://www.nvidia.com/en-us/geforce/news/gamescom-2026-nvidia-geforce-rtx-dlss-4-5-announcements/,2026-09-20,Official announcement publication date (day-level),"Original Gamescom publication, not August 27 recap; nearby Linux/Firefox updates are confounders.",,10,2026-09-04,6,0.1314666666666666,3.0,0.3333333333333333,0.5,post,True,0.14957627118644068,2.957627118644068,0.3135593220338983,0.4322033898305085,-0.018109604519774086,0.04237288135593209,0.019774011299435013,0.06779661016949151
gamescom2026,2026-08-25,GFN,feature_platform_bundle,DLSS / device expansion (Gamescom),https://www.nvidia.com/en-us/geforce/news/gamescom-2026-nvidia-geforce-rtx-dlss-4-5-announcements/,2026-09-20,Official announcement publication date (day-level),"Original Gamescom publication, not August 27 recap; nearby Linux/Firefox updates are confounders.",,11,2026-09-05,10,0.36366,3.5,0.1,0.2,post,True,0.14957627118644068,2.957627118644068,0.3135593220338983,0.4322033898305085,0.2140837288135593,0.5423728813559321,-0.2135593220338983,-0.23220338983050848
gamescom2026,2026-08-25,GFN,feature_platform_bundle,DLSS / device expansion (Gamescom),https://www.nvidia.com/en-us/geforce/news/gamescom-2026-nvidia-geforce-rtx-dlss-4-5-announcements/,2026-09-20,Official announcement publication date (day-level),"Original Gamescom publication, not August 27 recap; nearby Linux/Firefox updates are confounders.",,12,2026-09-06,9,0.2124111111111111,3.6666666666666665,0.3333333333333333,0.3333333333333333,post,True,0.14957627118644068,2.957627118644068,0.3135593220338983,0.4322033898305085,0.06283483992467043,0.7090395480225986,0.019774011299435013,-0.09887005649717517
gamescom2026,2026-08-25,GFN,feature_platform_bundle,DLSS / device expansion (Gamescom),https://www.nvidia.com/en-us/geforce/news/gamescom-2026-nvidia-geforce-rtx-dlss-4-5-announcements/,2026-09-20,Official announcement publication date (day-level),"Original Gamescom publication, not August 27 recap; nearby Linux/Firefox updates are confounders.",,13,2026-09-07,4,0.124725,2.75,0.5,0.5,post,True,0.14957627118644068,2.957627118644068,0.3135593220338983,0.4322033898305085,-0.024851271186440677,-0.2076271186440679,0.1864406779661017,0.06779661016949151
gamescom2026,2026-08-25,GFN,feature_platform_bundle,DLSS / device expansion (Gamescom),https://www.nvidia.com/en-us/geforce/news/gamescom-2026-nvidia-geforce-rtx-dlss-4-5-announcements/,2026-09-20,Official announcement publication date (day-level),"Original Gamescom publication, not August 27 recap; nearby Linux/Firefox updates are confounders.",,14,2026-09-08,3,-0.6325999999999999,2.333333333333333,1.0,0.6666666666666666,post,True,0.14957627118644068,2.957627118644068,0.3135593220338983,0.4322033898305085,-0.7821762711864406,-0.6242937853107349,0.6864406779661016,0.23446327683615814
