event_id,placebo_date,pre_reviews,pre_sentiment,pre_rating,pre_negative_share,pre_one_star_share,post_reviews,post_sentiment,post_rating,post_negative_share,post_one_star_share,delta_sentiment,delta_rating,delta_negative_share,delta_one_star_share,volume_ratio,full_window,enough_reviews
rtx30,2020-06-09,54,0.39982407407407405,3.4814814814814814,0.16666666666666666,0.2222222222222222,37,0.3236162162162162,3.1621621621621623,0.16216216216216217,0.35135135135135137,-0.07620785785785783,-0.3193193193193191,-0.004504504504504486,0.12912912912912916,0.6851851851851852,True,True
rtx30,2020-06-16,44,0.3324863636363636,2.977272727272727,0.1590909090909091,0.38636363636363635,38,0.26018684210526316,3.0,0.2631578947368421,0.3684210526315789,-0.07229952153110042,0.02272727272727293,0.104066985645933,-0.017942583732057427,0.8636363636363636,True,True
rtx30,2020-06-23,42,0.34838095238095235,3.2857142857142856,0.14285714285714285,0.3333333333333333,46,0.16236956521739127,3.0652173913043477,0.30434782608695654,0.32608695652173914,-0.18601138716356108,-0.22049689440993792,0.1614906832298137,-0.00724637681159418,1.0952380952380953,True,True
rtx30,2020-06-30,37,0.26282972972972973,3.0,0.24324324324324326,0.3783783783783784,55,0.1811090909090909,3.3454545454545452,0.2545454545454545,0.2545454545454545,-0.08172063882063885,0.34545454545454524,0.011302211302211262,-0.12383292383292388,1.4864864864864864,True,True
rtx30,2020-07-07,44,0.1636272727272727,3.090909090909091,0.3181818181818182,0.29545454545454547,41,0.2299146341463414,3.5609756097560976,0.24390243902439024,0.24390243902439024,0.06628736141906869,0.4700665188470068,-0.07427937915742794,-0.05155210643015523,0.9318181818181818,True,True
rtx30,2020-07-14,55,0.20211454545454544,3.381818181818182,0.23636363636363636,0.23636363636363636,32,0.36130312499999995,3.8125,0.1875,0.21875,0.1591885795454545,0.43068181818181817,-0.04886363636363636,-0.01761363636363636,0.5818181818181818,True,True
rtx30,2020-07-21,44,0.23583409090909083,3.477272727272727,0.22727272727272727,0.2727272727272727,55,0.37851818181818175,3.8545454545454545,0.14545454545454545,0.18181818181818182,0.14268409090909093,0.3772727272727274,-0.08181818181818182,-0.09090909090909088,1.25,True,True
rtx30,2020-07-28,32,0.311425,3.5625,0.25,0.28125,79,0.2953126582278481,3.4556962025316458,0.1518987341772152,0.25316455696202533,-0.016112341772151928,-0.10680379746835422,-0.0981012658227848,-0.028085443037974667,2.46875,True,True
rtx30,2020-10-06,71,0.4293295774647888,3.859154929577465,0.09859154929577464,0.15492957746478872,47,0.17875319148936167,3.4680851063829787,0.3191489361702128,0.2765957446808511,-0.2505763859754271,-0.39106982319448624,0.22055738687443815,0.12166616721606235,0.6619718309859155,True,True
rtx30,2020-10-13,56,0.31247678571428567,3.8035714285714284,0.23214285714285715,0.17857142857142858,52,0.20432692307692307,3.4615384615384617,0.21153846153846154,0.2692307692307692,-0.10814986263736259,-0.3420329670329667,-0.020604395604395614,0.09065934065934064,0.9285714285714286,True,True
rtx30,2020-10-20,45,0.2076955555555555,3.533333333333333,0.28888888888888886,0.26666666666666666,68,0.30324558823529413,3.514705882352941,0.16176470588235295,0.2647058823529412,0.09555003267973863,-0.01862745098039209,-0.1271241830065359,-0.0019607843137254832,1.511111111111111,True,True
rtx30,2020-10-27,50,0.185858,3.44,0.22,0.28,80,0.2841625,3.4125,0.2,0.3,0.09830449999999999,-0.027499999999999858,-0.01999999999999999,0.019999999999999962,1.6,True,True
rtx30,2020-11-03,69,0.27190579710144924,3.608695652173913,0.18840579710144928,0.2463768115942029,67,0.32260149253731346,3.6417910447761193,0.1791044776119403,0.26865671641791045,0.05069569543586422,0.033095392602206175,-0.009301319489508991,0.022279904823707536,0.9710144927536232,True,True
rtx30,2020-11-10,82,0.2963731707317073,3.4390243902439024,0.18292682926829268,0.2926829268292683,59,0.34931016949152544,3.593220338983051,0.15254237288135594,0.2542372881355932,0.05293699875981811,0.15419594873914866,-0.030384456386936737,-0.038445638693675066,0.7195121951219512,True,True
rtx30,2020-11-17,66,0.3002015151515151,3.4545454545454546,0.18181818181818182,0.30303030303030304,56,0.23323392857142852,3.25,0.19642857142857142,0.32142857142857145,-0.06696758658008659,-0.20454545454545459,0.014610389610389601,0.018398268398268414,0.8484848484848485,True,True
rtx30,2020-11-24,62,0.357724193548387,3.6451612903225805,0.16129032258064516,0.24193548387096775,61,0.2522868852459016,3.19672131147541,0.19672131147540983,0.29508196721311475,-0.10543730830248543,-0.44843997884717046,0.035430988894764676,0.053146483342147,0.9838709677419355,True,True
rtx30,2020-12-01,57,0.26606842105263157,3.43859649122807,0.19298245614035087,0.2807017543859649,79,0.3207746835443037,3.3544303797468356,0.21518987341772153,0.26582278481012656,0.05470626249167215,-0.08416611148123465,0.02220741727737066,-0.014878969575838341,1.3859649122807018,True,True
rtx30,2020-12-08,56,0.2337428571428571,3.1785714285714284,0.19642857142857142,0.32142857142857145,87,0.22533448275862064,3.2298850574712645,0.25287356321839083,0.3218390804597701,-0.008408374384236472,0.05131362889983615,0.056444991789819404,0.0004105090311986581,1.5535714285714286,True,True
rtx30,2020-12-15,74,0.31365675675675675,3.3378378378378377,0.18918918918918917,0.2702702702702703,81,0.1563407407407407,3.0,0.2345679012345679,0.345679012345679,-0.15731601601601605,-0.3378378378378377,0.045378712045378716,0.07540874207540871,1.0945945945945945,True,True
rtx30,2020-12-22,89,0.251152808988764,3.2247191011235956,0.23595505617977527,0.30337078651685395,68,0.2932926470588236,3.5,0.16176470588235295,0.23529411764705882,0.042139838070059554,0.2752808988764044,-0.07419035029742233,-0.06807666886979513,0.7640449438202247,True,True
rtx30,2020-12-29,83,0.19616265060240962,3.036144578313253,0.2289156626506024,0.3493975903614458,75,0.338148,3.8533333333333335,0.12,0.17333333333333334,0.1419853493975904,0.8171887550200805,-0.1089156626506024,-0.17606425702811246,0.9036144578313253,True,True
rtx30,2021-01-05,66,0.26926969696969694,3.4242424242424243,0.16666666666666666,0.25757575757575757,76,0.22418684210526316,3.6710526315789473,0.18421052631578946,0.2236842105263158,-0.04508285486443378,0.24681020733652304,0.017543859649122806,-0.03389154704944178,1.1515151515151516,True,True
rtx30,2021-01-12,79,0.3322113924050633,3.8227848101265822,0.12658227848101267,0.16455696202531644,53,0.11886981132075469,3.3962264150943398,0.32075471698113206,0.32075471698113206,-0.21334158108430862,-0.42655839503224247,0.1941724385001194,0.15619775495581562,0.6708860759493671,True,True
rtx30,2021-01-19,79,0.2217113924050633,3.7088607594936707,0.20253164556962025,0.21518987341772153,50,0.188472,3.0,0.28,0.4,-0.033239392405063295,-0.7088607594936707,0.07746835443037978,0.1848101265822785,0.6329113924050633,True,True
rtx30,2021-01-26,54,0.06983148148148145,3.2777777777777777,0.35185185185185186,0.35185185185185186,57,0.2579070175438597,3.0701754385964914,0.21052631578947367,0.38596491228070173,0.18807553606237826,-0.20760233918128623,-0.1413255360623782,0.03411306042884987,1.0555555555555556,True,True
rtx30,2021-02-02,47,0.2098382978723404,3.0,0.2765957446808511,0.40425531914893614,56,0.16464642857142855,3.125,0.30357142857142855,0.375,-0.04519186930091185,0.125,0.026975683890577473,-0.029255319148936143,1.1914893617021276,True,True
rtx30,2021-02-09,55,0.2449236363636364,3.090909090909091,0.21818181818181817,0.38181818181818183,64,0.1442984375,2.90625,0.265625,0.390625,-0.10062519886363641,-0.18465909090909083,0.04744318181818183,0.008806818181818166,1.1636363636363636,True,True
rtx30,2021-02-16,60,0.1649983333333333,3.1333333333333333,0.3,0.36666666666666664,69,0.18040144927536234,2.9420289855072466,0.2318840579710145,0.37681159420289856,0.015403115942029033,-0.19130434782608674,-0.0681159420289855,0.010144927536231918,1.15,True,True
priority,2020-10-01,64,0.37175,3.71875,0.109375,0.203125,53,0.3090433962264151,3.8679245283018866,0.2641509433962264,0.1509433962264151,-0.06270660377358495,0.1491745283018866,0.1547759433962264,-0.05218160377358491,0.828125,True,True
priority,2020-10-08,67,0.4044492537313433,3.8208955223880596,0.11940298507462686,0.16417910447761191,51,0.23323725490196073,3.4313725490196076,0.2549019607843137,0.27450980392156865,-0.17121199882938254,-0.389522973368452,0.13549897570968683,0.11033069944395674,0.7611940298507462,True,True
priority,2020-10-15,57,0.3207543859649122,3.9473684210526314,0.24561403508771928,0.14035087719298245,66,0.24694393939393935,3.4393939393939394,0.18181818181818182,0.2727272727272727,-0.07381044657097283,-0.507974481658692,-0.06379585326953746,0.13237639553429026,1.1578947368421053,True,True
priority,2020-10-22,52,0.20761346153846152,3.519230769230769,0.2692307692307692,0.25,65,0.3062261538461538,3.5538461538461537,0.16923076923076924,0.26153846153846155,0.09861269230769229,0.03461538461538449,-0.09999999999999998,0.011538461538461553,1.25,True,True
priority,2020-10-29,58,0.2558206896551724,3.5517241379310347,0.1896551724137931,0.25862068965517243,69,0.2863869565217391,3.449275362318841,0.2028985507246377,0.30434782608695654,0.030566266866566716,-0.1024487756121939,0.0132433783108446,0.04572713643178411,1.1896551724137931,True,True
priority,2020-11-05,63,0.2797238095238095,3.4761904761904763,0.1746031746031746,0.2857142857142857,69,0.3016942028985507,3.579710144927536,0.2028985507246377,0.2608695652173913,0.021970393374741215,0.10351966873705987,0.0282953761214631,-0.0248447204968944,1.0952380952380953,True,True
priority,2020-11-12,74,0.2618851351351351,3.310810810810811,0.20270270270270271,0.32432432432432434,62,0.34503064516129034,3.5806451612903225,0.14516129032258066,0.25806451612903225,0.08314551002615522,0.26983435047951154,-0.05754141238012206,-0.06625980819529209,0.8378378378378378,True,True
priority,2020-11-19,70,0.3108528571428571,3.6,0.21428571428571427,0.2571428571428571,57,0.26124385964912283,3.3684210526315788,0.17543859649122806,0.3157894736842105,-0.049608997493734264,-0.23157894736842133,-0.03884711779448621,0.05864661654135339,0.8142857142857143,True,True
priority,2020-11-26,60,0.35423833333333327,3.5833333333333335,0.15,0.25,65,0.25101538461538453,3.3076923076923075,0.2153846153846154,0.27692307692307694,-0.10322294871794874,-0.275641025641026,0.0653846153846154,0.02692307692307694,1.0833333333333333,True,True
priority,2020-12-03,54,0.2520759259259259,3.314814814814815,0.16666666666666666,0.3333333333333333,86,0.2810523255813953,3.2093023255813953,0.22093023255813954,0.3023255813953488,0.028976399655469387,-0.1055124892334196,0.05426356589147288,-0.031007751937984496,1.5925925925925926,True,True
priority,2020-12-10,59,0.25788644067796607,3.2033898305084745,0.2033898305084746,0.3050847457627119,83,0.19469156626506018,2.9879518072289155,0.27710843373493976,0.37349397590361444,-0.06319487441290589,-0.21543802327955897,0.07371860322646517,0.06840923014090255,1.4067796610169492,True,True
priority,2020-12-17,85,0.30686470588235293,3.2588235294117647,0.21176470588235294,0.2823529411764706,73,0.2040616438356164,3.1506849315068495,0.2191780821917808,0.3013698630136986,-0.10280306204673653,-0.1081385979049152,0.0074133763094278715,0.01901692183722803,0.8588235294117647,True,True
priority,2020-12-24,87,0.20188850574712638,3.160919540229885,0.25287356321839083,0.3448275862068966,65,0.333463076923077,3.753846153846154,0.1076923076923077,0.16923076923076924,0.1315745711759506,0.5929266136162687,-0.14518125552608313,-0.17559681697612733,0.7471264367816092,True,True
priority,2020-12-31,75,0.15667733333333328,3.1066666666666665,0.24,0.32,78,0.2887205128205128,3.8205128205128207,0.16666666666666666,0.1794871794871795,0.13204317948717953,0.7138461538461542,-0.07333333333333333,-0.14051282051282052,1.04,True,True
priority,2021-01-07,69,0.32217826086956525,3.6231884057971016,0.14492753623188406,0.18840579710144928,73,0.1792945205479452,3.6575342465753424,0.2328767123287671,0.2328767123287671,-0.14288374032162005,0.03434584077824088,0.08794917609688305,0.04447091522731783,1.0579710144927537,True,True
priority,2021-01-14,78,0.30033076923076923,3.769230769230769,0.15384615384615385,0.19230769230769232,52,0.16956923076923075,3.326923076923077,0.25,0.3269230769230769,-0.13076153846153848,-0.44230769230769207,0.09615384615384615,0.1346153846153846,0.6666666666666666,True,True
priority,2021-01-21,74,0.2017,3.7027027027027026,0.20270270270270271,0.22972972972972974,54,0.2762481481481482,3.0555555555555554,0.2037037037037037,0.4074074074074074,0.0745481481481482,-0.6471471471471473,0.0010010010010009784,0.17767767767767764,0.7297297297297297,True,True
priority,2021-01-28,52,0.18942115384615385,3.5,0.25,0.3076923076923077,56,0.19697857142857145,3.0535714285714284,0.26785714285714285,0.4107142857142857,0.007557417582417597,-0.4464285714285716,0.01785714285714285,0.10302197802197799,1.0769230769230769,True,True
priority,2021-02-04,51,0.22048627450980396,2.8823529411764706,0.2549019607843137,0.43137254901960786,58,0.12563275862068962,2.896551724137931,0.29310344827586204,0.39655172413793105,-0.09485351588911434,0.014198782961460488,0.038201487491548336,-0.034820824881676815,1.1372549019607843,True,True
priority,2021-02-11,57,0.23527719298245614,2.982456140350877,0.22807017543859648,0.40350877192982454,66,0.19527121212121207,2.9696969696969697,0.21212121212121213,0.36363636363636365,-0.04000598086124407,-0.012759170653907415,-0.01594896331738435,-0.03987240829346089,1.1578947368421053,True,True
priority,2021-04-22,69,0.2135855072463768,3.4782608695652173,0.17391304347826086,0.2608695652173913,55,0.3378418181818182,3.0545454545454547,0.16363636363636364,0.4,0.1242563109354414,-0.4237154150197626,-0.01027667984189723,0.13913043478260873,0.7971014492753623,True,True
priority,2021-04-29,74,0.24784729729729726,3.2432432432432434,0.1891891891891892,0.2972972972972973,46,0.2606652173913043,3.282608695652174,0.1956521739130435,0.32608695652173914,0.012817920094007063,0.03936545240893041,0.006462984723854287,0.02878965922444182,0.6216216216216216,True,True
priority,2021-05-06,58,0.31521034482758614,2.9827586206896552,0.1724137931034483,0.39655172413793105,47,0.15843404255319146,3.148936170212766,0.2765957446808511,0.3404255319148936,-0.15677630227439468,0.1661775495231108,0.10418195157740279,-0.05612619222303744,0.8103448275862069,True,True
priority,2021-05-13,45,0.23843111111111112,3.2222222222222223,0.2222222222222222,0.35555555555555557,53,0.2909,3.1320754716981134,0.18867924528301888,0.33962264150943394,0.05246888888888887,-0.09014675052410892,-0.03354297693920333,-0.015932914046121627,1.1777777777777778,True,True
priority,2021-05-20,40,0.19821499999999997,3.325,0.25,0.3,48,0.23996041666666665,2.9166666666666665,0.22916666666666666,0.3958333333333333,0.041745416666666674,-0.40833333333333366,-0.020833333333333343,0.09583333333333333,1.2,True,True
priority,2021-05-27,55,0.2851654545454545,3.2181818181818183,0.18181818181818182,0.3090909090909091,43,0.17047674418604655,3.046511627906977,0.2558139534883721,0.3488372093023256,-0.11468871035940795,-0.17167019027484143,0.07399577167019028,0.03974630021141651,0.7818181818181819,True,True
priority,2021-06-03,57,0.22050877192982452,2.8771929824561404,0.24561403508771928,0.40350877192982454,42,0.16589285714285712,3.6666666666666665,0.21428571428571427,0.16666666666666666,-0.054615914786967396,0.7894736842105261,-0.03132832080200501,-0.23684210526315788,0.7368421052631579,True,True
priority,2021-06-10,40,0.18202999999999997,2.9,0.25,0.375,35,0.19742857142857143,3.6285714285714286,0.17142857142857143,0.22857142857142856,0.015398571428571456,0.7285714285714286,-0.07857142857142857,-0.14642857142857144,0.875,True,True
priority,2021-06-17,38,0.14875,3.6578947368421053,0.23684210526315788,0.15789473684210525,41,0.23323414634146342,3.731707317073171,0.14634146341463414,0.21951219512195122,0.08448414634146342,0.07381258023106563,-0.09050064184852374,0.061617458279845966,1.0789473684210527,True,True
priority,2021-06-24,36,0.18384722222222222,3.7777777777777777,0.19444444444444445,0.19444444444444445,46,0.2546652173913044,3.782608695652174,0.1956521739130435,0.15217391304347824,0.07081799516908216,0.004830917874396157,0.0012077294685990392,-0.042270531400966205,1.2777777777777777,True,True
priority,2021-07-01,42,0.2384119047619048,3.7142857142857144,0.14285714285714285,0.23809523809523808,43,0.48942325581395346,3.7906976744186047,0.11627906976744186,0.11627906976744186,0.25101135105204864,0.07641196013289031,-0.02657807308970099,-0.12181616832779622,1.0238095238095237,True,True
priority,2021-07-08,46,0.22911956521739127,3.630434782608696,0.1956521739130435,0.1956521739130435,43,0.42463720930232546,3.372093023255814,0.09302325581395349,0.27906976744186046,0.1955176440849342,-0.2583417593528816,-0.10262891809909,0.08341759352881697,0.9347826086956522,True,True
priority,2021-07-15,46,0.47629347826086954,3.8043478260869565,0.10869565217391304,0.10869565217391304,49,0.3100183673469388,3.3877551020408165,0.24489795918367346,0.30612244897959184,-0.16627511091393077,-0.41659272404614,0.13620230700976044,0.19742679680567882,1.065217391304348,True,True
priority,2021-07-22,43,0.447846511627907,3.4651162790697674,0.09302325581395349,0.2558139534883721,65,0.34195692307692305,3.8,0.18461538461538463,0.2153846153846154,-0.10588958855098396,0.33488372093023244,0.09159212880143114,-0.04042933810375671,1.5116279069767442,True,True
priority,2021-07-29,45,0.3400844444444444,3.4,0.2222222222222222,0.3111111111111111,63,0.3549539682539682,3.984126984126984,0.07936507936507935,0.20634920634920634,0.014869523809523777,0.5841269841269843,-0.14285714285714285,-0.10476190476190478,1.4,True,True
priority,2021-08-05,66,0.34734545454545446,3.742424242424242,0.18181818181818182,0.22727272727272727,52,0.25999038461538465,3.4038461538461537,0.15384615384615385,0.3269230769230769,-0.0873550699300698,-0.33857808857808847,-0.02797202797202797,0.09965034965034966,0.7878787878787878,True,True
priority,2021-08-12,65,0.32765692307692307,3.9076923076923076,0.10769230769230768,0.2153846153846154,55,0.21539454545454542,2.890909090909091,0.18181818181818182,0.4,-0.11226237762237765,-1.0167832167832165,0.07412587412587414,0.18461538461538463,0.8461538461538461,True,True
priority,2021-08-19,51,0.278264705882353,3.5098039215686274,0.1568627450980392,0.3137254901960784,57,0.25822807017543853,3.280701754385965,0.19298245614035087,0.3157894736842105,-0.020036635706914496,-0.22910216718266252,0.03611971104231165,0.0020639834881320818,1.1176470588235294,True,True
priority,2021-08-26,51,0.19068627450980388,2.843137254901961,0.17647058823529413,0.4117647058823529,51,0.24116666666666664,3.2745098039215685,0.21568627450980393,0.37254901960784315,0.05048039215686276,0.43137254901960764,0.0392156862745098,-0.039215686274509776,1.0,True,True
priority,2021-09-02,51,0.24358627450980389,3.156862745098039,0.15686274509803919,0.3333333333333333,57,0.2900526315789474,3.2982456140350878,0.14035087719298245,0.3684210526315789,0.04646635706914351,0.14138286893704866,-0.016511867905056737,0.03508771929824561,1.1176470588235294,True,True
priority,2021-09-09,53,0.2761905660377359,3.3773584905660377,0.22641509433962265,0.33962264150943394,54,0.21762962962962962,3.0925925925925926,0.2222222222222222,0.37037037037037035,-0.05856093640810628,-0.2847658979734451,-0.004192872117400437,0.030747728860936407,1.0188679245283019,True,True
priority,2021-09-16,62,0.2763032258064516,3.3225806451612905,0.1774193548387097,0.3548387096774194,46,0.2099826086956522,2.760869565217391,0.21739130434782608,0.4782608695652174,-0.06632061711079942,-0.5617110799438993,0.039971949509116395,0.12342215988779803,0.7419354838709677,True,True
gfn3080,2021-04-22,69,0.2135855072463768,3.4782608695652173,0.17391304347826086,0.2608695652173913,55,0.3378418181818182,3.0545454545454547,0.16363636363636364,0.4,0.1242563109354414,-0.4237154150197626,-0.01027667984189723,0.13913043478260873,0.7971014492753623,True,True
gfn3080,2021-04-29,74,0.24784729729729726,3.2432432432432434,0.1891891891891892,0.2972972972972973,46,0.2606652173913043,3.282608695652174,0.1956521739130435,0.32608695652173914,0.012817920094007063,0.03936545240893041,0.006462984723854287,0.02878965922444182,0.6216216216216216,True,True
gfn3080,2021-05-06,58,0.31521034482758614,2.9827586206896552,0.1724137931034483,0.39655172413793105,47,0.15843404255319146,3.148936170212766,0.2765957446808511,0.3404255319148936,-0.15677630227439468,0.1661775495231108,0.10418195157740279,-0.05612619222303744,0.8103448275862069,True,True
gfn3080,2021-05-13,45,0.23843111111111112,3.2222222222222223,0.2222222222222222,0.35555555555555557,53,0.2909,3.1320754716981134,0.18867924528301888,0.33962264150943394,0.05246888888888887,-0.09014675052410892,-0.03354297693920333,-0.015932914046121627,1.1777777777777778,True,True
gfn3080,2021-05-20,40,0.19821499999999997,3.325,0.25,0.3,48,0.23996041666666665,2.9166666666666665,0.22916666666666666,0.3958333333333333,0.041745416666666674,-0.40833333333333366,-0.020833333333333343,0.09583333333333333,1.2,True,True
gfn3080,2021-05-27,55,0.2851654545454545,3.2181818181818183,0.18181818181818182,0.3090909090909091,43,0.17047674418604655,3.046511627906977,0.2558139534883721,0.3488372093023256,-0.11468871035940795,-0.17167019027484143,0.07399577167019028,0.03974630021141651,0.7818181818181819,True,True
gfn3080,2021-06-03,57,0.22050877192982452,2.8771929824561404,0.24561403508771928,0.40350877192982454,42,0.16589285714285712,3.6666666666666665,0.21428571428571427,0.16666666666666666,-0.054615914786967396,0.7894736842105261,-0.03132832080200501,-0.23684210526315788,0.7368421052631579,True,True
gfn3080,2021-06-10,40,0.18202999999999997,2.9,0.25,0.375,35,0.19742857142857143,3.6285714285714286,0.17142857142857143,0.22857142857142856,0.015398571428571456,0.7285714285714286,-0.07857142857142857,-0.14642857142857144,0.875,True,True
gfn3080,2021-06-17,38,0.14875,3.6578947368421053,0.23684210526315788,0.15789473684210525,41,0.23323414634146342,3.731707317073171,0.14634146341463414,0.21951219512195122,0.08448414634146342,0.07381258023106563,-0.09050064184852374,0.061617458279845966,1.0789473684210527,True,True
gfn3080,2021-06-24,36,0.18384722222222222,3.7777777777777777,0.19444444444444445,0.19444444444444445,46,0.2546652173913044,3.782608695652174,0.1956521739130435,0.15217391304347824,0.07081799516908216,0.004830917874396157,0.0012077294685990392,-0.042270531400966205,1.2777777777777777,True,True
gfn3080,2021-07-01,42,0.2384119047619048,3.7142857142857144,0.14285714285714285,0.23809523809523808,43,0.48942325581395346,3.7906976744186047,0.11627906976744186,0.11627906976744186,0.25101135105204864,0.07641196013289031,-0.02657807308970099,-0.12181616832779622,1.0238095238095237,True,True
gfn3080,2021-07-08,46,0.22911956521739127,3.630434782608696,0.1956521739130435,0.1956521739130435,43,0.42463720930232546,3.372093023255814,0.09302325581395349,0.27906976744186046,0.1955176440849342,-0.2583417593528816,-0.10262891809909,0.08341759352881697,0.9347826086956522,True,True
gfn3080,2021-07-15,46,0.47629347826086954,3.8043478260869565,0.10869565217391304,0.10869565217391304,49,0.3100183673469388,3.3877551020408165,0.24489795918367346,0.30612244897959184,-0.16627511091393077,-0.41659272404614,0.13620230700976044,0.19742679680567882,1.065217391304348,True,True
gfn3080,2021-07-22,43,0.447846511627907,3.4651162790697674,0.09302325581395349,0.2558139534883721,65,0.34195692307692305,3.8,0.18461538461538463,0.2153846153846154,-0.10588958855098396,0.33488372093023244,0.09159212880143114,-0.04042933810375671,1.5116279069767442,True,True
gfn3080,2021-07-29,45,0.3400844444444444,3.4,0.2222222222222222,0.3111111111111111,63,0.3549539682539682,3.984126984126984,0.07936507936507935,0.20634920634920634,0.014869523809523777,0.5841269841269843,-0.14285714285714285,-0.10476190476190478,1.4,True,True
gfn3080,2021-08-05,66,0.34734545454545446,3.742424242424242,0.18181818181818182,0.22727272727272727,52,0.25999038461538465,3.4038461538461537,0.15384615384615385,0.3269230769230769,-0.0873550699300698,-0.33857808857808847,-0.02797202797202797,0.09965034965034966,0.7878787878787878,True,True
gfn3080,2021-08-12,65,0.32765692307692307,3.9076923076923076,0.10769230769230768,0.2153846153846154,55,0.21539454545454542,2.890909090909091,0.18181818181818182,0.4,-0.11226237762237765,-1.0167832167832165,0.07412587412587414,0.18461538461538463,0.8461538461538461,True,True
gfn3080,2021-08-19,51,0.278264705882353,3.5098039215686274,0.1568627450980392,0.3137254901960784,57,0.25822807017543853,3.280701754385965,0.19298245614035087,0.3157894736842105,-0.020036635706914496,-0.22910216718266252,0.03611971104231165,0.0020639834881320818,1.1176470588235294,True,True
gfn3080,2021-08-26,51,0.19068627450980388,2.843137254901961,0.17647058823529413,0.4117647058823529,51,0.24116666666666664,3.2745098039215685,0.21568627450980393,0.37254901960784315,0.05048039215686276,0.43137254901960764,0.0392156862745098,-0.039215686274509776,1.0,True,True
gfn3080,2021-09-02,51,0.24358627450980389,3.156862745098039,0.15686274509803919,0.3333333333333333,57,0.2900526315789474,3.2982456140350878,0.14035087719298245,0.3684210526315789,0.04646635706914351,0.14138286893704866,-0.016511867905056737,0.03508771929824561,1.1176470588235294,True,True
gfn3080,2021-09-09,53,0.2761905660377359,3.3773584905660377,0.22641509433962265,0.33962264150943394,54,0.21762962962962962,3.0925925925925926,0.2222222222222222,0.37037037037037035,-0.05856093640810628,-0.2847658979734451,-0.004192872117400437,0.030747728860936407,1.0188679245283019,True,True
gfn3080,2021-09-16,62,0.2763032258064516,3.3225806451612905,0.1774193548387097,0.3548387096774194,46,0.2099826086956522,2.760869565217391,0.21739130434782608,0.4782608695652174,-0.06632061711079942,-0.5617110799438993,0.039971949509116395,0.12342215988779803,0.7419354838709677,True,True
gfn3080,2021-11-25,50,0.24497599999999997,3.4,0.15999999999999998,0.32,48,0.3147604166666667,3.7083333333333335,0.125,0.25,0.06978441666666674,0.30833333333333357,-0.034999999999999976,-0.07,0.96,True,True
gfn3080,2021-12-02,48,0.19603541666666668,3.1875,0.14583333333333334,0.375,77,0.2550532467532468,3.831168831168831,0.12987012987012986,0.22077922077922077,0.059017830086580125,0.643668831168831,-0.015963203463203485,-0.15422077922077923,1.6041666666666667,True,True
gfn3080,2021-12-09,55,0.2844563636363637,3.6,0.10909090909090909,0.2727272727272727,135,0.18912296296296296,3.474074074074074,0.21481481481481482,0.2814814814814815,-0.09533340067340071,-0.12592592592592622,0.10572390572390573,0.008754208754208792,2.4545454545454546,True,True
gfn3080,2021-12-16,72,0.2648027777777777,3.75,0.1388888888888889,0.2361111111111111,114,0.193278947368421,3.3596491228070176,0.22807017543859648,0.3157894736842105,-0.07152383040935673,-0.39035087719298245,0.08918128654970758,0.0796783625730994,1.5833333333333333,True,True
gfn3080,2021-12-23,131,0.1916351145038168,3.50381679389313,0.21374045801526717,0.2748091603053435,67,0.24935223880597013,3.6865671641791047,0.14925373134328357,0.2537313432835821,0.05771712430215334,0.18275037028597474,-0.0644867266719836,-0.021077817021761425,0.5114503816793893,True,True
gfn3080,2021-12-30,118,0.19960932203389825,3.3813559322033897,0.2288135593220339,0.3135593220338983,66,0.240630303030303,3.6363636363636362,0.15151515151515152,0.25757575757575757,0.04102098099640475,0.25500770416024654,-0.07729840780688238,-0.05598356445814073,0.559322033898305,True,True
gfn3080,2022-01-06,67,0.247,3.5970149253731343,0.14925373134328357,0.2835820895522388,77,0.22511038961038962,3.2337662337662336,0.2077922077922078,0.37662337662337664,-0.021889610389610376,-0.36324869160690065,0.05853847644892424,0.09304128707113785,1.1492537313432836,True,True
gfn3080,2022-01-13,62,0.23503548387096773,3.6451612903225805,0.11290322580645161,0.25806451612903225,110,0.27066181818181817,3.5090909090909093,0.20909090909090908,0.2909090909090909,0.03562633431085044,-0.13607038123167126,0.09618768328445747,0.032844574780058644,1.7741935483870968,True,True
gfn3080,2022-01-20,76,0.21945789473684205,3.3289473684210527,0.21052631578947367,0.34210526315789475,125,0.23144319999999996,3.464,0.20799999999999996,0.28,0.011985305263157914,0.1350526315789473,-0.00252631578947371,-0.06210526315789472,1.644736842105263,True,True
gfn3080,2022-01-27,116,0.25597672413793104,3.5086206896551726,0.22413793103448276,0.28448275862068967,113,0.19673185840707963,3.168141592920354,0.19469026548672563,0.336283185840708,-0.059244865730851415,-0.3404790967348186,-0.02944766554775713,0.05180042722001832,0.9741379310344828,True,True
gfn3080,2022-02-03,104,0.23767403846153845,3.5576923076923075,0.21153846153846154,0.2692307692307692,102,0.27566274509803923,3.4607843137254903,0.16666666666666666,0.27450980392156865,0.03798870663650078,-0.09690799396681715,-0.04487179487179488,0.0052790346907994334,0.9807692307692307,True,True
gfn3080,2022-02-10,109,0.22034220183486236,3.1376146788990824,0.19266055045871555,0.3486238532110092,110,0.3295054545454546,3.7636363636363637,0.14545454545454545,0.18181818181818182,0.10916325271059224,0.6260216847372813,-0.047206005004170104,-0.16680567139282737,1.0091743119266054,True,True
gfn3080,2022-02-17,126,0.27964206349206344,3.4126984126984126,0.1587301587301587,0.2777777777777778,101,0.32253267326732676,3.772277227722772,0.12871287128712872,0.1782178217821782,0.04289060977526332,0.3595788150243595,-0.030017287443029977,-0.09955995599559958,0.8015873015873016,True,True
gfn3080,2022-02-24,112,0.31481875000000004,3.732142857142857,0.15178571428571427,0.1875,76,0.26249210526315797,3.513157894736842,0.17105263157894737,0.27631578947368424,-0.052326644736842065,-0.21898496240601517,0.0192669172932331,0.08881578947368424,0.6785714285714286,True,True
gfn3080,2022-03-03,101,0.30593366336633665,3.6930693069306932,0.1485148514851485,0.19801980198019803,69,0.17086521739130434,3.3768115942028984,0.21739130434782605,0.30434782608695654,-0.13506844597503231,-0.3162577127277948,0.06887645286267755,0.10632802410675851,0.6831683168316832,True,True
gfn3080,2022-03-10,79,0.27649113924050633,3.6455696202531644,0.13924050632911392,0.24050632911392406,85,0.27908588235294113,3.7058823529411766,0.16470588235294115,0.2235294117647059,0.002594743112434794,0.06031273268801218,0.02546537602382723,-0.016976917349218162,1.0759493670886076,True,True
gfn3080,2022-03-17,61,0.19810655737704916,3.557377049180328,0.21311475409836061,0.2459016393442623,100,0.3665089999999999,3.68,0.11,0.22999999999999995,0.16840244262295076,0.12262295081967212,-0.10311475409836061,-0.015901639344262336,1.639344262295082,True,True
gfn3080,2022-03-24,77,0.2439805194805195,3.6493506493506493,0.1818181818181818,0.24675324675324675,103,0.31586116504854356,3.6601941747572817,0.14563106796116504,0.2524271844660194,0.07188064556802407,0.01084352540663236,-0.036187113857016756,0.005673937712772664,1.3376623376623376,True,True
gfn3080,2022-03-31,102,0.3346450980392156,3.519607843137255,0.12745098039215685,0.27450980392156865,98,0.27640816326530604,3.63265306122449,0.17346938775510204,0.24489795918367346,-0.058236934773909566,0.113045218087235,0.046018407362945185,-0.029611844737895188,0.9607843137254902,True,True
gfn3080,2022-04-07,109,0.31932568807339445,3.6055045871559632,0.14678899082568808,0.25688073394495414,84,0.19158571428571428,3.357142857142857,0.2261904761904762,0.32142857142857145,-0.12773997378768018,-0.24836173001310602,0.07940148536478811,0.06454783748361731,0.7706422018348624,True,True
gfn3080,2022-04-14,102,0.2767921568627451,3.6372549019607843,0.16666666666666666,0.24509803921568626,73,0.20101780821917806,3.4383561643835616,0.2328767123287671,0.3013698630136986,-0.07577434864356705,-0.19889873757722265,0.06621004566210045,0.05627182379801235,0.7156862745098039,True,True
gfn3080,2022-04-21,80,0.19875375,3.4375,0.225,0.3,75,0.3080533333333333,3.7466666666666666,0.18666666666666668,0.21333333333333335,0.10929958333333328,0.3091666666666666,-0.03833333333333333,-0.08666666666666664,0.9375,True,True
rtx40,2022-03-22,60,0.18167666666666668,3.2666666666666666,0.2,0.31666666666666665,110,0.3287627272727272,3.6363636363636362,0.15454545454545454,0.24545454545454545,0.14708606060606053,0.36969696969696964,-0.04545454545454547,-0.0712121212121212,1.8333333333333333,True,True
rtx40,2022-03-29,98,0.30857857142857137,3.5918367346938775,0.14285714285714285,0.25510204081632654,99,0.29199898989898987,3.6464646464646466,0.15151515151515152,0.24242424242424243,-0.0165795815295815,0.05462791177076909,0.00865800865800867,-0.012677798392084105,1.010204081632653,True,True
rtx40,2022-04-05,119,0.3384386554621848,3.773109243697479,0.14285714285714285,0.2184873949579832,79,0.19831772151898736,3.4683544303797467,0.21518987341772153,0.2911392405063291,-0.14012093394319747,-0.30475481331773224,0.07233273056057868,0.07265184554834592,0.6638655462184874,True,True
rtx40,2022-04-12,99,0.3273030303030302,3.727272727272727,0.13131313131313133,0.23232323232323232,75,0.2126973333333333,3.533333333333333,0.22666666666666666,0.29333333333333333,-0.11460569696969691,-0.19393939393939386,0.09535353535353533,0.061010101010101014,0.7575757575757576,True,True
rtx40,2022-04-19,83,0.2405795180722892,3.5180722891566263,0.18072289156626506,0.27710843373493976,80,0.30165374999999994,3.7,0.175,0.2375,0.06107423192771075,0.1819277108433739,-0.00572289156626507,-0.039608433734939774,0.963855421686747,True,True
rtx40,2022-04-26,81,0.19137283950617284,3.493827160493827,0.24691358024691357,0.30864197530864196,82,0.26562317073170727,3.6097560975609757,0.21951219512195122,0.24390243902439024,0.07425033122553443,0.11592893706714857,-0.027401385124962346,-0.06473953628425172,1.0123456790123457,True,True
rtx40,2022-05-03,77,0.2800987012987013,3.6623376623376624,0.2077922077922078,0.24675324675324675,74,0.24157837837837837,3.608108108108108,0.25675675675675674,0.25675675675675674,-0.038520322920322925,-0.054229554229554555,0.04896454896454894,0.010003510003509991,0.961038961038961,True,True
rtx40,2022-05-10,83,0.2859481927710843,3.602409638554217,0.20481927710843373,0.24096385542168675,119,0.1862252100840336,3.1260504201680672,0.226890756302521,0.40336134453781514,-0.09972298268705071,-0.4763592183861496,0.02207147919408728,0.1623974891161284,1.4337349397590362,True,True
rtx40,2022-05-17,78,0.2232564102564102,3.5384615384615383,0.2564102564102564,0.28205128205128205,152,0.2392098684210526,3.2434210526315788,0.19736842105263155,0.35526315789473684,0.015953458164642415,-0.29504048582995956,-0.05904183535762483,0.07321187584345479,1.9487179487179487,True,True
rtx40,2022-05-24,113,0.1778884955752212,3.1327433628318584,0.23893805309734514,0.3893805309734513,136,0.32131544117647054,3.5588235294117645,0.1838235294117647,0.25735294117647056,0.14342694560124933,0.4260801665799061,-0.05511452368558045,-0.13202758979698076,1.2035398230088497,True,True
rtx40,2022-05-31,146,0.24245068493150682,3.280821917808219,0.1917808219178082,0.3424657534246575,129,0.30620155038759683,3.395348837209302,0.1705426356589147,0.2868217054263566,0.06375086545609002,0.11452691940108295,-0.02123818625889351,-0.055644047998300916,0.8835616438356164,True,True
rtx40,2022-06-07,139,0.3272805755395683,3.539568345323741,0.17266187050359713,0.26618705035971224,118,0.2633,3.3559322033898304,0.1694915254237288,0.288135593220339,-0.06398057553956832,-0.18363614193391076,-0.0031703450798683253,0.021948542860626752,0.8489208633093526,True,True
rtx40,2022-06-14,134,0.3121485074626865,3.3656716417910446,0.1716417910447761,0.291044776119403,107,0.2417878504672897,3.317757009345794,0.21495327102803738,0.32710280373831774,-0.07036065699539681,-0.047914632445250405,0.04331147998326129,0.036058027618914745,0.7985074626865671,True,True
rtx40,2022-06-21,105,0.24119333333333326,3.342857142857143,0.2,0.29523809523809524,115,0.3095060869565217,3.347826086956522,0.20869565217391303,0.3217391304347826,0.06831275362318845,0.00496894409937898,0.008695652173913021,0.02650103519668734,1.0952380952380953,True,True
rtx40,2022-06-28,107,0.24142429906542054,3.336448598130841,0.205607476635514,0.32710280373831774,124,0.2758395161290322,3.282258064516129,0.20967741935483872,0.31451612903225806,0.03441521706361164,-0.054190533614712155,0.004069942719324704,-0.012586674706059675,1.158878504672897,True,True
rtx40,2022-07-05,126,0.3294349206349206,3.3968253968253967,0.1746031746031746,0.30952380952380953,100,0.196694,3.16,0.21,0.36,-0.13274092063492057,-0.2368253968253966,0.0353968253968254,0.05047619047619045,0.7936507936507936,True,True
rtx40,2022-07-12,125,0.27444399999999997,3.28,0.216,0.312,104,0.2291451923076923,3.1826923076923075,0.18269230769230768,0.34615384615384615,-0.04529880769230765,-0.09730769230769232,-0.033307692307692316,0.034153846153846146,0.832,True,True
rtx40,2022-07-19,99,0.16695151515151516,3.101010101010101,0.23232323232323232,0.36363636363636365,103,0.19369611650485435,2.8640776699029127,0.23300970873786409,0.3883495145631068,0.026744601353339198,-0.23693243110718853,0.0006864764146317648,0.024713150926743144,1.0404040404040404,True,True
rtx40,2022-07-26,100,0.221041,3.15,0.2,0.37,85,0.2591870588235294,3.011764705882353,0.2235294117647059,0.36470588235294116,0.038146058823529394,-0.138235294117647,0.023529411764705882,-0.005294117647058838,0.85,True,True
rtx40,2022-08-02,104,0.22210192307692306,2.9326923076923075,0.20192307692307693,0.3942307692307692,81,0.28065555555555555,3.345679012345679,0.2345679012345679,0.30864197530864196,0.05855363247863249,0.41298670465337173,0.03264482431149096,-0.08558879392212726,0.7788461538461539,True,True
rtx40,2022-08-09,87,0.2776896551724138,3.0344827586206895,0.1839080459770115,0.3448275862068966,81,0.21387037037037035,3.3333333333333335,0.25925925925925924,0.345679012345679,-0.06381928480204344,0.298850574712644,0.07535121328224775,0.0008514261387824185,0.9310344827586207,True,True
rtx40,2022-08-16,81,0.2793740740740741,3.3703703703703702,0.24691358024691357,0.2716049382716049,113,0.20635752212389383,3.0442477876106193,0.19469026548672566,0.3805309734513274,-0.07301655195018028,-0.3261225827597509,-0.052223314760187906,0.10892603517972249,1.3950617283950617,True,True
rtx40,2022-10-25,88,0.14065454545454542,3.0113636363636362,0.3181818181818182,0.3409090909090909,103,0.2254970873786408,3.203883495145631,0.22330097087378642,0.30097087378640774,0.08484254192409538,0.19251985878199473,-0.09488084730803176,-0.03993821712268314,1.1704545454545454,True,True
rtx40,2022-11-01,105,0.15192190476190476,2.9523809523809526,0.29523809523809524,0.37142857142857144,93,0.23211182795698926,3.225806451612903,0.21505376344086022,0.26881720430107525,0.0801899231950845,0.2734254992319505,-0.08018433179723503,-0.10261136712749619,0.8857142857142857,True,True
rtx40,2022-11-08,105,0.20316857142857142,3.1619047619047618,0.22857142857142856,0.3142857142857143,89,0.14380674157303372,2.955056179775281,0.23595505617977527,0.3595505617977528,-0.0593618298555377,-0.20684858212948098,0.00738362760834671,0.04526484751203852,0.8476190476190476,True,True
rtx40,2022-11-15,99,0.1901777777777778,3.212121212121212,0.23232323232323232,0.30303030303030304,92,0.17376956521739134,2.9239130434782608,0.18478260869565216,0.3695652173913043,-0.016408212560386465,-0.2882081686429512,-0.04754062362758016,0.06653491436100128,0.9292929292929293,True,True
rtx40,2022-11-22,91,0.18641978021978023,2.967032967032967,0.21978021978021978,0.3626373626373626,117,0.24051623931623928,3.230769230769231,0.2222222222222222,0.28205128205128205,0.05409645909645905,0.2637362637362637,0.0024420024420024333,-0.08058608058608058,1.2857142857142858,True,True
rtx40,2022-11-29,92,0.20979021739130438,3.0,0.17391304347826086,0.33695652173913043,171,0.2145029239766082,3.0526315789473686,0.2222222222222222,0.32748538011695905,0.004712706585303816,0.052631578947368585,0.048309178743961345,-0.009471141622171386,1.858695652173913,True,True
rtx40,2023-02-07,103,0.16145048543689322,2.6601941747572817,0.2524271844660194,0.42718446601941745,97,0.13853195876288663,2.8969072164948453,0.28865979381443296,0.41237113402061853,-0.022918526674006595,0.23671304173756358,0.03623260934841355,-0.014813331998798918,0.941747572815534,True,True
rtx40,2023-02-14,89,0.15975393258426965,2.797752808988764,0.2808988764044944,0.4044943820224719,97,0.08904432989690719,2.515463917525773,0.32989690721649484,0.5051546391752577,-0.07070960268736246,-0.28228889146299085,0.04899803081200044,0.10066025715278581,1.0898876404494382,True,True
rtx40,2023-02-21,92,0.16741413043478262,2.8369565217391304,0.2717391304347826,0.42391304347826086,87,0.10715057471264366,2.528735632183908,0.3333333333333333,0.47126436781609193,-0.060263555722138956,-0.3082208895552223,0.06159420289855072,0.04735132433783107,0.9456521739130435,True,True
rtx40,2023-02-28,103,0.10759417475728152,2.6601941747572817,0.3106796116504854,0.47572815533980584,83,0.2185397590361446,2.9036144578313254,0.27710843373493976,0.3493975903614458,0.11094558427886307,0.24342028307404373,-0.03357117791554565,-0.12633056497836004,0.8058252427184466,True,True
rtx40,2023-03-07,91,0.08308021978021977,2.6043956043956045,0.34065934065934067,0.45054945054945056,86,0.23751162790697672,2.697674418604651,0.2558139534883721,0.4186046511627907,0.15443140812675693,0.0932788142090466,-0.08484538717096857,-0.03194479938665984,0.945054945054945,True,True
rtx40,2023-03-14,85,0.19619764705882353,2.764705882352941,0.2823529411764706,0.38823529411764707,77,0.2693064935064935,2.5974025974025974,0.22077922077922077,0.4805194805194805,0.07310884644766996,-0.16730328495034374,-0.061573720397249815,0.09228418640183345,0.9058823529411765,True,True
rtx40,2023-03-21,88,0.2243284090909091,2.715909090909091,0.26136363636363635,0.4090909090909091,74,0.26570675675675676,2.8513513513513513,0.21621621621621623,0.4189189189189189,0.041378347665847665,0.1354422604422605,-0.045147420147420125,0.009828009828009798,0.8409090909090909,True,True
ultimate,2022-07-05,126,0.3294349206349206,3.3968253968253967,0.1746031746031746,0.30952380952380953,100,0.196694,3.16,0.21,0.36,-0.13274092063492057,-0.2368253968253966,0.0353968253968254,0.05047619047619045,0.7936507936507936,True,True
ultimate,2022-07-12,125,0.27444399999999997,3.28,0.216,0.312,104,0.2291451923076923,3.1826923076923075,0.18269230769230768,0.34615384615384615,-0.04529880769230765,-0.09730769230769232,-0.033307692307692316,0.034153846153846146,0.832,True,True
ultimate,2022-07-19,99,0.16695151515151516,3.101010101010101,0.23232323232323232,0.36363636363636365,103,0.19369611650485435,2.8640776699029127,0.23300970873786409,0.3883495145631068,0.026744601353339198,-0.23693243110718853,0.0006864764146317648,0.024713150926743144,1.0404040404040404,True,True
ultimate,2022-07-26,100,0.221041,3.15,0.2,0.37,85,0.2591870588235294,3.011764705882353,0.2235294117647059,0.36470588235294116,0.038146058823529394,-0.138235294117647,0.023529411764705882,-0.005294117647058838,0.85,True,True
ultimate,2022-08-02,104,0.22210192307692306,2.9326923076923075,0.20192307692307693,0.3942307692307692,81,0.28065555555555555,3.345679012345679,0.2345679012345679,0.30864197530864196,0.05855363247863249,0.41298670465337173,0.03264482431149096,-0.08558879392212726,0.7788461538461539,True,True
ultimate,2022-08-09,87,0.2776896551724138,3.0344827586206895,0.1839080459770115,0.3448275862068966,81,0.21387037037037035,3.3333333333333335,0.25925925925925924,0.345679012345679,-0.06381928480204344,0.298850574712644,0.07535121328224775,0.0008514261387824185,0.9310344827586207,True,True
ultimate,2022-08-16,81,0.2793740740740741,3.3703703703703702,0.24691358024691357,0.2716049382716049,113,0.20635752212389383,3.0442477876106193,0.19469026548672566,0.3805309734513274,-0.07301655195018028,-0.3261225827597509,-0.052223314760187906,0.10892603517972249,1.3950617283950617,True,True
ultimate,2022-10-25,88,0.14065454545454542,3.0113636363636362,0.3181818181818182,0.3409090909090909,103,0.2254970873786408,3.203883495145631,0.22330097087378642,0.30097087378640774,0.08484254192409538,0.19251985878199473,-0.09488084730803176,-0.03993821712268314,1.1704545454545454,True,True
ultimate,2022-11-01,105,0.15192190476190476,2.9523809523809526,0.29523809523809524,0.37142857142857144,93,0.23211182795698926,3.225806451612903,0.21505376344086022,0.26881720430107525,0.0801899231950845,0.2734254992319505,-0.08018433179723503,-0.10261136712749619,0.8857142857142857,True,True
ultimate,2022-11-08,105,0.20316857142857142,3.1619047619047618,0.22857142857142856,0.3142857142857143,89,0.14380674157303372,2.955056179775281,0.23595505617977527,0.3595505617977528,-0.0593618298555377,-0.20684858212948098,0.00738362760834671,0.04526484751203852,0.8476190476190476,True,True
ultimate,2022-11-15,99,0.1901777777777778,3.212121212121212,0.23232323232323232,0.30303030303030304,92,0.17376956521739134,2.9239130434782608,0.18478260869565216,0.3695652173913043,-0.016408212560386465,-0.2882081686429512,-0.04754062362758016,0.06653491436100128,0.9292929292929293,True,True
ultimate,2022-11-22,91,0.18641978021978023,2.967032967032967,0.21978021978021978,0.3626373626373626,117,0.24051623931623928,3.230769230769231,0.2222222222222222,0.28205128205128205,0.05409645909645905,0.2637362637362637,0.0024420024420024333,-0.08058608058608058,1.2857142857142858,True,True
ultimate,2022-11-29,92,0.20979021739130438,3.0,0.17391304347826086,0.33695652173913043,171,0.2145029239766082,3.0526315789473686,0.2222222222222222,0.32748538011695905,0.004712706585303816,0.052631578947368585,0.048309178743961345,-0.009471141622171386,1.858695652173913,True,True
ultimate,2023-02-07,103,0.16145048543689322,2.6601941747572817,0.2524271844660194,0.42718446601941745,97,0.13853195876288663,2.8969072164948453,0.28865979381443296,0.41237113402061853,-0.022918526674006595,0.23671304173756358,0.03623260934841355,-0.014813331998798918,0.941747572815534,True,True
ultimate,2023-02-14,89,0.15975393258426965,2.797752808988764,0.2808988764044944,0.4044943820224719,97,0.08904432989690719,2.515463917525773,0.32989690721649484,0.5051546391752577,-0.07070960268736246,-0.28228889146299085,0.04899803081200044,0.10066025715278581,1.0898876404494382,True,True
ultimate,2023-02-21,92,0.16741413043478262,2.8369565217391304,0.2717391304347826,0.42391304347826086,87,0.10715057471264366,2.528735632183908,0.3333333333333333,0.47126436781609193,-0.060263555722138956,-0.3082208895552223,0.06159420289855072,0.04735132433783107,0.9456521739130435,True,True
ultimate,2023-02-28,103,0.10759417475728152,2.6601941747572817,0.3106796116504854,0.47572815533980584,83,0.2185397590361446,2.9036144578313254,0.27710843373493976,0.3493975903614458,0.11094558427886307,0.24342028307404373,-0.03357117791554565,-0.12633056497836004,0.8058252427184466,True,True
ultimate,2023-03-07,91,0.08308021978021977,2.6043956043956045,0.34065934065934067,0.45054945054945056,86,0.23751162790697672,2.697674418604651,0.2558139534883721,0.4186046511627907,0.15443140812675693,0.0932788142090466,-0.08484538717096857,-0.03194479938665984,0.945054945054945,True,True
ultimate,2023-03-14,85,0.19619764705882353,2.764705882352941,0.2823529411764706,0.38823529411764707,77,0.2693064935064935,2.5974025974025974,0.22077922077922077,0.4805194805194805,0.07310884644766996,-0.16730328495034374,-0.061573720397249815,0.09228418640183345,0.9058823529411765,True,True
ultimate,2023-03-21,88,0.2243284090909091,2.715909090909091,0.26136363636363635,0.4090909090909091,74,0.26570675675675676,2.8513513513513513,0.21621621621621623,0.4189189189189189,0.041378347665847665,0.1354422604422605,-0.045147420147420125,0.009828009828009798,0.8409090909090909,True,True
ultimate,2023-03-28,74,0.2694297297297298,2.6216216216216215,0.21621621621621623,0.4594594594594595,79,0.12754683544303796,2.6202531645569622,0.35443037974683544,0.45569620253164556,-0.14188289428669182,-0.0013684570646592675,0.13821416353061922,-0.0037632569278139294,1.0675675675675675,True,True
ultimate,2023-04-04,72,0.28895555555555563,2.8333333333333335,0.20833333333333334,0.4305555555555556,113,0.07647168141592918,2.336283185840708,0.3805309734513274,0.5132743362831859,-0.21248387413962644,-0.49705014749262544,0.17219764011799407,0.08271878072763028,1.5694444444444444,True,True
ultimate,2023-04-11,77,0.16112467532467528,2.74025974025974,0.33766233766233766,0.42857142857142855,132,0.0806272727272727,2.25,0.3560606060606061,0.5378787878787878,-0.08049740259740258,-0.4902597402597402,0.018398268398268414,0.1093073593073593,1.7142857142857142,True,True
ultimate,2023-04-18,105,0.058098095238095226,2.361904761904762,0.4095238095238095,0.5047619047619047,108,0.08981018518518517,2.25,0.3055555555555556,0.5833333333333334,0.03171208994708995,-0.11190476190476195,-0.10396825396825393,0.07857142857142863,1.0285714285714285,True,True
ultimate,2023-04-25,134,0.07124029850746266,2.2238805970149254,0.3656716417910448,0.5522388059701493,85,0.1327835294117647,2.4823529411764707,0.24705882352941178,0.5294117647058824,0.061543230904302026,0.2584723441615453,-0.118612818261633,-0.022827041264266934,0.6343283582089553,True,True
ultimate,2023-05-02,115,0.1062573913043478,2.2,0.2956521739130435,0.591304347826087,76,0.16494342105263157,2.6447368421052633,0.3157894736842105,0.4473684210526316,0.05868602974828377,0.4447368421052631,0.020137299771167017,-0.1439359267734554,0.6608695652173913,True,True
ultimate,2023-05-09,85,0.12583882352941175,2.388235294117647,0.25882352941176473,0.5529411764705883,84,0.12574999999999997,2.4285714285714284,0.3333333333333333,0.4880952380952381,-8.882352941178007e-05,0.04033613445378137,0.07450980392156858,-0.06484593837535019,0.9882352941176471,True,True
ultimate,2023-05-16,77,0.18192987012987014,2.7012987012987013,0.2857142857142857,0.44155844155844154,80,0.11486749999999998,2.3125,0.3125,0.5375,-0.06706237012987015,-0.3887987012987013,0.0267857142857143,0.09594155844155844,1.0389610389610389,True,True
ultimate,2023-05-23,85,0.13066,2.541176470588235,0.3176470588235294,0.4588235294117647,64,0.09350468749999997,2.546875,0.328125,0.5,-0.03715531250000002,0.005698529411764852,0.010477941176470607,0.041176470588235314,0.7529411764705882,True,True
ultimate,2023-05-30,83,0.10350722891566264,2.36144578313253,0.3132530120481928,0.5180722891566265,72,0.1271236111111111,2.5277777777777777,0.2916666666666667,0.5,0.023616382195448454,0.1663319946452475,-0.021586345381526095,-0.01807228915662651,0.8674698795180723,True,True
ultimate,2023-06-06,64,0.10050624999999996,2.484375,0.34375,0.5,76,0.22008026315789467,2.6315789473684212,0.21052631578947367,0.5131578947368421,0.1195740131578947,0.14720394736842124,-0.13322368421052633,0.013157894736842146,1.1875,True,True
ultimate,2023-06-13,71,0.110356338028169,2.492957746478873,0.323943661971831,0.5070422535211268,71,0.1810535211267606,2.732394366197183,0.19718309859154928,0.5070422535211268,0.0706971830985916,0.23943661971830998,-0.12676056338028172,0.0,1.0,True,True
ultimate,2023-06-20,77,0.19161298701298698,2.5194805194805197,0.2077922077922078,0.5454545454545454,86,0.10440581395348839,2.5813953488372094,0.2441860465116279,0.4883720930232558,-0.0872071730594986,0.06191482935668979,0.03639383871942009,-0.05708245243128962,1.1168831168831168,True,True
ultimate,2023-06-27,69,0.19275072463768117,2.710144927536232,0.2028985507246377,0.5217391304347826,103,0.10594563106796118,2.349514563106796,0.2912621359223301,0.5436893203883495,-0.08680509356972,-0.36063036442943597,0.08836358519769238,0.0219501899535669,1.4927536231884058,True,True
ultimate,2023-07-04,83,0.1122843373493976,2.6506024096385543,0.25301204819277107,0.4819277108433735,110,0.11744818181818183,2.3636363636363638,0.33636363636363636,0.5636363636363636,0.0051638444687842205,-0.28696604600219056,0.0833515881708653,0.08170865279299011,1.3253012048192772,True,True
daypasses,2023-07-10,97,0.10354226804123715,2.463917525773196,0.26804123711340205,0.5051546391752577,89,0.14811011235955054,2.4719101123595504,0.3258426966292135,0.5393258426966292,0.0445678443183134,0.007992586586354378,0.05780145951581145,0.034171203521371485,0.9175257731958762,True,True
daypasses,2023-07-17,113,0.12908230088495576,2.4070796460176993,0.3185840707964602,0.5398230088495575,69,0.19453478260869567,2.681159420289855,0.2463768115942029,0.463768115942029,0.06545248172373991,0.2740797742721557,-0.07220725920225726,-0.07605489290752848,0.6106194690265486,True,True
daypasses,2023-07-24,92,0.13284673913043477,2.3043478260869565,0.32608695652173914,0.5760869565217391,84,0.27018095238095235,2.9404761904761907,0.17857142857142858,0.38095238095238093,0.1373342132505176,0.6361283643892341,-0.14751552795031056,-0.1951345755693582,0.9130434782608695,True,True
daypasses,2023-07-31,69,0.16351304347826087,2.550724637681159,0.2753623188405797,0.5072463768115942,87,0.34234827586206884,3.218390804597701,0.13793103448275862,0.27586206896551724,0.17883523238380797,0.667666166916542,-0.1374312843578211,-0.231384307846077,1.2608695652173914,True,True
daypasses,2023-08-07,82,0.27972926829268285,3.0121951219512195,0.18292682926829268,0.3780487804878049,89,0.25714606741573026,3.191011235955056,0.1797752808988764,0.30337078651685395,-0.02258320087695259,0.17881611400383646,-0.0031515483694162794,-0.07467799397095093,1.0853658536585367,True,True
daypasses,2023-08-14,88,0.3446170454545454,3.25,0.13636363636363635,0.26136363636363635,98,0.20338265306122444,3.0714285714285716,0.22448979591836735,0.3877551020408163,-0.14123439239332097,-0.17857142857142838,0.08812615955473099,0.12639146567717996,1.1136363636363635,True,True
daypasses,2023-08-21,90,0.24227888888888885,3.088888888888889,0.17777777777777778,0.32222222222222224,72,0.11265277777777784,2.7222222222222223,0.3194444444444444,0.4861111111111111,-0.129626111111111,-0.3666666666666667,0.14166666666666664,0.16388888888888886,0.8,True,True
daypasses,2023-08-28,100,0.208665,3.06,0.21,0.4,51,-0.012278431372549008,2.156862745098039,0.43137254901960786,0.6078431372549019,-0.220943431372549,-0.903137254901961,0.22137254901960787,0.2078431372549019,0.51,True,True
daypasses,2023-09-04,74,0.14680135135135136,2.9054054054054053,0.2972972972972973,0.43243243243243246,52,0.16169615384615385,2.2884615384615383,0.25,0.5576923076923077,0.01489480249480249,-0.6169438669438669,-0.047297297297297314,0.12525987525987525,0.7027027027027027,True,True
daypasses,2023-09-11,50,-0.01719599999999999,2.12,0.44,0.6,43,0.12634651162790697,2.604651162790698,0.3023255813953488,0.46511627906976744,0.14354251162790696,0.48465116279069775,-0.13767441860465118,-0.13488372093023254,0.86,True,True
daypasses,2023-09-18,54,0.13751851851851857,2.240740740740741,0.2777777777777778,0.5740740740740741,43,0.05268372093023254,2.813953488372093,0.4186046511627907,0.4186046511627907,-0.08483479758828602,0.5732127476313522,0.14082687338501293,-0.15546942291128335,0.7962962962962963,True,True
daypasses,2023-09-25,45,0.12477555555555554,2.6222222222222222,0.3111111111111111,0.4666666666666667,60,0.17797166666666664,2.566666666666667,0.26666666666666666,0.48333333333333334,0.0531961111111111,-0.05555555555555536,-0.04444444444444445,0.016666666666666663,1.3333333333333333,True,True
daypasses,2023-10-02,38,0.03596578947368421,2.736842105263158,0.4473684210526316,0.4473684210526316,62,0.19068709677419354,2.870967741935484,0.25806451612903225,0.3709677419354839,0.15472130730050934,0.13412563667232602,-0.18930390492359933,-0.07640067911714771,1.631578947368421,True,True
daypasses,2023-10-09,55,0.17588909090909088,2.5272727272727273,0.2727272727272727,0.4909090909090909,46,0.1255695652173913,3.1739130434782608,0.32608695652173914,0.2608695652173913,-0.05031952569169959,0.6466403162055334,0.05335968379446643,-0.2300395256916996,0.8363636363636363,True,True
daypasses,2023-10-16,66,0.1984590909090909,2.8484848484848486,0.25757575757575757,0.3787878787878788,57,0.13877894736842103,2.9298245614035086,0.2807017543859649,0.40350877192982454,-0.05968014354066986,0.08133971291865993,0.023125996810207328,0.024720893141945754,0.8636363636363636,True,True
daypasses,2023-10-23,48,0.13704791666666663,3.0625,0.3333333333333333,0.2916666666666667,83,0.10773975903614456,2.5783132530120483,0.2891566265060241,0.4819277108433735,-0.029308157630522066,-0.4841867469879517,-0.04417670682730923,0.1902610441767068,1.7291666666666667,True,True
daypasses,2023-10-30,51,0.13247058823529412,2.9019607843137254,0.27450980392156865,0.39215686274509803,84,0.13382261904761902,2.1904761904761907,0.32142857142857145,0.5476190476190477,0.0013520308123249059,-0.7114845938375347,0.0469187675070028,0.15546218487394964,1.6470588235294117,True,True
daypasses,2023-11-06,79,0.11342911392405061,2.6582278481012658,0.27848101265822783,0.45569620253164556,74,0.10012972972972972,1.9864864864864864,0.33783783783783783,0.581081081081081,-0.01329938419432089,-0.6717413616147794,0.059356825179609995,0.12538487854943547,0.9367088607594937,True,True
daypasses,2023-11-13,89,0.12878988764044938,2.258426966292135,0.3146067415730337,0.5393258426966292,76,0.03682368421052633,2.1842105263157894,0.32894736842105265,0.5394736842105263,-0.09196620342992305,-0.07421643997634542,0.014340626848018956,0.00014784151389712896,0.8539325842696629,True,True
daypasses,2023-11-20,80,0.08941249999999998,2.0125,0.3375,0.5875,74,0.14152837837837837,2.689189189189189,0.32432432432432434,0.4864864864864865,0.05211587837837839,0.6766891891891889,-0.01317567567567568,-0.10101351351351351,0.925,True,True
daypasses,2023-11-27,73,0.05293287671232877,2.2465753424657535,0.3287671232876712,0.5205479452054794,78,0.13938846153846152,2.5384615384615383,0.358974358974359,0.5256410256410257,0.08645558482613275,0.2918861959957848,0.03020723568668776,0.005093080435546238,1.0684931506849316,True,True
daypasses,2023-12-04,66,0.11267575757575758,2.6515151515151514,0.3333333333333333,0.48484848484848486,96,0.11327187500000001,2.1458333333333335,0.2916666666666667,0.59375,0.0005961174242424261,-0.5056818181818179,-0.04166666666666663,0.10890151515151514,1.4545454545454546,True,True
daypasses,2024-02-12,74,0.07934054054054056,2.1621621621621623,0.35135135135135137,0.581081081081081,57,0.22482105263157892,2.789473684210526,0.21052631578947367,0.45614035087719296,0.14548051209103835,0.6273115220483638,-0.1408250355618777,-0.12494073020388807,0.7702702702702703,True,True
daypasses,2024-02-19,60,0.06999666666666667,2.6666666666666665,0.36666666666666664,0.4666666666666667,60,0.21859166666666666,2.433333333333333,0.18333333333333332,0.5166666666666667,0.14859499999999998,-0.2333333333333334,-0.18333333333333332,0.050000000000000044,1.0,True,True
daypasses,2024-02-26,54,0.24200370370370367,2.814814814814815,0.18518518518518517,0.4444444444444444,67,0.15581492537313432,2.283582089552239,0.22388059701492538,0.5074626865671642,-0.08618877833056934,-0.5312327252625759,0.038695411829740206,0.06301824212271978,1.2407407407407407,True,True
daypasses,2024-03-04,63,0.19834603174603177,2.4761904761904763,0.20634920634920634,0.5238095238095238,65,0.17258923076923074,2.4153846153846152,0.24615384615384617,0.5076923076923077,-0.025756800976801025,-0.060805860805861034,0.03980463980463983,-0.01611721611721617,1.0317460317460319,True,True
daypasses,2024-03-11,67,0.1407194029850746,2.253731343283582,0.2537313432835821,0.5223880597014925,65,0.19773538461538462,2.4923076923076923,0.26153846153846155,0.49230769230769234,0.05701598163031002,0.23857634902411018,0.007807118254879453,-0.030080367393800156,0.9701492537313433,True,True
daypasses,2024-03-18,61,0.1661622950819672,2.360655737704918,0.26229508196721313,0.5081967213114754,71,0.18962112676056334,2.4507042253521125,0.2535211267605634,0.4788732394366197,0.023458831678596137,0.09004848764719453,-0.008773955206649753,-0.029323481874855728,1.1639344262295082,True,True
daypasses,2024-03-25,61,0.19284426229508195,2.5737704918032787,0.26229508196721313,0.47540983606557374,68,0.2306014705882353,2.8529411764705883,0.19117647058823528,0.36764705882352944,0.03775720829315335,0.27917068466730965,-0.07111861137897785,-0.1077627772420443,1.1147540983606556,True,True
daypasses,2024-04-01,70,0.19003142857142855,2.5142857142857142,0.2571428571428571,0.4714285714285714,64,0.19551562500000005,2.765625,0.234375,0.390625,0.005484196428571508,0.25133928571428577,-0.022767857142857117,-0.08080357142857142,0.9142857142857143,True,True
daypasses,2024-04-08,68,0.21126323529411764,2.676470588235294,0.20588235294117646,0.4117647058823529,51,0.08334313725490197,2.411764705882353,0.3333333333333333,0.5098039215686274,-0.12792009803921567,-0.2647058823529411,0.12745098039215685,0.0980392156862745,0.75,True,True
daypasses,2024-04-15,63,0.2439619047619048,2.8253968253968256,0.1746031746031746,0.36507936507936506,55,0.019212727272727267,2.309090909090909,0.4,0.5454545454545454,-0.22474917748917753,-0.5163059163059165,0.22539682539682543,0.18037518037518036,0.873015873015873,True,True
daypasses,2024-04-22,54,0.10599814814814816,2.4814814814814814,0.3148148148148148,0.48148148148148145,78,0.041229487179487156,2.4358974358974357,0.34615384615384615,0.5256410256410257,-0.064768660968661,-0.04558404558404572,0.03133903133903132,0.044159544159544206,1.4444444444444444,True,True
daypasses,2024-04-29,56,0.031476785714285714,2.3035714285714284,0.375,0.5535714285714286,72,0.10930972222222218,2.75,0.2916666666666667,0.4305555555555556,0.07783293650793646,0.4464285714285716,-0.08333333333333331,-0.12301587301587302,1.2857142857142858,True,True
daypasses,2024-05-06,80,0.05818499999999997,2.4875,0.3375,0.5125,54,0.21688888888888888,2.685185185185185,0.25925925925925924,0.4444444444444444,0.15870388888888892,0.1976851851851853,-0.07824074074074078,-0.06805555555555554,0.675,True,True
daypasses,2024-05-13,75,0.062010666666666645,2.6266666666666665,0.3333333333333333,0.4533333333333333,53,0.3213264150943396,2.6037735849056602,0.20754716981132076,0.5283018867924528,0.25931574842767297,-0.02289308176100624,-0.12578616352201255,0.07496855345911951,0.7066666666666667,True,True
daypasses,2024-05-20,48,0.1977958333333333,2.7291666666666665,0.2708333333333333,0.4166666666666667,48,0.3007625,3.1041666666666665,0.22916666666666666,0.3958333333333333,0.10296666666666668,0.375,-0.04166666666666666,-0.02083333333333337,1.0,True,True
daypasses,2024-05-27,53,0.3241094339622641,2.6226415094339623,0.22641509433962265,0.5283018867924528,46,0.19862608695652173,3.4347826086956523,0.2391304347826087,0.30434782608695654,-0.12548334700574237,0.81214109926169,0.012715340442986056,-0.22395406070549628,0.8679245283018868,True,True
daypasses,2024-06-03,50,0.31600199999999995,3.04,0.2,0.42,52,0.13608653846153845,2.9615384615384617,0.21153846153846154,0.4230769230769231,-0.1799154615384615,-0.07846153846153836,0.011538461538461525,0.003076923076923088,1.04,True,True
daypasses,2024-06-10,47,0.19758297872340427,3.3617021276595747,0.23404255319148937,0.3191489361702128,63,0.13564444444444443,2.6031746031746033,0.2222222222222222,0.49206349206349204,-0.061938534278959845,-0.7585275244849714,-0.011820330969267157,0.17291455589327925,1.3404255319148937,True,True
daypasses,2024-06-17,52,0.1292480769230769,2.8846153846153846,0.23076923076923078,0.4423076923076923,74,0.17494459459459458,2.6486486486486487,0.2702702702702703,0.4864864864864865,0.04569651767151767,-0.2359667359667359,0.0395010395010395,0.04417879417879422,1.4230769230769231,True,True
daypasses,2024-06-24,62,0.16322096774193548,2.6774193548387095,0.1935483870967742,0.4838709677419355,64,0.11679218749999999,2.40625,0.359375,0.578125,-0.04642878024193549,-0.2711693548387095,0.1658266129032258,0.0942540322580645,1.032258064516129,True,True
daypasses,2024-07-01,75,0.14256,2.6266666666666665,0.28,0.49333333333333335,46,0.039847826086956535,2.4347826086956523,0.391304347826087,0.5652173913043478,-0.10271217391304346,-0.19188405797101415,0.11130434782608695,0.07188405797101444,0.6133333333333333,True,True
daypasses,2024-07-08,62,0.11765161290322583,2.4516129032258065,0.3387096774193548,0.5645161290322581,47,0.22547234042553194,3.425531914893617,0.2127659574468085,0.2978723404255319,0.1078207275223061,0.9739190116678107,-0.1259437199725463,-0.2666437886067262,0.7580645161290323,True,True
performance,2024-05-09,76,0.027798684210526284,2.486842105263158,0.32894736842105265,0.5,52,0.21779038461538464,2.519230769230769,0.3076923076923077,0.5576923076923077,0.18999170040485835,0.0323886639676112,-0.021255060728744946,0.05769230769230771,0.6842105263157895,True,True
performance,2024-05-16,63,0.1883095238095238,2.7142857142857144,0.25396825396825395,0.42857142857142855,48,0.29462916666666666,2.7291666666666665,0.22916666666666666,0.5208333333333334,0.10631964285714288,0.014880952380952106,-0.024801587301587297,0.09226190476190482,0.7619047619047619,True,True
performance,2024-05-23,51,0.21006666666666662,2.5098039215686274,0.3137254901960784,0.5294117647058824,48,0.22201666666666667,3.0625,0.25,0.375,0.011950000000000044,0.5526960784313726,-0.06372549019607843,-0.15441176470588236,0.9411764705882353,True,True
performance,2024-05-30,49,0.3023938775510204,2.7142857142857144,0.20408163265306123,0.5306122448979592,49,0.11382448979591839,3.1020408163265305,0.2857142857142857,0.3877551020408163,-0.18856938775510199,0.3877551020408161,0.08163265306122447,-0.1428571428571429,1.0,True,True
performance,2024-06-06,52,0.2505615384615385,3.076923076923077,0.23076923076923078,0.38461538461538464,59,0.18192203389830508,3.016949152542373,0.1864406779661017,0.423728813559322,-0.06863950456323342,-0.05997392438070426,-0.044328552803129084,0.03911342894393738,1.1346153846153846,True,True
performance,2024-06-13,52,0.12150769230769233,3.1923076923076925,0.28846153846153844,0.36538461538461536,69,0.1638260869565217,2.4782608695652173,0.21739130434782608,0.5072463768115942,0.042318394648829374,-0.7140468227424752,-0.07107023411371235,0.14186176142697887,1.3269230769230769,True,True
performance,2024-06-20,55,0.16670727272727273,3.090909090909091,0.21818181818181817,0.4,67,0.11556119402985074,2.4776119402985075,0.3283582089552239,0.5373134328358209,-0.05114607869742199,-0.6132971506105833,0.11017639077340571,0.13731343283582087,1.2181818181818183,True,True
performance,2024-06-27,67,0.17678656716417906,2.5223880597014925,0.19402985074626866,0.4925373134328358,59,0.12843728813559321,2.694915254237288,0.3559322033898305,0.5254237288135594,-0.04834927902858585,0.17252719453579557,0.16190235264356184,0.032886415380723566,0.8805970149253731,True,True
performance,2024-07-04,71,0.13445492957746477,2.4225352112676055,0.29577464788732394,0.5492957746478874,48,0.13355000000000003,2.9791666666666665,0.2916666666666667,0.3958333333333333,-0.0009049295774647415,0.556631455399061,-0.004107981220657253,-0.15346244131455405,0.676056338028169,True,True
performance,2024-07-11,57,0.12736315789473684,2.491228070175439,0.3684210526315789,0.5789473684210527,49,0.19755102040816325,3.326530612244898,0.24489795918367346,0.32653061224489793,0.0701878625134264,0.8353025420694591,-0.12352309344790546,-0.2524167561761547,0.8596491228070176,True,True
performance,2024-07-18,47,0.11063191489361704,3.0,0.3191489361702128,0.40425531914893614,55,0.22277999999999995,3.109090909090909,0.2909090909090909,0.36363636363636365,0.11214808510638291,0.1090909090909089,-0.028239845261121888,-0.0406189555125725,1.1702127659574468,True,True
performance,2024-07-25,53,0.20035094339622642,3.4339622641509435,0.24528301886792453,0.3018867924528302,64,0.1709453125,2.96875,0.28125,0.34375,-0.029405630896226415,-0.4652122641509435,0.03596698113207547,0.04186320754716982,1.2075471698113207,True,True
performance,2024-08-01,55,0.22912000000000002,3.109090909090909,0.2727272727272727,0.36363636363636365,58,0.15756379310344826,2.8620689655172415,0.25862068965517243,0.41379310344827586,-0.07155620689655176,-0.24702194357366736,-0.014106583072100276,0.05015673981191221,1.0545454545454545,True,True
performance,2024-08-08,61,0.17809180327868857,3.0327868852459017,0.2786885245901639,0.32786885245901637,69,0.15821594202898548,3.072463768115942,0.2463768115942029,0.391304347826087,-0.019875861249703086,0.03967688287004023,-0.032311712995961,0.0634354953670706,1.1311475409836065,True,True
performance,2024-08-15,59,0.1696406779661017,2.864406779661017,0.2542372881355932,0.4067796610169492,82,0.10276463414634146,2.817073170731707,0.3048780487804878,0.43902439024390244,-0.06687604381976023,-0.04733360892930971,0.05064076064489459,0.03224472922695326,1.3898305084745763,True,True
performance,2024-08-22,64,0.1589015625,2.953125,0.234375,0.40625,67,0.11947611940298507,2.5074626865671643,0.31343283582089554,0.5223880597014925,-0.03942544309701494,-0.4456623134328357,0.07905783582089554,0.11613805970149249,1.046875,True,True
performance,2024-08-29,82,0.10087682926829271,2.902439024390244,0.3048780487804878,0.4146341463414634,68,0.20445588235294118,2.75,0.23529411764705882,0.47058823529411764,0.10357905308464847,-0.15243902439024382,-0.06958393113342898,0.055954088952654246,0.8292682926829268,True,True
performance,2024-09-05,71,0.09946901408450702,2.6056338028169015,0.3380281690140845,0.5211267605633803,72,0.19389027777777776,2.625,0.25,0.5,0.09442126369327074,0.01936619718309851,-0.0880281690140845,-0.021126760563380254,1.0140845070422535,True,True
performance,2024-09-12,69,0.20876231884057972,2.7246376811594204,0.2318840579710145,0.4782608695652174,49,0.18057755102040812,2.510204081632653,0.2653061224489796,0.4897959183673469,-0.028184767820171597,-0.21443359952676744,0.03342206447796511,0.011535048802129522,0.7101449275362319,True,True
performance,2024-09-19,73,0.18157808219178082,2.589041095890411,0.2602739726027397,0.4931506849315068,42,0.1581690476190476,2.9523809523809526,0.2619047619047619,0.38095238095238093,-0.023409034572733217,0.36333985649054146,0.0016307893020222064,-0.11219830397912589,0.5753424657534246,True,True
performance,2024-09-26,48,0.15798124999999996,2.4166666666666665,0.2708333333333333,0.5208333333333334,54,0.15450555555555553,2.8703703703703702,0.3148148148148148,0.46296296296296297,-0.003475694444444427,0.4537037037037037,0.04398148148148151,-0.057870370370370405,1.125,True,True
performance,2024-10-03,44,0.19857272727272726,2.977272727272727,0.22727272727272727,0.38636363636363635,54,0.23168703703703705,2.9074074074074074,0.3148148148148148,0.48148148148148145,0.03311430976430979,-0.06986531986531963,0.08754208754208756,0.0951178451178451,1.2272727272727273,True,True
performance,2025-02-06,49,0.12241020408163267,2.673469387755102,0.24489795918367346,0.5102040816326531,62,0.11119516129032256,2.225806451612903,0.3387096774193548,0.5967741935483871,-0.01121504279131011,-0.4476629361421991,0.09381171823568135,0.08657011191573405,1.2653061224489797,True,True
performance,2025-02-13,58,0.07448793103448278,2.4655172413793105,0.3103448275862069,0.5172413793103449,51,0.1889509803921568,2.3529411764705883,0.27450980392156865,0.5294117647058824,0.11446304935767401,-0.11257606490872218,-0.035835023664638255,0.012170385395537497,0.8793103448275862,True,True
performance,2025-02-20,60,0.09253999999999998,2.2333333333333334,0.35,0.5833333333333334,37,0.09788378378378376,2.6216216216216215,0.32432432432432434,0.40540540540540543,0.005343783783783779,0.3882882882882881,-0.025675675675675635,-0.17792792792792794,0.6166666666666667,True,True
performance,2025-02-27,53,0.17246603773584904,2.3207547169811322,0.2830188679245283,0.5471698113207547,35,0.18252285714285718,2.8,0.2857142857142857,0.45714285714285713,0.010056819407008144,0.4792452830188676,0.002695417789757404,-0.09002695417789758,0.660377358490566,True,True
performance,2025-03-06,41,0.08855365853658535,2.6097560975609757,0.36585365853658536,0.4146341463414634,49,0.2435632653061225,3.0816326530612246,0.22448979591836735,0.40816326530612246,0.15500960676953712,0.4718765555002489,-0.141363862618218,-0.006470881035340936,1.1951219512195121,True,True
performance,2025-03-13,34,0.14358529411764706,2.5294117647058822,0.3235294117647059,0.5,54,0.13554259259259255,3.037037037037037,0.2777777777777778,0.37037037037037035,-0.008042701525054513,0.507625272331155,-0.04575163398692811,-0.12962962962962965,1.588235294117647,True,True
performance,2025-03-20,46,0.24535434782608698,2.869565217391304,0.21739130434782608,0.45652173913043476,54,0.16673518518518515,2.8703703703703702,0.25925925925925924,0.3888888888888889,-0.07861916264090182,0.0008051529790660261,0.041867954911433164,-0.06763285024154586,1.173913043478261,True,True
performance,2025-03-27,53,0.1659698113207547,3.188679245283019,0.24528301886792453,0.33962264150943394,59,0.1999694915254237,2.6779661016949152,0.22033898305084745,0.4406779661016949,0.03399968020466901,-0.5107131435881036,-0.024944035817077076,0.10105532459226096,1.1132075471698113,True,True
performance,2025-04-03,54,0.15899999999999995,2.9814814814814814,0.25925925925925924,0.37037037037037035,52,0.13206153846153842,2.326923076923077,0.25,0.5384615384615384,-0.026938461538461522,-0.6545584045584043,-0.009259259259259245,0.16809116809116809,0.9629629629629629,True,True
performance,2025-04-10,58,0.18261896551724136,2.7413793103448274,0.25862068965517243,0.41379310344827586,40,0.12201,2.575,0.25,0.475,-0.06060896551724136,-0.16637931034482722,-0.008620689655172431,0.06120689655172412,0.6896551724137931,True,True
performance,2025-04-17,53,0.1458471698113207,2.4150943396226414,0.24528301886792453,0.5094339622641509,38,0.23942105263157892,3.0789473684210527,0.23684210526315788,0.34210526315789475,0.09357388282025822,0.6638530287984112,-0.008440913604766648,-0.1673286991062562,0.7169811320754716,True,True
performance,2025-04-24,44,0.1277840909090909,2.522727272727273,0.22727272727272727,0.5,39,0.3077692307692308,3.230769230769231,0.2564102564102564,0.3333333333333333,0.1799851398601399,0.7080419580419579,0.029137529137529122,-0.16666666666666669,0.8863636363636364,True,True
performance,2025-05-01,40,0.21661000000000002,2.975,0.25,0.375,42,0.1988142857142857,3.0,0.3333333333333333,0.40476190476190477,-0.01779571428571433,0.02499999999999991,0.08333333333333331,0.029761904761904767,1.05,True,True
performance,2025-05-08,39,0.30394358974358976,3.128205128205128,0.2564102564102564,0.358974358974359,50,0.155434,2.86,0.38,0.44,-0.14850958974358977,-0.2682051282051283,0.12358974358974362,0.08102564102564103,1.2820512820512822,True,True
ces2025,2024-07-08,62,0.11765161290322583,2.4516129032258065,0.3387096774193548,0.5645161290322581,47,0.22547234042553194,3.425531914893617,0.2127659574468085,0.2978723404255319,0.1078207275223061,0.9739190116678107,-0.1259437199725463,-0.2666437886067262,0.7580645161290323,True,True
ces2025,2024-07-15,48,0.10071875000000004,2.5625,0.3541666666666667,0.5416666666666666,56,0.19810535714285718,3.125,0.26785714285714285,0.3392857142857143,0.09738660714285714,0.5625,-0.08630952380952384,-0.20238095238095233,1.1666666666666667,True,True
ces2025,2024-07-22,51,0.18669803921568628,3.2549019607843137,0.27450980392156865,0.3333333333333333,58,0.18938793103448273,3.2413793103448274,0.3103448275862069,0.29310344827586204,0.002689891818796447,-0.013522650439486306,0.035835023664638255,-0.04022988505747127,1.1372549019607843,True,True
ces2025,2024-07-29,57,0.1885578947368421,3.0701754385964914,0.2807017543859649,0.3508771929824561,62,0.20228064516129032,3.1129032258064515,0.24193548387096775,0.3548387096774194,0.013722750424448232,0.042727787209960066,-0.03876627051499715,0.003961516694963252,1.087719298245614,True,True
ces2025,2024-08-05,57,0.1879736842105263,3.210526315789474,0.3157894736842105,0.2982456140350877,70,0.1487457142857143,2.7285714285714286,0.21428571428571427,0.44285714285714284,-0.039227969924812006,-0.48195488721804525,-0.10150375939849623,0.14461152882205514,1.2280701754385965,True,True
ces2025,2024-08-12,61,0.20201147540983608,3.1311475409836067,0.2459016393442623,0.3442622950819672,76,0.09986710526315792,2.9078947368421053,0.3157894736842105,0.40789473684210525,-0.10214437014667815,-0.2232528041415014,0.06988783433994822,0.06363244176013805,1.2459016393442623,True,True
ces2025,2024-08-19,68,0.16651323529411766,2.8823529411764706,0.20588235294117646,0.4117647058823529,67,0.06056417910447762,2.6417910447761193,0.373134328358209,0.5223880597014925,-0.10594905618964004,-0.2405618964003513,0.16725197541703252,0.11062335381913957,0.9852941176470589,True,True
ces2025,2024-08-26,75,0.12653066666666665,2.933333333333333,0.28,0.4,70,0.18503142857142857,2.7285714285714286,0.24285714285714285,0.5,0.058500761904761917,-0.20476190476190448,-0.03714285714285717,0.09999999999999998,0.9333333333333333,True,True
ces2025,2024-09-02,68,0.05095294117647059,2.5294117647058822,0.36764705882352944,0.5441176470588235,74,0.19813513513513514,2.689189189189189,0.25675675675675674,0.47297297297297297,0.14718219395866455,0.15977742448330678,-0.1108903020667727,-0.07114467408585051,1.088235294117647,True,True
ces2025,2024-09-09,69,0.17446956521739132,2.6956521739130435,0.2753623188405797,0.5072463768115942,55,0.17135454545454545,2.381818181818182,0.2545454545454545,0.5272727272727272,-0.0031150197628458665,-0.3138339920948616,-0.020816864295125193,0.02002635046113299,0.7971014492753623,True,True
ces2025,2024-09-16,75,0.2114386666666667,2.7466666666666666,0.24,0.4666666666666667,47,0.22807234042553187,2.6808510638297873,0.19148936170212766,0.44680851063829785,0.01663367375886518,-0.06581560283687926,-0.04851063829787233,-0.019858156028368823,0.6266666666666667,True,True
ces2025,2024-09-23,58,0.15675,2.4310344827586206,0.25862068965517243,0.5344827586206896,49,0.15868367346938775,2.877551020408163,0.2857142857142857,0.4489795918367347,0.0019336734693877478,0.4465165376495426,0.027093596059113267,-0.08550316678395492,0.8448275862068966,True,True
ces2025,2024-09-30,45,0.2186333333333333,2.533333333333333,0.2,0.4666666666666667,55,0.19333454545454543,2.963636363636364,0.34545454545454546,0.45454545454545453,-0.025298787878787865,0.43030303030303063,0.14545454545454545,-0.012121212121212144,1.2222222222222223,True,True
ces2025,2024-10-07,49,0.1527204081632653,2.8979591836734695,0.2857142857142857,0.42857142857142855,65,0.23445692307692306,2.7846153846153845,0.2923076923076923,0.49230769230769234,0.08173651491365777,-0.113343799058085,0.0065934065934066255,0.06373626373626379,1.3265306122448979,True,True
ces2025,2025-02-10,52,0.0729,2.3846153846153846,0.34615384615384615,0.5192307692307693,55,0.17828909090909084,2.4545454545454546,0.2727272727272727,0.5454545454545454,0.10538909090909084,0.06993006993007,-0.07342657342657344,0.02622377622377614,1.0576923076923077,True,True
ces2025,2025-02-17,56,0.051641071428571425,2.25,0.35714285714285715,0.5892857142857143,44,0.1344704545454545,2.5681818181818183,0.3409090909090909,0.4318181818181818,0.08282938311688308,0.31818181818181834,-0.016233766233766267,-0.15746753246753248,0.7857142857142857,True,True
ces2025,2025-02-24,58,0.1582637931034482,2.4482758620689653,0.27586206896551724,0.5517241379310345,37,0.17447567567567568,2.4594594594594597,0.32432432432432434,0.4864864864864865,0.01621188257222747,0.011183597390494349,0.048462255358807105,-0.06523765144454796,0.6379310344827587,True,True
ces2025,2025-03-03,47,0.14748936170212762,2.5531914893617023,0.3191489361702128,0.46808510638297873,41,0.2287146341463414,2.7560975609756095,0.21951219512195122,0.4878048780487805,0.08122527244421379,0.20290607161390728,-0.09963674104826156,0.019719771665801744,0.8723404255319149,True,True
ces2025,2025-03-10,33,0.13580606060606062,2.303030303030303,0.30303030303030304,0.5454545454545454,46,0.1184478260869565,3.1739130434782608,0.2826086956521739,0.3695652173913043,-0.01735823451910412,0.8708827404479575,-0.020421607378129147,-0.1758893280632411,1.393939393939394,True,True
ces2025,2025-03-17,40,0.19578999999999996,2.6,0.25,0.5,56,0.15518392857142851,3.0535714285714284,0.25,0.35714285714285715,-0.04060607142857145,0.4535714285714283,0.0,-0.14285714285714285,1.4,True,True
ces2025,2025-03-24,51,0.1764666666666667,3.235294117647059,0.2549019607843137,0.35294117647058826,60,0.2342033333333333,2.816666666666667,0.23333333333333334,0.38333333333333336,0.0577366666666666,-0.418627450980392,-0.02156862745098037,0.0303921568627451,1.1764705882352942,True,True
ces2025,2025-03-31,56,0.17683749999999998,3.125,0.25,0.3392857142857143,57,0.1615315789473684,2.526315789473684,0.2631578947368421,0.47368421052631576,-0.015305921052631594,-0.5986842105263159,0.01315789473684209,0.13439849624060146,1.0178571428571428,True,True
ces2025,2025-04-07,59,0.2145,2.76271186440678,0.2542372881355932,0.3898305084745763,48,0.14029166666666668,2.5208333333333335,0.1875,0.5,-0.07420833333333332,-0.24187853107344637,-0.06673728813559321,0.11016949152542371,0.8135593220338984,True,True
ces2025,2025-04-14,58,0.1668706896551724,2.603448275862069,0.25862068965517243,0.4482758620689655,38,0.17442894736842107,2.789473684210526,0.2631578947368421,0.4473684210526316,0.007558257713248667,0.18602540834845716,0.00453720508166966,-0.000907441016333943,0.6551724137931034,True,True
ces2025,2025-04-21,49,0.15186326530612243,2.6122448979591835,0.1836734693877551,0.46938775510204084,37,0.2521081081081081,3.0,0.2972972972972973,0.3783783783783784,0.10024484280198565,0.38775510204081653,0.1136238279095422,-0.09100937672366244,0.7551020408163265,True,True
ces2025,2025-04-28,36,0.16964444444444443,2.7777777777777777,0.2222222222222222,0.4444444444444444,40,0.24697,3.0,0.3,0.4,0.07732555555555556,0.22222222222222232,0.07777777777777778,-0.0444444444444444,1.1111111111111112,True,True
ces2025,2025-05-05,37,0.23089189189189188,2.891891891891892,0.2972972972972973,0.40540540540540543,44,0.1994772727272727,3.090909090909091,0.36363636363636365,0.4090909090909091,-0.031414619164619184,0.19901719901719872,0.06633906633906633,0.0036855036855036882,1.1891891891891893,True,True
ces2025,2025-05-12,39,0.27679230769230767,3.1538461538461537,0.28205128205128205,0.358974358974359,50,0.14401600000000003,2.94,0.36,0.4,-0.13277630769230764,-0.2138461538461538,0.07794871794871794,0.041025641025641046,1.2820512820512822,True,True
ces2025,2025-05-19,41,0.19588780487804877,3.024390243902439,0.34146341463414637,0.43902439024390244,53,0.17950943396226413,2.943396226415094,0.2641509433962264,0.39622641509433965,-0.016378370915784646,-0.08099401748734492,-0.07731247123791996,-0.042797975149562795,1.2926829268292683,True,True
ces2025,2025-05-26,52,0.1361019230769231,2.826923076923077,0.36538461538461536,0.4423076923076923,46,0.17780434782608695,3.217391304347826,0.2826086956521739,0.34782608695652173,0.04170242474916386,0.39046822742474907,-0.08277591973244147,-0.09448160535117056,0.8846153846153846,True,True
ces2025,2025-06-02,53,0.17991320754716983,3.0377358490566038,0.3018867924528302,0.3584905660377358,50,0.09993000000000002,3.1,0.38,0.38,-0.07998320754716981,0.062264150943396324,0.07811320754716983,0.02150943396226418,0.9433962264150944,True,True
ces2025,2025-06-09,48,0.18193124999999996,3.1458333333333335,0.2916666666666667,0.375,61,0.15578524590163936,3.0491803278688523,0.29508196721311475,0.36065573770491804,-0.026146004098360598,-0.09665300546448119,0.0034153005464480635,-0.014344262295081955,1.2708333333333333,True,True
ces2025,2025-06-16,47,0.09465106382978723,3.0851063829787235,0.3617021276595745,0.40425531914893614,53,0.21542641509433963,3.1320754716981134,0.24528301886792453,0.3584905660377358,0.1207753512645524,0.04696908871938987,-0.11641910879164996,-0.04576475311120032,1.127659574468085,True,True
ces2025,2025-06-23,59,0.13276610169491526,3.0,0.3050847457627119,0.3559322033898305,61,0.12124754098360654,2.8852459016393444,0.29508196721311475,0.47540983606557374,-0.011518560711308717,-0.11475409836065564,-0.010002778549597136,0.11947763267574324,1.0338983050847457,True,True
ces2025,2025-06-30,56,0.20897857142857146,3.142857142857143,0.26785714285714285,0.3392857142857143,68,0.16049117647058822,2.75,0.2647058823529412,0.4411764705882353,-0.04848739495798324,-0.3928571428571428,-0.0031512605042016695,0.10189075630252098,1.2142857142857142,True,True
ces2025,2025-07-07,59,0.11148983050847457,2.8983050847457625,0.288135593220339,0.4745762711864407,51,0.20615686274509806,2.9215686274509802,0.21568627450980393,0.35294117647058826,0.0946670322366235,0.023263542705217688,-0.07244931871053506,-0.12163509471585243,0.864406779661017,True,True
gfn5080,2025-02-17,56,0.051641071428571425,2.25,0.35714285714285715,0.5892857142857143,44,0.1344704545454545,2.5681818181818183,0.3409090909090909,0.4318181818181818,0.08282938311688308,0.31818181818181834,-0.016233766233766267,-0.15746753246753248,0.7857142857142857,True,True
gfn5080,2025-02-24,58,0.1582637931034482,2.4482758620689653,0.27586206896551724,0.5517241379310345,37,0.17447567567567568,2.4594594594594597,0.32432432432432434,0.4864864864864865,0.01621188257222747,0.011183597390494349,0.048462255358807105,-0.06523765144454796,0.6379310344827587,True,True
gfn5080,2025-03-03,47,0.14748936170212762,2.5531914893617023,0.3191489361702128,0.46808510638297873,41,0.2287146341463414,2.7560975609756095,0.21951219512195122,0.4878048780487805,0.08122527244421379,0.20290607161390728,-0.09963674104826156,0.019719771665801744,0.8723404255319149,True,True
gfn5080,2025-03-10,33,0.13580606060606062,2.303030303030303,0.30303030303030304,0.5454545454545454,46,0.1184478260869565,3.1739130434782608,0.2826086956521739,0.3695652173913043,-0.01735823451910412,0.8708827404479575,-0.020421607378129147,-0.1758893280632411,1.393939393939394,True,True
gfn5080,2025-03-17,40,0.19578999999999996,2.6,0.25,0.5,56,0.15518392857142851,3.0535714285714284,0.25,0.35714285714285715,-0.04060607142857145,0.4535714285714283,0.0,-0.14285714285714285,1.4,True,True
gfn5080,2025-03-24,51,0.1764666666666667,3.235294117647059,0.2549019607843137,0.35294117647058826,60,0.2342033333333333,2.816666666666667,0.23333333333333334,0.38333333333333336,0.0577366666666666,-0.418627450980392,-0.02156862745098037,0.0303921568627451,1.1764705882352942,True,True
gfn5080,2025-03-31,56,0.17683749999999998,3.125,0.25,0.3392857142857143,57,0.1615315789473684,2.526315789473684,0.2631578947368421,0.47368421052631576,-0.015305921052631594,-0.5986842105263159,0.01315789473684209,0.13439849624060146,1.0178571428571428,True,True
gfn5080,2025-04-07,59,0.2145,2.76271186440678,0.2542372881355932,0.3898305084745763,48,0.14029166666666668,2.5208333333333335,0.1875,0.5,-0.07420833333333332,-0.24187853107344637,-0.06673728813559321,0.11016949152542371,0.8135593220338984,True,True
gfn5080,2025-04-14,58,0.1668706896551724,2.603448275862069,0.25862068965517243,0.4482758620689655,38,0.17442894736842107,2.789473684210526,0.2631578947368421,0.4473684210526316,0.007558257713248667,0.18602540834845716,0.00453720508166966,-0.000907441016333943,0.6551724137931034,True,True
gfn5080,2025-04-21,49,0.15186326530612243,2.6122448979591835,0.1836734693877551,0.46938775510204084,37,0.2521081081081081,3.0,0.2972972972972973,0.3783783783783784,0.10024484280198565,0.38775510204081653,0.1136238279095422,-0.09100937672366244,0.7551020408163265,True,True
gfn5080,2025-04-28,36,0.16964444444444443,2.7777777777777777,0.2222222222222222,0.4444444444444444,40,0.24697,3.0,0.3,0.4,0.07732555555555556,0.22222222222222232,0.07777777777777778,-0.0444444444444444,1.1111111111111112,True,True
gfn5080,2025-05-05,37,0.23089189189189188,2.891891891891892,0.2972972972972973,0.40540540540540543,44,0.1994772727272727,3.090909090909091,0.36363636363636365,0.4090909090909091,-0.031414619164619184,0.19901719901719872,0.06633906633906633,0.0036855036855036882,1.1891891891891893,True,True
gfn5080,2025-05-12,39,0.27679230769230767,3.1538461538461537,0.28205128205128205,0.358974358974359,50,0.14401600000000003,2.94,0.36,0.4,-0.13277630769230764,-0.2138461538461538,0.07794871794871794,0.041025641025641046,1.2820512820512822,True,True
gfn5080,2025-05-19,41,0.19588780487804877,3.024390243902439,0.34146341463414637,0.43902439024390244,53,0.17950943396226413,2.943396226415094,0.2641509433962264,0.39622641509433965,-0.016378370915784646,-0.08099401748734492,-0.07731247123791996,-0.042797975149562795,1.2926829268292683,True,True
gfn5080,2025-05-26,52,0.1361019230769231,2.826923076923077,0.36538461538461536,0.4423076923076923,46,0.17780434782608695,3.217391304347826,0.2826086956521739,0.34782608695652173,0.04170242474916386,0.39046822742474907,-0.08277591973244147,-0.09448160535117056,0.8846153846153846,True,True
gfn5080,2025-06-02,53,0.17991320754716983,3.0377358490566038,0.3018867924528302,0.3584905660377358,50,0.09993000000000002,3.1,0.38,0.38,-0.07998320754716981,0.062264150943396324,0.07811320754716983,0.02150943396226418,0.9433962264150944,True,True
gfn5080,2025-06-09,48,0.18193124999999996,3.1458333333333335,0.2916666666666667,0.375,61,0.15578524590163936,3.0491803278688523,0.29508196721311475,0.36065573770491804,-0.026146004098360598,-0.09665300546448119,0.0034153005464480635,-0.014344262295081955,1.2708333333333333,True,True
gfn5080,2025-06-16,47,0.09465106382978723,3.0851063829787235,0.3617021276595745,0.40425531914893614,53,0.21542641509433963,3.1320754716981134,0.24528301886792453,0.3584905660377358,0.1207753512645524,0.04696908871938987,-0.11641910879164996,-0.04576475311120032,1.127659574468085,True,True
gfn5080,2025-06-23,59,0.13276610169491526,3.0,0.3050847457627119,0.3559322033898305,61,0.12124754098360654,2.8852459016393444,0.29508196721311475,0.47540983606557374,-0.011518560711308717,-0.11475409836065564,-0.010002778549597136,0.11947763267574324,1.0338983050847457,True,True
gfn5080,2025-06-30,56,0.20897857142857146,3.142857142857143,0.26785714285714285,0.3392857142857143,68,0.16049117647058822,2.75,0.2647058823529412,0.4411764705882353,-0.04848739495798324,-0.3928571428571428,-0.0031512605042016695,0.10189075630252098,1.2142857142857142,True,True
gfn5080,2025-07-07,59,0.11148983050847457,2.8983050847457625,0.288135593220339,0.4745762711864407,51,0.20615686274509806,2.9215686274509802,0.21568627450980393,0.35294117647058826,0.0946670322366235,0.023263542705217688,-0.07244931871053506,-0.12163509471585243,0.864406779661017,True,True
gfn5080,2025-07-14,69,0.19076666666666667,2.8115942028985508,0.2463768115942029,0.43478260869565216,38,0.10122631578947369,2.789473684210526,0.2894736842105263,0.39473684210526316,-0.08954035087719298,-0.02212051868802467,0.04309687261632342,-0.040045766590389,0.5507246376811594,True,True
gfn5080,2025-09-22,63,0.27105396825396827,2.8412698412698414,0.19047619047619047,0.42857142857142855,59,0.07248305084745763,2.305084745762712,0.3220338983050847,0.576271186440678,-0.19857091740651064,-0.5361850955071294,0.13155770782889425,0.14769975786924944,0.9365079365079365,True,True
gfn5080,2025-09-29,51,0.15884117647058826,2.784313725490196,0.27450980392156865,0.43137254901960786,46,0.0798630434782609,2.4565217391304346,0.2826086956521739,0.5652173913043478,-0.07897813299232737,-0.32779198635976137,0.00809889173060524,0.13384484228473992,0.9019607843137255,True,True
gfn5080,2025-10-06,58,0.07398275862068965,2.3275862068965516,0.3275862068965517,0.5689655172413793,35,-0.009314285714285704,2.6,0.4,0.5142857142857142,-0.08329704433497535,0.2724137931034485,0.07241379310344831,-0.0546798029556651,0.603448275862069,True,True
gfn5080,2025-10-13,46,0.09370869565217393,2.5217391304347827,0.2826086956521739,0.5652173913043478,44,0.20568409090909087,2.9318181818181817,0.2727272727272727,0.4090909090909091,0.11197539525691694,0.41007905138339895,-0.009881422924901184,-0.15612648221343867,0.9565217391304348,True,True
gfn5080,2025-10-20,35,0.0037114285714285964,2.6,0.37142857142857144,0.5142857142857142,45,0.23524666666666663,3.1333333333333333,0.2222222222222222,0.3333333333333333,0.23153523809523804,0.5333333333333332,-0.14920634920634923,-0.18095238095238092,1.2857142857142858,True,True
gfn5080,2025-10-27,41,0.19236829268292682,2.8048780487804876,0.2926829268292683,0.4146341463414634,39,0.13683589743589744,2.7948717948717947,0.28205128205128205,0.38461538461538464,-0.05553239524702938,-0.01000625390869292,-0.010631644777986227,-0.030018761726078758,0.9512195121951219,True,True
gfn5080,2025-11-03,45,0.20984444444444444,3.0444444444444443,0.24444444444444444,0.35555555555555557,42,0.14578333333333332,2.357142857142857,0.2619047619047619,0.5238095238095238,-0.06406111111111112,-0.6873015873015871,0.01746031746031748,0.16825396825396827,0.9333333333333333,True,True
gfn5080,2025-11-10,40,0.11979,2.8,0.275,0.4,44,0.14305681818181817,2.5,0.2727272727272727,0.5227272727272727,0.02326681818181818,-0.2999999999999998,-0.002272727272727315,0.12272727272727268,1.1,True,True
gfn5080,2025-11-17,43,0.2121325581395349,2.5348837209302326,0.20930232558139536,0.4883720930232558,48,0.23717916666666664,2.9375,0.22916666666666666,0.3958333333333333,0.025046608527131725,0.4026162790697674,0.019864341085271298,-0.09253875968992248,1.1162790697674418,True,True
gfn5080,2025-11-24,45,0.16846666666666663,2.5555555555555554,0.26666666666666666,0.5111111111111111,54,0.22281666666666666,2.611111111111111,0.2037037037037037,0.48148148148148145,0.05435000000000004,0.0555555555555558,-0.06296296296296297,-0.029629629629629617,1.2,True,True
gfn5080,2025-12-01,48,0.2343083333333333,3.0,0.25,0.375,65,0.1983907692307692,2.4923076923076923,0.23076923076923078,0.49230769230769234,-0.03591756410256411,-0.5076923076923077,-0.019230769230769218,0.11730769230769234,1.3541666666666667,True,True
gfn5080,2026-02-09,57,0.2764754385964912,2.754385964912281,0.17543859649122806,0.45614035087719296,54,0.30924074074074076,3.0555555555555554,0.2037037037037037,0.35185185185185186,0.03276530214424955,0.30116959064327453,0.028265107212475632,-0.1042884990253411,0.9473684210526315,True,True
gfn5080,2026-02-16,57,0.30922456140350874,2.754385964912281,0.15789473684210525,0.42105263157894735,53,0.2706981132075472,3.169811320754717,0.2641509433962264,0.39622641509433965,-0.038526448195961516,0.41542535584243634,0.10625620655412116,-0.0248262164846077,0.9298245614035088,True,True
ces2026,2025-07-07,59,0.11148983050847457,2.8983050847457625,0.288135593220339,0.4745762711864407,51,0.20615686274509806,2.9215686274509802,0.21568627450980393,0.35294117647058826,0.0946670322366235,0.023263542705217688,-0.07244931871053506,-0.12163509471585243,0.864406779661017,True,True
ces2026,2025-07-14,69,0.19076666666666667,2.8115942028985508,0.2463768115942029,0.43478260869565216,38,0.10122631578947369,2.789473684210526,0.2894736842105263,0.39473684210526316,-0.08954035087719298,-0.02212051868802467,0.04309687261632342,-0.040045766590389,0.5507246376811594,True,True
ces2026,2025-09-22,63,0.27105396825396827,2.8412698412698414,0.19047619047619047,0.42857142857142855,59,0.07248305084745763,2.305084745762712,0.3220338983050847,0.576271186440678,-0.19857091740651064,-0.5361850955071294,0.13155770782889425,0.14769975786924944,0.9365079365079365,True,True
ces2026,2025-09-29,51,0.15884117647058826,2.784313725490196,0.27450980392156865,0.43137254901960786,46,0.0798630434782609,2.4565217391304346,0.2826086956521739,0.5652173913043478,-0.07897813299232737,-0.32779198635976137,0.00809889173060524,0.13384484228473992,0.9019607843137255,True,True
ces2026,2025-10-06,58,0.07398275862068965,2.3275862068965516,0.3275862068965517,0.5689655172413793,35,-0.009314285714285704,2.6,0.4,0.5142857142857142,-0.08329704433497535,0.2724137931034485,0.07241379310344831,-0.0546798029556651,0.603448275862069,True,True
ces2026,2025-10-13,46,0.09370869565217393,2.5217391304347827,0.2826086956521739,0.5652173913043478,44,0.20568409090909087,2.9318181818181817,0.2727272727272727,0.4090909090909091,0.11197539525691694,0.41007905138339895,-0.009881422924901184,-0.15612648221343867,0.9565217391304348,True,True
ces2026,2025-10-20,35,0.0037114285714285964,2.6,0.37142857142857144,0.5142857142857142,45,0.23524666666666663,3.1333333333333333,0.2222222222222222,0.3333333333333333,0.23153523809523804,0.5333333333333332,-0.14920634920634923,-0.18095238095238092,1.2857142857142858,True,True
ces2026,2025-10-27,41,0.19236829268292682,2.8048780487804876,0.2926829268292683,0.4146341463414634,39,0.13683589743589744,2.7948717948717947,0.28205128205128205,0.38461538461538464,-0.05553239524702938,-0.01000625390869292,-0.010631644777986227,-0.030018761726078758,0.9512195121951219,True,True
ces2026,2025-11-03,45,0.20984444444444444,3.0444444444444443,0.24444444444444444,0.35555555555555557,42,0.14578333333333332,2.357142857142857,0.2619047619047619,0.5238095238095238,-0.06406111111111112,-0.6873015873015871,0.01746031746031748,0.16825396825396827,0.9333333333333333,True,True
ces2026,2025-11-10,40,0.11979,2.8,0.275,0.4,44,0.14305681818181817,2.5,0.2727272727272727,0.5227272727272727,0.02326681818181818,-0.2999999999999998,-0.002272727272727315,0.12272727272727268,1.1,True,True
ces2026,2025-11-17,43,0.2121325581395349,2.5348837209302326,0.20930232558139536,0.4883720930232558,48,0.23717916666666664,2.9375,0.22916666666666666,0.3958333333333333,0.025046608527131725,0.4026162790697674,0.019864341085271298,-0.09253875968992248,1.1162790697674418,True,True
ces2026,2025-11-24,45,0.16846666666666663,2.5555555555555554,0.26666666666666666,0.5111111111111111,54,0.22281666666666666,2.611111111111111,0.2037037037037037,0.48148148148148145,0.05435000000000004,0.0555555555555558,-0.06296296296296297,-0.029629629629629617,1.2,True,True
ces2026,2025-12-01,48,0.2343083333333333,3.0,0.25,0.375,65,0.1983907692307692,2.4923076923076923,0.23076923076923078,0.49230769230769234,-0.03591756410256411,-0.5076923076923077,-0.019230769230769218,0.11730769230769234,1.3541666666666667,True,True
ces2026,2026-02-09,57,0.2764754385964912,2.754385964912281,0.17543859649122806,0.45614035087719296,54,0.30924074074074076,3.0555555555555554,0.2037037037037037,0.35185185185185186,0.03276530214424955,0.30116959064327453,0.028265107212475632,-0.1042884990253411,0.9473684210526315,True,True
ces2026,2026-02-16,57,0.30922456140350874,2.754385964912281,0.15789473684210525,0.42105263157894735,53,0.2706981132075472,3.169811320754717,0.2641509433962264,0.39622641509433965,-0.038526448195961516,0.41542535584243634,0.10625620655412116,-0.0248262164846077,0.9298245614035088,True,True
ces2026,2026-02-23,51,0.35151372549019605,3.1176470588235294,0.1568627450980392,0.3137254901960784,47,0.18341702127659573,2.7872340425531914,0.2978723404255319,0.5106382978723404,-0.16809670421360032,-0.33041301627033803,0.1410095953274927,0.19691280767626196,0.9215686274509803,True,True
ces2026,2026-03-02,58,0.3007068965517241,3.2413793103448274,0.2413793103448276,0.3620689655172414,44,0.11591590909090908,2.5,0.36363636363636365,0.4772727272727273,-0.18479098746081501,-0.7413793103448274,0.12225705329153605,0.11520376175548591,0.7586206896551724,True,True
ces2026,2026-03-09,46,0.15422173913043483,2.782608695652174,0.34782608695652173,0.5217391304347826,61,0.1522770491803279,2.622950819672131,0.29508196721311475,0.3770491803278688,-0.001944689950106937,-0.15965787598004288,-0.05274411974340698,-0.14468995010691377,1.326086956521739,True,True
ces2026,2026-03-16,45,0.07888666666666667,2.488888888888889,0.37777777777777777,0.5111111111111111,51,0.2460549019607844,2.627450980392157,0.21568627450980393,0.39215686274509803,0.16716823529411773,0.13856209150326793,-0.16209150326797384,-0.11895424836601304,1.1333333333333333,True,True
ces2026,2026-03-23,62,0.12564516129032263,2.5,0.3064516129032258,0.41935483870967744,42,0.25031904761904766,2.8095238095238093,0.2619047619047619,0.42857142857142855,0.12467388632872503,0.3095238095238093,-0.044546850998463894,0.009216589861751112,0.6774193548387096,True,True
ces2026,2026-03-30,52,0.23353653846153855,2.576923076923077,0.23076923076923078,0.38461538461538464,51,0.20882745098039224,3.019607843137255,0.2549019607843137,0.39215686274509803,-0.024709087481146308,0.44268476621417774,0.024132730015082926,0.007541478129713397,0.9807692307692307,True,True
ces2026,2026-04-06,43,0.3080441860465117,2.9302325581395348,0.23255813953488372,0.3953488372093023,92,0.22031739130434788,3.010869565217391,0.2391304347826087,0.42391304347826086,-0.0877267947421638,0.08063700707785637,0.006572295247724985,0.02856420626895856,2.13953488372093,True,True
ces2026,2026-04-13,50,0.238206,3.06,0.24,0.38,128,0.23102187500000002,3.03125,0.234375,0.4140625,-0.007184124999999986,-0.028750000000000053,-0.005624999999999991,0.034062499999999996,2.56,True,True
ces2026,2026-04-20,84,0.20509642857142854,3.0357142857142856,0.2261904761904762,0.40476190476190477,115,0.19918260869565216,2.982608695652174,0.21739130434782608,0.41739130434782606,-0.005913819875776383,-0.053105590062111574,-0.008799171842650111,0.012629399585921297,1.369047619047619,True,True
ces2026,2026-04-27,122,0.24051885245901639,3.0327868852459017,0.22950819672131148,0.4098360655737705,96,0.187865625,3.0,0.19791666666666666,0.40625,-0.05265322745901638,-0.032786885245901676,-0.03159153005464482,-0.0035860655737705027,0.7868852459016393,True,True
ces2026,2026-05-04,120,0.18871,2.941666666666667,0.24166666666666667,0.43333333333333335,86,0.19976395348837206,2.953488372093023,0.22093023255813954,0.3953488372093023,0.01105395348837207,0.0118217054263563,-0.02073643410852713,-0.03798449612403104,0.7166666666666667,True,True
ces2026,2026-05-11,102,0.1720470588235294,3.0098039215686274,0.20588235294117646,0.4117647058823529,95,0.19793578947368415,2.6526315789473682,0.2736842105263158,0.47368421052631576,0.025888730650154762,-0.3571723426212592,0.06780185758513935,0.06191950464396284,0.9313725490196079,True,True
ces2026,2026-05-18,89,0.23798539325842694,3.0224719101123596,0.19101123595505617,0.38202247191011235,97,0.22842783505154637,2.5670103092783507,0.24742268041237114,0.4536082474226804,-0.009557558206880562,-0.4554616008340089,0.05641144445731497,0.07158577551256806,1.0898876404494382,True,True
ces2026,2026-05-25,92,0.19988586956521737,2.652173913043478,0.2826086956521739,0.4673913043478261,96,0.20135104166666662,2.75,0.21875,0.4270833333333333,0.0014651721014492525,0.09782608695652195,-0.06385869565217389,-0.040307971014492794,1.0434782608695652,True,True
ces2026,2026-06-01,96,0.20734270833333335,2.5208333333333335,0.2708333333333333,0.46875,84,0.21101666666666663,2.9642857142857144,0.2619047619047619,0.40476190476190477,0.0036739583333332826,0.44345238095238093,-0.008928571428571397,-0.06398809523809523,0.875,True,True
ces2026,2026-06-08,96,0.17741875,2.6666666666666665,0.22916666666666666,0.4479166666666667,73,0.20532328767123287,2.9452054794520546,0.3013698630136986,0.3561643835616438,0.027904537671232882,0.27853881278538806,0.07220319634703196,-0.09175228310502287,0.7604166666666666,True,True
ces2026,2026-06-15,83,0.23286506024096382,3.0240963855421685,0.24096385542168675,0.3855421686746988,78,0.12932307692307693,2.948717948717949,0.3076923076923077,0.3717948717948718,-0.10354198331788689,-0.07537843682421963,0.06672845227062096,-0.013747296879827009,0.9397590361445783,True,True
ces2026,2026-06-22,74,0.22509864864864865,2.972972972972973,0.2972972972972973,0.35135135135135137,88,0.1289534090909091,2.8295454545454546,0.3068181818181818,0.42045454545454547,-0.09614523955773954,-0.14342751842751822,0.00952088452088451,0.0691031941031941,1.1891891891891893,True,True
ces2026,2026-06-29,75,0.10196666666666668,2.8133333333333335,0.3333333333333333,0.4,74,0.24093783783783784,2.8513513513513513,0.25675675675675674,0.43243243243243246,0.13897117117117117,0.03801801801801785,-0.07657657657657657,0.032432432432432434,0.9866666666666667,True,True
ces2026,2026-07-06,87,0.1540528735632184,2.896551724137931,0.27586206896551724,0.41379310344827586,79,0.22603164556962022,2.759493670886076,0.26582278481012656,0.45569620253164556,0.07197877200640182,-0.13705805325185505,-0.010039284155390682,0.0419030990833697,0.9080459770114943,True,True
gamescom2026,2026-02-24,54,0.30924074074074076,3.0555555555555554,0.2037037037037037,0.35185185185185186,46,0.1552717391304348,2.717391304347826,0.32608695652173914,0.5,-0.15396900161030597,-0.3381642512077292,0.12238325281803544,0.14814814814814814,0.8518518518518519,True,True
gamescom2026,2026-03-03,53,0.2706981132075472,3.169811320754717,0.2641509433962264,0.39622641509433965,40,0.1518175,2.6,0.325,0.45,-0.11888061320754723,-0.5698113207547171,0.0608490566037736,0.053773584905660365,0.7547169811320755,True,True
gamescom2026,2026-03-10,47,0.18341702127659573,2.7872340425531914,0.2978723404255319,0.5106382978723404,58,0.14280000000000004,2.586206896551724,0.29310344827586204,0.39655172413793105,-0.040617021276595694,-0.2010271460014672,-0.004768892149669857,-0.11408657373440934,1.2340425531914894,True,True
gamescom2026,2026-03-17,44,0.11591590909090908,2.5,0.36363636363636365,0.4772727272727273,52,0.2412307692307693,2.6923076923076925,0.23076923076923078,0.38461538461538464,0.1253148601398602,0.1923076923076925,-0.13286713286713286,-0.09265734265734266,1.1818181818181819,True,True
gamescom2026,2026-03-24,61,0.1522770491803279,2.622950819672131,0.29508196721311475,0.3770491803278688,45,0.24416222222222225,2.8222222222222224,0.26666666666666666,0.4222222222222222,0.09188517304189436,0.19927140255009146,-0.028415300546448086,0.045173041894353394,0.7377049180327869,True,True
gamescom2026,2026-03-31,51,0.2460549019607844,2.627450980392157,0.21568627450980393,0.39215686274509803,52,0.22151538461538467,3.0384615384615383,0.23076923076923078,0.38461538461538464,-0.02453951734539972,0.41101055806938147,0.01508295625942685,-0.007541478129713397,1.0196078431372548,True,True
gamescom2026,2026-04-07,42,0.25031904761904766,2.8095238095238093,0.2619047619047619,0.42857142857142855,97,0.23924020618556704,3.0103092783505154,0.2268041237113402,0.41237113402061853,-0.011078841433480618,0.20078546882670611,-0.03510063819342171,-0.016200294550810013,2.3095238095238093,True,True
gamescom2026,2026-04-14,51,0.20882745098039224,3.019607843137255,0.2549019607843137,0.39215686274509803,131,0.21425954198473285,2.954198473282443,0.2366412213740458,0.42748091603053434,0.005432091004340611,-0.06540936985481194,-0.0182607394102679,0.03532405328543631,2.5686274509803924,True,True
gamescom2026,2026-04-21,92,0.22031739130434788,3.010869565217391,0.2391304347826087,0.42391304347826086,114,0.191209649122807,3.017543859649123,0.21929824561403508,0.42105263157894735,-0.029107742181540885,0.006674294431731731,-0.019832189168573627,-0.0028604118993135197,1.2391304347826086,True,True
gamescom2026,2026-04-28,128,0.23102187500000002,3.03125,0.234375,0.4140625,98,0.21325714285714287,3.1530612244897958,0.20408163265306123,0.37755102040816324,-0.017764732142857148,0.12181122448979576,-0.03029336734693877,-0.03651147959183676,0.765625,True,True
gamescom2026,2026-05-05,115,0.19918260869565216,2.982608695652174,0.21739130434782608,0.41739130434782606,87,0.1967402298850574,2.8620689655172415,0.22988505747126436,0.41379310344827586,-0.002442378810594753,-0.12053973013493247,0.012493753123438284,-0.003598200899550208,0.7565217391304347,True,True
gamescom2026,2026-05-12,96,0.187865625,3.0,0.19791666666666666,0.40625,95,0.18850105263157893,2.5157894736842104,0.2736842105263158,0.49473684210526314,0.000635427631578922,-0.48421052631578965,0.07576754385964915,0.08848684210526314,0.9895833333333334,True,True
gamescom2026,2026-05-19,86,0.19976395348837206,2.953488372093023,0.22093023255813954,0.3953488372093023,96,0.21379583333333332,2.5625,0.25,0.4479166666666667,0.014031879844961265,-0.3909883720930232,0.02906976744186046,0.05256782945736438,1.1162790697674418,True,True
gamescom2026,2026-05-26,95,0.19793578947368415,2.6526315789473682,0.2736842105263158,0.47368421052631576,94,0.23687872340425528,2.851063829787234,0.20212765957446807,0.40425531914893614,0.03894293393057113,0.1984322508398657,-0.07155655095184774,-0.06942889137737962,0.9894736842105263,True,True
gamescom2026,2026-06-02,97,0.22842783505154637,2.5670103092783507,0.24742268041237114,0.4536082474226804,82,0.20590487804878044,2.9390243902439024,0.2804878048780488,0.4146341463414634,-0.022522957002765936,0.37201408096555166,0.033065124465677664,-0.038974101081217016,0.845360824742268,True,True
gamescom2026,2026-06-09,96,0.20135104166666662,2.75,0.21875,0.4270833333333333,72,0.1530388888888889,2.9166666666666665,0.3194444444444444,0.375,-0.04831215277777773,0.16666666666666652,0.10069444444444442,-0.052083333333333315,0.75,True,True
gamescom2026,2026-06-16,84,0.21101666666666663,2.9642857142857144,0.2619047619047619,0.40476190476190477,86,0.1597755813953488,2.9651162790697674,0.27906976744186046,0.37209302325581395,-0.05124108527131782,0.0008305647840529673,0.017165005537098543,-0.03266888150609082,1.0238095238095237,True,True
gamescom2026,2026-06-23,73,0.20532328767123287,2.9452054794520546,0.3013698630136986,0.3561643835616438,85,0.13830705882352942,2.835294117647059,0.3058823529411765,0.4117647058823529,-0.06701622884770345,-0.10991136180499561,0.004512489927477881,0.055600322320709106,1.1643835616438356,True,True
gamescom2026,2026-06-30,78,0.12932307692307693,2.948717948717949,0.3076923076923077,0.3717948717948718,70,0.22545571428571426,2.8857142857142857,0.2714285714285714,0.42857142857142855,0.09613263736263733,-0.06300366300366322,-0.0362637362637363,0.05677655677655674,0.8974358974358975,True,True
gamescom2026,2026-07-07,88,0.1289534090909091,2.8295454545454546,0.3068181818181818,0.42045454545454547,85,0.2003576470588235,2.6588235294117646,0.2823529411764706,0.4823529411764706,0.0714042379679144,-0.17072192513369,-0.02446524064171124,0.061898395721925126,0.9659090909090909,True,True
gamescom2026,2026-07-14,74,0.24093783783783784,2.8513513513513513,0.25675675675675674,0.43243243243243246,105,0.20881619047619046,2.5142857142857142,0.2571428571428571,0.5047619047619047,-0.03212164736164738,-0.3370656370656371,0.0003861003861003742,0.07232947232947229,1.4189189189189189,True,True
gamescom2026,2026-07-21,79,0.22603164556962022,2.759493670886076,0.26582278481012656,0.45569620253164556,87,0.23546896551724136,2.6206896551724137,0.2413793103448276,0.47126436781609193,0.009437319947621148,-0.1388040157136623,-0.02444347446529896,0.015568165284446378,1.1012658227848102,True,True
