date,nvda_close,nvda_volume,tsm_close,smh_etf_close,qqq_close,nvda_return_pct,nvda_volatility_30d,nvda_sma_50,nvda_sma_200,is_trading_day,gfn_reviews_count,gfn_avg_rating,gfn_sentiment_score,gfn_avg_thumbs_up,gfn_one_star_share,gfn_negative_share,gfn_positive_share
2015-01-01,,0,,,,0.0,,,,0,0,,,,,,
2015-01-02,0.503250002861023,113680000,22.280000686645508,27.2450008392334,102.94000244140624,0.0,,,,1,0,,,,,,
2015-01-03,0.503250002861023,0,22.280000686645508,27.2450008392334,102.94000244140624,0.0,,,,0,0,,,,,,
2015-01-04,0.503250002861023,0,22.280000686645508,27.2450008392334,102.94000244140624,0.0,,,,0,0,,,,,,
2015-01-05,0.4947499930858612,197952000,21.739999771118164,26.76000022888184,101.43000030517578,-1.6890232939569594,,,,1,0,,,,,,
2015-01-06,0.4797500073909759,197764000,21.36000061035156,26.1299991607666,100.06999969482422,-3.0318314107145583,,,,1,0,,,,,,
2015-01-07,0.4785000085830688,321808000,21.670000076293945,26.46999931335449,101.36000061035156,-0.2605521185304327,,,,1,0,,,,,,
2015-01-08,0.4964999854564667,283780000,21.809999465942383,27.1299991607666,103.3000030517578,3.761750585271506,,,,1,0,,,,,,
2015-01-09,0.4984999895095825,209540000,21.200000762939453,27.049999237060547,102.62000274658205,0.4028205663041628,,,,1,0,,,,,,
2015-01-10,0.4984999895095825,0,21.200000762939453,27.049999237060547,102.62000274658205,0.0,,,,0,0,,,,,,
2015-01-11,0.4984999895095825,0,21.200000762939453,27.049999237060547,102.62000274658205,0.0,,,,0,0,,,,,,
2015-01-12,0.492249995470047,190732000,20.790000915527344,26.70499992370605,101.5500030517578,-1.253760114555702,,,,1,0,,,,,,
2015-01-13,0.4914999902248382,236720000,21.049999237060547,26.55500030517578,101.5199966430664,-0.152362671835593,,,,1,0,,,,,,
2015-01-14,0.4934999942779541,155260000,21.059999465942383,26.45499992370605,100.95999908447266,0.4069184319212215,,,,1,0,,,,,,
2015-01-15,0.4900000095367431,188932000,22.88999938964844,26.600000381469727,99.6500015258789,-0.7092167744260691,,,,1,0,,,,,,
2015-01-16,0.4990000128746032,181512000,22.600000381469727,26.815000534057617,100.81999969482422,1.8367353393255792,,,,1,0,,,,,,
2015-01-17,0.4990000128746032,0,22.600000381469727,26.815000534057617,100.81999969482422,0.0,,,,0,0,,,,,,
2015-01-18,0.4990000128746032,0,22.600000381469727,26.815000534057617,100.81999969482422,0.0,,,,0,0,,,,,,
2015-01-19,0.4990000128746032,0,22.600000381469727,26.815000534057617,100.81999969482422,0.0,,,,0,0,,,,,,
2015-01-20,0.5005000233650208,140308000,23.09000015258789,27.07999992370605,101.62000274658205,0.3006032969370631,,,,1,0,,,,,,
2015-01-21,0.5074999928474426,144780000,23.209999084472656,27.43000030517578,102.13999938964844,1.398595235892075,,,,1,0,,,,,,
2015-01-22,0.5162500143051147,159712000,23.709999084472656,27.674999237060547,104.02999877929688,1.724142183446764,,,,1,0,,,,,,
2015-01-23,0.5177500247955322,120416000,23.989999771118164,27.55500030517578,104.26000213623048,0.2905589247172324,,,,1,0,,,,,,
2015-01-24,0.5177500247955322,0,23.989999771118164,27.55500030517578,104.26000213623048,0.0,,,,0,0,,,,,,
2015-01-25,0.5177500247955322,0,23.989999771118164,27.55500030517578,104.26000213623048,0.0,,,,0,0,,,,,,
2015-01-26,0.515500009059906,133240000,24.15999984741211,27.559999465942383,104.13999938964844,-0.4345756886278806,,,,1,0,,,,,,
2015-01-27,0.4907500147819519,357948000,24.190000534057617,27.01000022888184,101.44000244140624,-4.801162724146124,,,,1,0,,,,,,
2015-01-28,0.4827499985694885,272728000,23.93000030517578,26.780000686645508,100.91999816894533,-1.6301611760557777,,,,1,0,,,,,,
2015-01-29,0.4945000112056732,235340000,23.290000915527344,26.93000030517578,101.88999938964844,2.433974659969551,,,,1,0,,,,,,
2015-01-30,0.4799999892711639,298200000,22.709999084472656,26.364999771118164,101.0999984741211,-2.932259172078844,,,,1,0,,,,,,
2015-01-31,0.4799999892711639,0,22.709999084472656,26.364999771118164,101.0999984741211,0.0,,,,0,0,,,,,,
2015-02-01,0.4799999892711639,0,22.709999084472656,26.364999771118164,101.0999984741211,0.0,,,,0,0,,,,,,
2015-02-02,0.4905000030994415,259604000,22.940000534057617,26.415000915527344,101.9800033569336,2.1875029297856674,,,,1,0,,,,,,
2015-02-03,0.5027499794960022,183468000,23.14999961853028,26.790000915527344,102.95999908447266,2.4974467521210464,,,,1,0,,,,,,
2015-02-04,0.5040000081062317,181516000,23.57999992370605,26.979999542236328,102.87000274658205,0.2486382220209471,,,,1,0,,,,,,
2015-02-05,0.5122500061988831,140448000,23.65999984741211,27.25,103.76000213623048,1.6369043571349495,,,,1,0,,,,,,
2015-02-06,0.5099999904632568,210524000,23.100000381469727,26.959999084472656,103.12999725341795,-0.4392417195506426,,,,1,0,,,,,,
2015-02-07,0.5099999904632568,0,23.100000381469727,26.959999084472656,103.12999725341795,0.0,,,,0,0,,,,,,
2015-02-08,0.5099999904632568,0,23.100000381469727,26.959999084472656,103.12999725341795,0.0,,,,0,0,,,,,,
2015-02-09,0.5095000267028809,273944000,22.670000076293945,26.604999542236328,102.8000030517578,-0.0980321117107885,,,,1,0,,,,,,
2015-02-10,0.5237500071525574,226204000,23.86000061035156,27.479999542236328,104.4000015258789,2.796855682597732,,,,1,0,,,,,,
2015-02-11,0.5202500224113464,320832000,24.290000915527344,27.63999938964844,104.77999877929688,-0.6682548340646521,,,,1,0,,,,,,
2015-02-12,0.5575000047683716,676904000,24.46999931335449,28.030000686645508,106.0,7.160015521839358,,,,1,0,,,,,,
2015-02-13,0.5577499866485596,310084000,24.84000015258789,28.19499969482422,106.91000366210938,0.0448397987533377,,,,1,0,,,,,,
2015-02-14,0.5577499866485596,0,24.84000015258789,28.19499969482422,106.91000366210938,0.0,,,,0,0,,,,,,
2015-02-15,0.5577499866485596,0,24.84000015258789,28.19499969482422,106.91000366210938,0.0,,,,0,0,,,,,,
2015-02-16,0.5577499866485596,0,24.84000015258789,28.19499969482422,106.91000366210938,0.0,,,,0,0,,,,,,
2015-02-17,0.559499979019165,203340000,24.770000457763672,28.315000534057617,107.01000213623048,0.3137592850734005,2.2506710370867777,,,1,0,,,,,,
2015-02-18,0.5529999732971191,170948000,24.709999084472656,28.21999931335449,107.16000366210938,-1.1617526301682446,2.2359832512201403,,,1,0,,,,,,
2015-02-19,0.5544999837875366,169432000,24.520000457763672,28.23500061035156,107.69000244140624,0.2712496497014438,2.1406840092368875,,,1,0,,,,,,
2015-02-20,0.5584999918937683,157752000,24.440000534057617,28.364999771118164,108.41000366210938,0.721372087138672,2.1360653615150857,,,1,0,,,,,,
2015-02-21,0.5584999918937683,0,24.440000534057617,28.364999771118164,108.41000366210938,0.0,2.1360653615150857,,,0,0,,,,,,
2015-02-22,0.5584999918937683,0,24.440000534057617,28.364999771118164,108.41000366210938,0.0,2.1360653615150857,,,0,0,,,,,,
2015-02-23,0.5540000200271606,125008000,24.21999931335449,28.15999984741211,108.5199966430664,-0.8057246073270519,2.059815433703289,,,1,0,,,,,,
2015-02-24,0.5577499866485596,149356000,25.040000915527344,28.739999771118164,108.5999984741211,0.6768892573713492,2.060499281532977,,,1,0,,,,,,
2015-02-25,0.5534999966621399,123820000,25.040000915527344,28.545000076293945,108.33000183105467,-0.761988361838839,2.04885054461492,,,1,0,,,,,,
2015-02-26,0.5550000071525574,152864000,24.68000030517578,28.64999961853028,108.87999725341795,0.2710046069490879,2.046287522218884,,,1,0,,,,,,
2015-02-27,0.5515000224113464,157492000,24.530000686645508,28.48500061035156,108.4000015258789,-0.6306278731720516,2.055366392385245,,,1,0,,,,,,
2015-02-28,0.5515000224113464,0,24.530000686645508,28.48500061035156,108.4000015258789,0.0,2.055366392385245,,,0,0,,,,,,
2015-03-01,0.5515000224113464,0,24.530000686645508,28.48500061035156,108.4000015258789,0.0,2.055366392385245,,,0,0,,,,,,
2015-03-02,0.5649999976158142,301512000,24.6299991607666,29.23500061035156,109.37999725341795,2.447864851472037,2.07777793867384,,,1,0,,,,,,
2015-03-03,0.5544999837875366,160344000,24.5,28.7549991607666,108.87000274658205,-1.858409534970884,2.104936297261004,,,1,0,,,,,,
2015-03-04,0.5607500076293945,226840000,24.32999992370605,28.709999084472656,108.4499969482422,1.1271459016404028,2.109356148515083,,,1,0,,,,,,
2015-03-05,0.5715000033378601,323056000,24.459999084472656,28.700000762939453,108.63999938964844,1.9170745541158047,2.1199102222346204,,,1,0,,,,,,
2015-03-06,0.5637500286102295,257392000,24.09000015258789,28.34000015258789,107.41000366210938,-1.3560760599066857,2.129049312153727,,,1,0,,,,,,
2015-03-07,0.5637500286102295,0,24.09000015258789,28.34000015258789,107.41000366210938,0.0,2.129049312153727,,,0,0,,,,,,
2015-03-08,0.5637500286102295,0,24.09000015258789,28.34000015258789,107.41000366210938,0.0,2.129049312153727,,,0,0,,,,,,
2015-03-09,0.5652499794960022,222388000,23.450000762939453,28.239999771118164,107.72000122070312,0.2660666624657137,2.129063899521532,,,1,0,,,,,,
2015-03-10,0.574999988079071,527212000,23.049999237060547,27.665000915527344,105.72000122070312,1.7249020675351945,2.1393391328145777,,,1,0,,,,,,
2015-03-11,0.5720000267028809,262120000,23.489999771118164,27.8700008392334,105.11000061035156,-0.5217324240670451,1.9120994297009448,,,1,0,,,,,,
2015-03-12,0.5667499899864197,406972000,23.530000686645508,27.71500015258789,105.8000030517578,-0.9178385439461256,1.8886376670797176,,,1,0,,,,,,
2015-03-13,0.5674999952316284,359288000,23.8799991607666,27.94499969482422,105.33999633789062,0.1323344081976429,1.8560633589063475,,,1,0,,,,,,
2015-03-14,0.5674999952316284,0,23.8799991607666,27.94499969482422,105.33999633789062,0.0,1.8560633589063475,,,0,0,,,,,,
2015-03-15,0.5674999952316284,0,23.8799991607666,27.94499969482422,105.33999633789062,0.0,1.8560633589063475,,,0,0,,,,,,
2015-03-16,0.5742499828338623,236956000,24.280000686645508,28.315000534057617,106.6999969482422,1.189425138140976,1.7442309357907697,0.5268950009346008,,1,0,,,,,,
2015-03-17,0.581250011920929,299900000,24.309999465942383,28.125,106.87000274658205,1.2189863815967872,1.7229304748221208,0.5284550011157989,,1,0,,,,,,
2015-03-18,0.5717499852180481,413844000,24.709999084472656,28.38500022888184,107.91999816894533,-1.6344131626741754,1.729620374097512,0.5299950009584427,,1,0,,,,,,
2015-03-19,0.5805000066757202,310756000,24.65999984741211,28.420000076293945,108.08000183105467,1.5303929486478518,1.740432780067431,0.5320100009441375,,1,0,,,,,,
2015-03-20,0.5867499709129333,462084000,24.770000457763672,28.8700008392334,108.52999877929688,1.0766518803339895,1.7306406314980036,0.5341750001907348,,1,0,,,,,,
2015-03-21,0.5867499709129333,0,24.770000457763672,28.8700008392334,108.52999877929688,0.0,1.7306406314980036,0.5341750001907348,,0,0,,,,,,
2015-03-22,0.5867499709129333,0,24.770000457763672,28.8700008392334,108.52999877929688,0.0,1.7306406314980036,0.5341750001907348,,0,0,,,,,,
2015-03-23,0.5677499771118164,426012000,24.799999237060547,28.614999771118164,108.31999969482422,-3.238175499447326,1.85238479016122,0.5356000000238419,,1,0,,,,,,
2015-03-24,0.5600000023841858,330480000,24.5,28.354999542236328,107.93000030517578,-1.3650330321553272,1.8777979660867048,0.5368300002813339,,1,0,,,,,,
2015-03-25,0.5260000228881836,542552000,23.18000030517578,27.030000686645508,105.45999908447266,-6.071424884151455,2.1541335053070245,0.5375050008296967,,1,0,,,,,,
2015-03-26,0.5242499709129333,311920000,23.200000762939453,26.834999084472656,105.0999984741211,-0.3327094865207436,2.151216560598774,0.5381600004434586,,1,0,,,,,,
2015-03-27,0.534500002861023,318288000,22.940000534057617,27.69499969482422,105.5199966430664,1.955180260714196,1.7256258377794955,0.53898000061512,,1,0,,,,,,
2015-03-28,0.534500002861023,0,22.940000534057617,27.69499969482422,105.5199966430664,0.0,1.7256258377794955,0.53898000061512,,0,0,,,,,,
2015-03-29,0.534500002861023,0,22.940000534057617,27.69499969482422,105.5199966430664,0.0,1.7256258377794955,0.53898000061512,,0,0,,,,,,
2015-03-30,0.5367500185966492,253252000,23.25,27.93000030517578,106.7300033569336,0.4209571045056259,1.7282718123411325,0.539915000796318,,1,0,,,,,,
2015-03-31,0.5232499837875366,357276000,23.479999542236328,27.64999961853028,105.5999984741211,-2.5151437990461267,1.7805589823858037,0.5404000002145767,,1,0,,,,,,
2015-04-01,0.5252500176429749,330768000,23.229999542236328,27.3799991607666,105.0500030517578,0.3822329512484623,1.774327392655721,0.5408950001001358,,1,0,,,,,,
2015-04-02,0.5264999866485596,192204000,23.690000534057617,27.45499992370605,105.12000274658205,0.2379760044928458,1.7740615010860652,0.5412749999761581,,1,0,,,,,,
2015-04-03,0.5264999866485596,0,23.690000534057617,27.45499992370605,105.12000274658205,0.0,1.7740615010860652,0.5412749999761581,,0,0,,,,,,
2015-04-04,0.5264999866485596,0,23.690000534057617,27.45499992370605,105.12000274658205,0.0,1.7740615010860652,0.5412749999761581,,0,0,,,,,,
2015-04-05,0.5264999866485596,0,23.690000534057617,27.45499992370605,105.12000274658205,0.0,1.7740615010860652,0.5412749999761581,,0,0,,,,,,
2015-04-06,0.5417500138282776,515864000,23.540000915527344,27.52499961853028,105.9800033569336,2.896491465610884,1.8538544350861248,0.5417849999666214,,1,0,,,,,,
2015-04-07,0.546500027179718,413964000,23.38999938964844,27.540000915527344,105.8000030517578,0.8767906285547467,1.856733967330653,0.5423600000143051,,1,0,,,,,,
2015-04-08,0.5504999756813049,366432000,23.200000762939453,27.674999237060547,106.63999938964844,0.731921006889813,1.8574819407441123,0.5430599993467331,,1,0,,,,,,
2015-04-09,0.5632500052452087,379432000,23.440000534057617,27.950000762939453,107.30999755859376,2.316081766965428,1.899990257283156,0.5445099991559982,,1,0,,,,,,
2015-04-10,0.5690000057220459,258728000,23.5,28.114999771118164,107.75,1.0208611492748876,1.9075623051026849,0.5462349992990494,,1,0,,,,,,
2015-04-11,0.5690000057220459,0,23.5,28.114999771118164,107.75,0.0,1.9075623051026849,0.5462349992990494,,0,0,,,,,,
2015-04-12,0.5690000057220459,0,23.5,28.114999771118164,107.75,0.0,1.9075623051026849,0.5462349992990494,,0,0,,,,,,
2015-04-13,0.5637500286102295,236724000,23.32999992370605,27.920000076293945,107.4800033569336,-0.9226673214448032,1.912163905791281,0.5476199996471405,,1,0,,,,,,
2015-04-14,0.5590000152587891,220276000,23.18000030517578,27.665000915527344,107.16999816894533,-0.8425743876501968,1.8661398117062955,0.549200000166893,,1,0,,,,,,
2015-04-15,0.565750002861023,243560000,23.51000022888184,28.18000030517578,107.83999633789062,1.2075111660075688,1.8457435410943268,0.5507050001621246,,1,0,,,,,,
2015-04-16,0.562250018119812,155284000,23.239999771118164,28.05500030517578,107.69000244140624,-0.6186451124191583,1.8392206602385297,0.5518950009346009,,1,0,,,,,,
2015-04-17,0.5550000071525574,293636000,23.21999931335449,27.69499969482422,106.01000213623048,-1.2894638921487234,1.8185602387621336,0.5529150009155274,,1,0,,,,,,
2015-04-18,0.5550000071525574,0,23.21999931335449,27.69499969482422,106.01000213623048,0.0,1.8185602387621336,0.5529150009155274,,0,0,,,,,,
2015-04-19,0.5550000071525574,0,23.21999931335449,27.69499969482422,106.01000213623048,0.0,1.8185602387621336,0.5529150009155274,,0,0,,,,,,
2015-04-20,0.5522500276565552,231624000,23.270000457763672,27.924999237060547,107.5999984741211,-0.4954917946958348,1.804492625062016,0.5537150013446808,,1,0,,,,,,
2015-04-21,0.5515000224113464,230456000,23.32999992370605,28.104999542236328,108.05999755859376,-0.1358090009323076,1.8035361709970823,0.5545450019836425,,1,0,,,,,,
2015-04-22,0.5577499866485596,207420000,23.84000015258789,28.614999771118164,108.6500015258789,1.133266361420282,1.7864305098086373,0.5555100011825561,,1,0,,,,,,
2015-04-23,0.5554999709129333,259380000,24.299999237060547,28.31999969482422,109.05999755859376,-0.4034093750761469,1.7855652777335351,0.5561450004577637,,1,0,,,,,,
2015-04-24,0.5507500171661377,240960000,24.90999984741211,28.020000457763672,110.54000091552734,-0.8550772269149465,1.7845885323919364,0.5567550003528595,,1,0,,,,,,
2015-04-25,0.5507500171661377,0,24.90999984741211,28.020000457763672,110.54000091552734,0.0,1.7845885323919364,0.5567550003528595,,0,0,,,,,,
2015-04-26,0.5507500171661377,0,24.90999984741211,28.020000457763672,110.54000091552734,0.0,1.7845885323919364,0.5567550003528595,,0,0,,,,,,
2015-04-27,0.5550000071525574,248456000,25.40999984741211,28.2450008392334,110.26000213623048,0.7716731464281867,1.7910146176496111,0.5567050004005432,,1,0,,,,,,
2015-04-28,0.5577499866485596,234484000,25.01000022888184,28.225000381469727,110.04000091552734,0.4954917946958348,1.778781729043652,0.5567050004005432,,1,0,,,,,,
2015-04-29,0.5534999966621399,195156000,24.790000915527344,28.020000457763672,109.3499984741211,-0.761988361838839,1.765556666795417,0.5565850007534027,,1,0,,,,,,
2015-04-30,0.5550000071525574,218844000,24.440000534057617,27.729999542236328,107.62999725341795,0.2710046069490879,1.744372086279079,0.5566250014305115,,1,0,,,,,,
2015-05-01,0.5687500238418579,256968000,24.739999771118164,28.520000457763672,109.0500030517578,2.477480452630143,1.7827468267757969,0.5569100022315979,,1,0,,,,,,
2015-05-02,0.5687500238418579,0,24.739999771118164,28.520000457763672,109.0500030517578,0.0,1.7827468267757969,0.5569100022315979,,0,0,,,,,,
2015-05-03,0.5687500238418579,0,24.739999771118164,28.520000457763672,109.0500030517578,0.0,1.7827468267757969,0.5569100022315979,,0,0,,,,,,
2015-05-04,0.5652499794960022,200720000,24.31999969482422,28.364999771118164,109.2300033569336,-0.6153923866610511,1.772527066118846,0.5570450019836426,,1,0,,,,,,
2015-05-05,0.5507500171661377,292928000,24.290000915527344,27.825000762939453,107.4499969482422,-2.565230049684075,1.7354305784577675,0.5569800019264222,,1,0,,,,,,
2015-05-06,0.5525000095367432,316484000,24.450000762939453,27.81999969482422,106.70999908447266,0.3177471295616074,1.7198060497291114,0.5568750023841857,,1,0,,,,,,
2015-05-07,0.562250018119812,534564000,24.3700008392334,28.020000457763672,107.3499984741211,1.76470740538881,1.3190388005041018,0.5570500028133393,,1,0,,,,,,
2015-05-08,0.5207499861717224,1146552000,24.549999237060547,28.28499984741211,108.69000244140624,-7.381063692424139,1.915660322684872,0.5563650023937226,,1,0,,,,,,
2015-05-09,0.5207499861717224,0,24.549999237060547,28.28499984741211,108.69000244140624,0.0,1.915660322684872,0.5563650023937226,,0,0,,,,,,
2015-05-10,0.5207499861717224,0,24.549999237060547,28.28499984741211,108.69000244140624,0.0,1.915660322684872,0.5563650023937226,,0,0,,,,,,
2015-05-11,0.515749990940094,544144000,24.3700008392334,28.27499961853028,108.2699966430664,-0.9601527344024974,1.8865634178437525,0.5556500017642975,,1,0,,,,,,
2015-05-12,0.5207499861717224,388800000,24.3799991607666,28.059999465942383,107.77999877929688,0.9694610410975636,1.8944411057093204,0.5547650015354156,,1,0,,,,,,
2015-05-13,0.5237500071525574,308524000,24.440000534057617,28.200000762939453,108.0,0.5760962190108687,1.840906407680712,0.554150002002716,,1,0,,,,,,
2015-05-14,0.5322499871253967,293052000,24.40999984741211,28.489999771118164,109.58000183105467,1.6229078485460402,1.8631264187982808,0.5535800015926361,,1,0,,,,,,
2015-05-15,0.5325000286102295,215824000,24.559999465942383,28.530000686645508,109.58000183105467,0.0469782040171118,1.862828359087002,0.5528000020980834,,1,0,,,,,,
2015-05-16,0.5325000286102295,0,24.559999465942383,28.530000686645508,109.58000183105467,0.0,1.862828359087002,0.5528000020980834,,0,0,,,,,,
2015-05-17,0.5325000286102295,0,24.559999465942383,28.530000686645508,109.58000183105467,0.0,1.862828359087002,0.5528000020980834,,0,0,,,,,,
2015-05-18,0.5317500233650208,324972000,24.40999984741211,28.780000686645508,110.05999755859376,-0.1408460478708684,1.7839362067413151,0.5521600019931793,,1,0,,,,,,
2015-05-19,0.5260000228881836,253808000,24.59000015258789,28.729999542236328,109.94000244140624,-1.0813352560757772,1.7848207574683117,0.5513750028610229,,1,0,,,,,,
2015-05-20,0.5260000228881836,196824000,24.57999992370605,28.815000534057617,110.01000213623048,0.0,1.7778826863762751,0.5503950035572052,,1,0,,,,,,
2015-05-21,0.5222499966621399,239692000,24.239999771118164,28.8700008392334,110.58000183105467,-0.7129327115715456,1.7188597101085128,0.5494000029563904,,1,0,,,,,,
2015-05-22,0.5214999914169312,212592000,24.200000762939453,28.895000457763672,110.47000122070312,-0.1436103877457628,1.702548097983309,0.5484950029850006,,1,0,,,,,,
2015-05-23,0.5214999914169312,0,24.200000762939453,28.895000457763672,110.47000122070312,0.0,1.702548097983309,0.5484950029850006,,0,0,,,,,,
2015-05-24,0.5214999914169312,0,24.200000762939453,28.895000457763672,110.47000122070312,0.0,1.702548097983309,0.5484950029850006,,0,0,,,,,,
2015-05-25,0.5214999914169312,0,24.200000762939453,28.895000457763672,110.47000122070312,0.0,1.702548097983309,0.5484950029850006,,0,0,,,,,,
2015-05-26,0.5182499885559082,259732000,24.26000022888184,28.665000915527344,109.1999969482422,-0.6232028599257644,1.6994993202925155,0.5475100028514862,,1,0,,,,,,
2015-05-27,0.5460000038146973,432332000,24.600000381469727,29.73500061035156,110.95999908447266,5.35456167324071,1.98038153246472,0.546945003271103,,1,0,,,,,,
2015-05-28,0.5534999966621399,327656000,24.450000762939453,29.77499961853028,110.70999908447266,1.3736250540371753,1.9842736565946804,0.5463900029659271,,1,0,,,,,,
2015-05-29,0.5532500147819519,335168000,24.280000686645508,29.905000686645508,110.0500030517578,-0.0451638449314395,1.9814029662911168,0.5460200035572051,,1,0,,,,,,
2015-05-30,0.5532500147819519,0,24.280000686645508,29.905000686645508,110.0500030517578,0.0,1.9814029662911168,0.5460200035572051,,0,0,,,,,,
2015-05-31,0.5532500147819519,0,24.280000686645508,29.905000686645508,110.0500030517578,0.0,1.9814029662911168,0.5460200035572051,,0,0,,,,,,
2015-06-01,0.559499979019165,372660000,24.13999938964844,29.799999237060547,110.41999816894533,1.1296817117440794,1.977791437239373,0.5456000030040741,,1,0,,,,,,
2015-06-02,0.5485000014305115,224304000,23.670000076293945,29.375,110.06999969482422,-1.9660371762546205,2.0096448199436665,0.5448350036144256,,1,0,,,,,,
2015-06-03,0.5425000190734863,250788000,23.65999984741211,29.170000076293945,110.4000015258789,-1.0938892144716328,2.0194188284616232,0.5443300044536591,,1,0,,,,,,
2015-06-04,0.5522500276565552,323712000,22.979999542236328,28.825000762939453,109.55999755859376,1.7972365419858471,2.036230730983366,0.5441750049591064,,1,0,,,,,,
2015-06-05,0.5565000176429749,313320000,22.86000061035156,28.739999771118164,109.3000030517578,0.7695771432469245,2.039728239422936,0.5447850048542022,,1,0,,,,,,
2015-06-06,0.5565000176429749,0,22.86000061035156,28.739999771118164,109.3000030517578,0.0,2.039728239422936,0.5447850048542022,,0,0,,,,,,
2015-06-07,0.5565000176429749,0,22.86000061035156,28.739999771118164,109.3000030517578,0.0,2.039728239422936,0.5447850048542022,,0,0,,,,,,
2015-06-08,0.543749988079071,342812000,22.64999961853028,28.225000381469727,108.19000244140624,-2.291110361129156,2.077626209999832,0.545175005197525,,1,0,,,,,,
2015-06-09,0.546500027179718,256888000,22.82999992370605,28.2549991607666,108.01000213623048,0.5057543284482824,2.074690906598095,0.5454150056838989,,1,0,,,,,,
2015-06-10,0.5367500185966492,529460000,23.32999992370605,28.684999465942383,109.48999786376952,-1.7840819941739028,2.096400112922129,0.5454150056838989,,1,0,,,,,,
2015-06-11,0.5425000190734863,283052000,23.51000022888184,28.71999931335449,109.6500015258789,1.0712622780844503,2.1033358967314406,0.5458000063896179,,1,0,,,,,,
2015-06-12,0.5277500152587891,323728000,23.670000076293945,28.475000381469727,108.75,-2.718894616794332,2.157962926774582,0.5458500063419343,,1,0,,,,,,
2015-06-13,0.5277500152587891,0,23.670000076293945,28.475000381469727,108.75,0.0,2.157962926774582,0.5458500063419343,,0,0,,,,,,
2015-06-14,0.5277500152587891,0,23.670000076293945,28.475000381469727,108.75,0.0,2.157962926774582,0.5458500063419343,,0,0,,,,,,
2015-06-15,0.5267500281333923,306548000,23.26000022888184,28.395000457763672,108.20999908447266,-0.1894812120292188,2.100373826638318,0.5458550071716308,,1,0,,,,,,
2015-06-16,0.5332499742507935,256892000,23.57999992370605,28.520000457763672,108.8000030517578,1.233971669718659,2.115868841246193,0.5456850063800812,,1,0,,,,,,
2015-06-17,0.5394999980926514,233544000,23.600000381469727,28.545000076293945,109.0999984741211,1.1720626617261587,2.079823985409818,0.5455450057983399,,1,0,,,,,,
2015-06-18,0.5485000014305115,299404000,23.76000022888184,28.950000762939453,110.69000244140624,1.668211931358421,2.1024939383976737,0.545505006313324,,1,0,,,,,,
2015-06-19,0.546750009059906,355656000,23.39999961853028,28.84499931335449,109.88999938964844,-0.3190505681023525,2.0763553220344826,0.5451750063896179,,1,0,,,,,,
2015-06-20,0.546750009059906,0,23.39999961853028,28.84499931335449,109.88999938964844,0.0,2.0763553220344826,0.5451750063896179,,0,0,,,,,,
2015-06-21,0.546750009059906,0,23.39999961853028,28.84499931335449,109.88999938964844,0.0,2.0763553220344826,0.5451750063896179,,0,0,,,,,,
2015-06-22,0.5444999933242798,514236000,23.84000015258789,29.09499931335449,110.6999969482422,-0.411525504955168,1.5547453407372605,0.5446850061416626,,1,0,,,,,,
2015-06-23,0.5304999947547913,414064000,23.93000030517578,28.95499992370605,110.79000091552734,-2.5711659763328454,1.621183629095762,0.5440200054645539,,1,0,,,,,,
2015-06-24,0.5252500176429749,253368000,23.89999961853028,28.729999542236328,110.22000122070312,-0.9896281175729492,1.6246829452030525,0.5433450055122375,,1,0,,,,,,
2015-06-25,0.5292500257492065,350460000,24.07999992370605,28.795000076293945,110.0,0.7615436405278952,1.627138709709954,0.5426150059700012,,1,0,,,,,,
2015-06-26,0.5184999704360962,421296000,23.6299991607666,27.95499992370605,109.2699966430664,-2.0311865451291378,1.6418437988912455,0.5417400050163269,,1,0,,,,,,
2015-06-27,0.5184999704360962,0,23.6299991607666,27.95499992370605,109.2699966430664,0.0,1.6418437988912455,0.5417400050163269,,0,0,,,,,,
2015-06-28,0.5184999704360962,0,23.6299991607666,27.95499992370605,109.2699966430664,0.0,1.6418437988912455,0.5417400050163269,,0,0,,,,,,
2015-06-29,0.503000020980835,391724000,22.3799991607666,27.155000686645508,106.69000244140624,-2.9893829004897787,1.725564675552452,0.5407000052928924,,1,0,,,,,,
2015-06-30,0.5027499794960022,315916000,22.709999084472656,27.28499984741211,107.06999969482422,-0.0497100346726009,1.7257080068126969,0.5397100043296814,,1,0,,,,,,
2015-07-01,0.5099999904632568,302892000,22.93000030517578,27.38999938964844,107.91999816894533,1.4420708628417378,1.741307432021311,0.5388800036907196,,1,0,,,,,,
2015-07-02,0.5105000138282776,145764000,23.14999961853028,27.559999465942383,107.9499969482422,0.0980437988962634,1.7415709523699665,0.537935004234314,,1,0,,,,,,
2015-07-03,0.5105000138282776,0,23.14999961853028,27.559999465942383,107.9499969482422,0.0,1.7415709523699665,0.537935004234314,,0,0,,,,,,
2015-07-04,0.5105000138282776,0,23.14999961853028,27.559999465942383,107.9499969482422,0.0,1.7415709523699665,0.537935004234314,,0,0,,,,,,
2015-07-05,0.5105000138282776,0,23.14999961853028,27.559999465942383,107.9499969482422,0.0,1.7415709523699665,0.537935004234314,,0,0,,,,,,
2015-07-06,0.5042499899864197,214776000,22.940000534057617,27.114999771118164,107.6999969482422,-1.2242945489831625,1.750407881032905,0.5369100046157836,,1,0,,,,,,
2015-07-07,0.4947499930858612,594252000,22.959999084472656,26.979999542236328,107.97000122070312,-1.883985540746236,1.7804129694993154,0.5357900041341782,,1,0,,,,,,
2015-07-08,0.4912500083446502,332492000,22.229999542236328,26.27499961853028,106.08999633789062,-0.7074249196813098,1.781234530354744,0.53451500415802,,1,0,,,,,,
2015-07-09,0.4852499961853027,357588000,22.21999931335449,25.979999542236328,106.02999877929688,-1.2213765002397792,1.453260735086869,0.5330650043487549,,1,0,,,,,,
2015-07-10,0.4937500059604645,216708000,22.56999969482422,26.450000762939453,107.6500015258789,1.7516764228712844,1.470546900330943,0.5318700045347213,,1,0,,,,,,
2015-07-11,0.4937500059604645,0,22.56999969482422,26.450000762939453,107.6500015258789,0.0,1.470546900330943,0.5318700045347213,,0,0,,,,,,
2015-07-12,0.4937500059604645,0,22.56999969482422,26.450000762939453,107.6500015258789,0.0,1.470546900330943,0.5318700045347213,,0,0,,,,,,
2015-07-13,0.4970000088214874,212472000,22.86000061035156,26.68000030517578,109.54000091552734,0.6582284196029242,1.4814640700780206,0.5307100045681,,1,0,,,,,,
2015-07-14,0.4972499907016754,249216000,22.799999237060547,26.895000457763672,110.26000213623048,0.0502981641349986,1.4572968485346935,0.5292800039052963,,1,0,,,,,,
2015-07-15,0.4937500059604645,265732000,22.559999465942383,26.76000022888184,110.37999725341795,-0.7038682366332649,1.4279141356844764,0.5278500044345855,,1,0,,,,,,
2015-07-16,0.5047500133514404,282848000,22.729999542236328,26.7450008392334,111.94000244140624,2.2278495712781288,1.4946681688250627,0.5269300043582916,,1,0,,,,,,
2015-07-17,0.5017499923706055,220372000,23.030000686645508,26.729999542236328,113.58999633789062,-0.5943577813728895,1.445836034518595,0.5259150040149688,,1,0,,,,,,
2015-07-18,0.5017499923706055,0,23.030000686645508,26.729999542236328,113.58999633789062,0.0,1.445836034518595,0.5259150040149688,,0,0,,,,,,
2015-07-19,0.5017499923706055,0,23.030000686645508,26.729999542236328,113.58999633789062,0.0,1.445836034518595,0.5259150040149688,,0,0,,,,,,
2015-07-20,0.4925000071525574,188412000,22.89999961853028,26.51499938964844,113.9800033569336,-1.8435446654109453,1.4572849451265526,0.5245200037956238,,1,0,,,,,,
2015-07-21,0.4947499930858612,149720000,22.8799991607666,26.4950008392334,113.91000366210938,0.456849929061387,1.419949857690268,0.5240000039339066,,1,0,,,,,,
2015-07-22,0.4852499961853027,356472000,22.21999931335449,25.850000381469727,112.62000274658205,-1.920161098195261,1.441133751623591,0.5233900040388108,,1,0,,,,,,
2015-07-23,0.4912500083446502,169916000,22.309999465942383,26.209999084472656,112.1999969482422,1.236478558787324,1.445551913819448,0.5228000044822693,,1,0,,,,,,
2015-07-24,0.4855000078678131,188844000,21.63999938964844,25.604999542236328,111.0999984741211,-1.1704835377433942,1.4309091690811,0.5220350044965744,,1,0,,,,,,
2015-07-25,0.4855000078678131,0,21.63999938964844,25.604999542236328,111.0999984741211,0.0,1.4309091690811,0.5220350044965744,,0,0,,,,,,
2015-07-26,0.4855000078678131,0,21.63999938964844,25.604999542236328,111.0999984741211,0.0,1.4309091690811,0.5220350044965744,,0,0,,,,,,
2015-07-27,0.4827499985694885,192420000,21.6299991607666,25.5049991607666,110.18000030517578,-0.5664282705991952,1.3607651654467685,0.5210450047254562,,1,0,,,,,,
2015-07-28,0.4932500123977661,198308000,21.8799991607666,26.03499984741211,111.12999725341795,2.1750417109045683,1.433198299111358,0.520260004401207,,1,0,,,,,,
2015-07-29,0.4992499947547912,232680000,22.11000061035156,26.13999938964844,111.5500030517578,1.2164180853961426,1.4325923974773398,0.5196100038290024,,1,0,,,,,,
2015-07-30,0.5005000233650208,190180000,22.700000762939453,26.3799991607666,112.08000183105467,0.2503812966174301,1.4116742606654005,0.5191000038385392,,1,0,,,,,,
2015-07-31,0.4987500011920929,218340000,22.11000061035156,26.075000762939453,111.9499969482422,-0.3496547634827096,1.3649090475508656,0.5185550034046174,,1,0,,,,,,
2015-08-01,0.4987500011920929,0,22.11000061035156,26.075000762939453,111.9499969482422,0.0,1.3649090475508656,0.5185550034046174,,0,0,,,,,,
2015-08-02,0.4987500011920929,0,22.11000061035156,26.075000762939453,111.9499969482422,0.0,1.3649090475508656,0.5185550034046174,,0,0,,,,,,
2015-08-03,0.5072500109672546,397132000,21.71999931335449,25.950000762939453,111.5999984741211,1.7042626074877942,1.4134399521782604,0.5182550036907196,,1,0,,,,,,
2015-08-04,0.5092499852180481,260100000,21.450000762939453,25.674999237060547,111.38999938964844,0.3942778132187241,1.4177173742002045,0.518010003566742,,1,0,,,,,,
2015-08-05,0.5145000219345093,234628000,21.61000061035156,25.98500061035156,112.25,1.0309350748853197,1.3625844308602977,0.5179350042343139,,1,0,,,,,,
2015-08-06,0.5112500190734863,655676000,21.280000686645508,25.684999465942383,110.4499969482422,-0.6316817730741775,1.3560140095047848,0.5172400045394897,,1,0,,,,,,
2015-08-07,0.5745000243186951,1405248000,21.030000686645508,25.75,110.30999755859376,12.37163870621143,2.6470028499346747,0.5176600050926209,,1,0,,,,,,
2015-08-08,0.5745000243186951,0,21.030000686645508,25.75,110.30999755859376,0.0,2.6470028499346747,0.5176600050926209,,0,0,,,,,,
2015-08-09,0.5745000243186951,0,21.030000686645508,25.75,110.30999755859376,0.0,2.6470028499346747,0.5176600050926209,,0,0,,,,,,
2015-08-10,0.5945000052452087,662304000,21.61000061035156,26.39999961853028,111.56999969482422,3.481284609209867,2.6704017150434893,0.518485004901886,,1,0,,,,,,
2015-08-11,0.5914999842643738,435008000,20.82999992370605,25.799999237060547,110.13999938964844,-0.5046292606166736,2.59628019898524,0.5191250050067902,,1,0,,,,,,
2015-08-12,0.5929999947547913,384048000,20.75,25.864999771118164,110.5199966430664,0.2535943415591157,2.594363664020537,0.5200150048732758,,1,0,,,,,,
2015-08-13,0.5879999995231628,276884000,20.540000915527344,25.51000022888184,110.33999633789062,-0.8431695237528514,2.6017959809939115,0.5209250044822693,,1,0,,,,,,
2015-08-14,0.5885000228881836,214652000,20.3799991607666,25.325000762939453,110.51000213623048,0.0850379873173823,2.601867453801686,0.5216500043869019,,1,0,,,,,,
2015-08-15,0.5885000228881836,0,20.3799991607666,25.325000762939453,110.51000213623048,0.0,2.601867453801686,0.5216500043869019,,0,0,,,,,,
2015-08-16,0.5885000228881836,0,20.3799991607666,25.325000762939453,110.51000213623048,0.0,2.601867453801686,0.5216500043869019,,0,0,,,,,,
2015-08-17,0.5847499966621399,273880000,20.280000686645508,25.520000457763672,111.43000030517578,-0.6372176856747958,2.590588294031928,0.5222150039672852,,1,0,,,,,,
2015-08-18,0.5770000219345093,287084000,20.030000686645508,25.06999969482422,110.86000061035156,-1.3253484004906224,2.5746298896597777,0.5228800046443939,,1,0,,,,,,
2015-08-19,0.5747500061988831,249248000,19.90999984741211,24.815000534057617,110.12999725341795,-0.3899507192534512,2.5699563198582345,0.5234450042247772,,1,0,,,,,,
2015-08-20,0.5540000200271606,426932000,19.61000061035156,24.0049991607666,107.08000183105467,-3.6102628878514897,2.662239472289324,0.5237900042533874,,1,0,,,,,,
2015-08-21,0.5367500185966492,382664000,18.8799991607666,23.395000457763672,102.4000015258789,-3.1137185572061465,2.729147359682077,0.5236750042438507,,1,0,,,,,,
2015-08-22,0.5367500185966492,0,18.8799991607666,23.395000457763672,102.4000015258789,0.0,2.729147359682077,0.5236750042438507,,0,0,,,,,,
2015-08-23,0.5367500185966492,0,18.8799991607666,23.395000457763672,102.4000015258789,0.0,2.729147359682077,0.5236750042438507,,0,0,,,,,,
2015-08-24,0.5177500247955322,682284000,18.76000022888184,23.02499961853028,98.45999908447266,-3.539821731314152,2.81704284082681,0.5234750044345856,,1,0,,,,,,
2015-08-25,0.5070000290870667,622684000,18.76000022888184,22.82999992370605,98.08999633789062,-2.076290718230467,2.846835476374116,0.5230800044536591,,1,0,,,,,,
2015-08-26,0.5452499985694885,614976000,19.450000762939453,23.875,103.02999877929688,7.544372246150943,3.148614858866841,0.523320004940033,,1,0,,,,,,
2015-08-27,0.565750002861023,463764000,19.940000534057617,24.670000076293945,105.63999938964844,3.759744033987711,3.191791229509408,0.5238450050354004,,1,0,,,,,,
2015-08-28,0.5682500004768372,320944000,20.0,24.8799991607666,105.62000274658205,0.4418908710864588,3.185946195981899,0.524240005016327,,1,0,,,,,,
2015-08-29,0.5682500004768372,0,20.0,24.8799991607666,105.62000274658205,0.0,3.185946195981899,0.524240005016327,,0,0,,,,,,
2015-08-30,0.5682500004768372,0,20.0,24.8799991607666,105.62000274658205,0.0,3.185946195981899,0.524240005016327,,0,0,,,,,,
2015-08-31,0.5619999766349792,219352000,19.8799991607666,24.77499961853028,104.30999755859376,-1.0998722105786785,3.1702378434910488,0.5245450043678284,,1,0,,,,,,
2015-09-01,0.5389999747276306,353408000,19.40999984741211,24.0049991607666,101.0500030517578,-4.092527199923213,3.2787045223357443,0.5244350039958954,,1,0,,,,,,
2015-09-02,0.5552499890327454,344044000,19.940000534057617,24.600000381469727,103.9000015258789,3.0148450959253337,3.2854079874724085,0.5249300038814545,,1,0,,,,,,
2015-09-03,0.5567499995231628,262556000,20.06999969482422,24.84499931335449,103.38999938964844,0.2701504763702012,3.2826774011133693,0.5255600035190582,,1,0,,,,,,
2015-09-04,0.543749988079071,287972000,19.670000076293945,24.45499992370605,102.16000366210938,-2.334981850961093,3.309496536864476,0.5258500027656555,,1,0,,,,,,
2015-09-05,0.543749988079071,0,19.670000076293945,24.45499992370605,102.16000366210938,0.0,3.309496536864476,0.5258500027656555,,0,0,,,,,,
2015-09-06,0.543749988079071,0,19.670000076293945,24.45499992370605,102.16000366210938,0.0,3.309496536864476,0.5258500027656555,,0,0,,,,,,
2015-09-07,0.543749988079071,0,19.670000076293945,24.45499992370605,102.16000366210938,0.0,3.309496536864476,0.5258500027656555,,0,0,,,,,,
2015-09-08,0.5669999718666077,238448000,20.049999237060547,25.38500022888184,105.04000091552734,4.275859181105068,3.3766613962375205,0.5268200027942658,,1,0,,,,,,
2015-09-09,0.5557500123977661,289392000,19.8799991607666,25.0,103.86000061035156,-1.984119934222539,3.394703036800913,0.5278750026226043,,1,0,,,,,,
2015-09-10,0.5644999742507935,357076000,19.700000762939453,25.07999992370605,104.98999786376952,1.5744420436944129,3.3981104610846686,0.5291100025177002,,1,0,,,,,,
2015-09-11,0.5662500262260437,301584000,19.89999961853028,25.125,105.56999969482422,0.3100180788445428,3.397998637671042,0.5302350032329559,,1,0,,,,,,
2015-09-12,0.5662500262260437,0,19.89999961853028,25.125,105.56999969482422,0.0,3.397998637671042,0.5302350032329559,,0,0,,,,,,
2015-09-13,0.5662500262260437,0,19.89999961853028,25.125,105.56999969482422,0.0,3.397998637671042,0.5302350032329559,,0,0,,,,,,
2015-09-14,0.5672500133514404,192460000,20.040000915527344,25.184999465942383,105.25,0.1765981596612897,3.394999914684826,0.5313700032234192,,1,0,,,,,,
2015-09-15,0.5734999775886536,327976000,20.38999938964844,25.55500030517578,106.48999786376952,1.1018006328967545,3.3893070101484786,0.5327550029754639,,1,0,,,,,,
2015-09-16,0.5774999856948853,173508000,20.670000076293945,25.670000076293945,107.08999633789062,0.6974731059363304,3.389545734130997,0.5344100028276444,,1,0,,,,,,
2015-09-17,0.5827500224113464,268712000,20.65999984741211,25.5049991607666,107.12999725341795,0.9090972894387096,3.388927779887686,0.5362400031089782,,1,0,,,,,,
2015-09-18,0.5822499990463257,326412000,20.61000061035156,25.075000762939453,105.3499984741211,-0.0858040919418101,3.3842738188321886,0.5381800031661987,,1,0,,,,,,
2015-09-19,0.5822499990463257,0,20.61000061035156,25.075000762939453,105.3499984741211,0.0,3.3842738188321886,0.5381800031661987,,0,0,,,,,,
2015-09-20,0.5822499990463257,0,20.61000061035156,25.075000762939453,105.3499984741211,0.0,3.3842738188321886,0.5381800031661987,,0,0,,,,,,
2015-09-21,0.5882499814033508,281840000,20.530000686645508,25.059999465942383,105.68000030517578,1.0304821583259072,2.538833100400004,0.5400700026750564,,1,0,,,,,,
2015-09-22,0.5722500085830688,228356000,19.950000762939453,24.540000915527344,104.0999984741211,-2.719927467249872,2.50710073900982,0.5415750026702881,,1,0,,,,,,
2015-09-23,0.574999988079071,161632000,20.01000022888184,24.364999771118164,104.18000030517578,0.4805556058987914,2.5080303587642403,0.543130002617836,,1,0,,,,,,
2015-09-24,0.5860000252723694,382440000,19.989999771118164,24.354999542236328,103.8000030517578,1.913049986322024,2.533452868322677,0.5449750030040741,,1,0,,,,,,
2015-09-25,0.5902500152587891,369692000,20.049999237060547,24.48500061035156,102.91999816894533,0.7252542326161793,2.5318261116460525,0.5466850030422211,,1,0,,,,,,
2015-09-26,0.5902500152587891,0,20.049999237060547,24.48500061035156,102.91999816894533,0.0,2.5318261116460525,0.5466850030422211,,0,0,,,,,,
2015-09-27,0.5902500152587891,0,20.049999237060547,24.48500061035156,102.91999816894533,0.0,2.5318261116460525,0.5466850030422211,,0,0,,,,,,
2015-09-28,0.5824999809265137,395584000,19.6299991607666,23.96500015258789,99.98999786376952,-1.3130087474673702,2.543870326355714,0.5483000028133392,,1,0,,,,,,
2015-09-29,0.5927500128746033,380736000,19.88999938964844,24.1299991607666,99.47000122070312,1.7596621946297963,2.5608552535225537,0.5503050029277802,,1,0,,,,,,
2015-09-30,0.6162499785423279,556380000,20.75,24.940000534057617,101.76000213623048,3.964566032442418,2.641831071656955,0.5527350026369094,,1,0,,,,,,
2015-10-01,0.6042500138282776,489296000,20.86000061035156,24.77499961853028,102.22000122070312,-1.9472560051742136,2.670049255012348,0.555115002989769,,1,0,,,,,,
2015-10-02,0.6200000047683716,386144000,20.76000022888184,25.165000915527344,104.01000213623048,2.6065354703607824,2.604488015880507,0.5576900029182434,,1,0,,,,,,
2015-10-03,0.6200000047683716,0,20.76000022888184,25.165000915527344,104.01000213623048,0.0,2.604488015880507,0.5576900029182434,,0,0,,,,,,
2015-10-04,0.6200000047683716,0,20.76000022888184,25.165000915527344,104.01000213623048,0.0,2.604488015880507,0.5576900029182434,,0,0,,,,,,
2015-10-05,0.6355000138282776,482024000,21.39999961853028,25.61000061035156,105.5,2.50000144204785,2.54367023585076,0.5606900030374526,,1,0,,,,,,
2015-10-06,0.643750011920929,453216000,21.229999542236328,25.71500015258789,105.0,1.2981900728771034,2.4229568619623945,0.5639100033044815,,1,0,,,,,,
2015-10-07,0.6504999995231628,310152000,21.93000030517578,26.100000381469727,105.62999725341795,1.0485417440369682,2.363404685984836,0.5670550030469894,,1,0,,,,,,
2015-10-08,0.6542500257492065,460068000,22.25,26.434999465942383,106.0500030517578,0.5764836631502845,1.998083939266181,0.5701550036668778,,1,0,,,,,,
2015-10-09,0.6517500281333923,423248000,21.950000762939453,26.1299991607666,106.52999877929688,-0.3821165483259059,1.915665222494554,0.5731800037622452,,1,0,,,,,,
2015-10-10,0.6517500281333923,0,21.950000762939453,26.1299991607666,106.52999877929688,0.0,1.915665222494554,0.5731800037622452,,0,0,,,,,,
2015-10-11,0.6517500281333923,0,21.950000762939453,26.1299991607666,106.52999877929688,0.0,1.915665222494554,0.5731800037622452,,0,0,,,,,,
2015-10-12,0.6587499976158142,227588000,22.09000015258789,26.170000076293945,106.79000091552734,1.0740267250113789,1.9185861137198807,0.5763800036907196,,1,0,,,,,,
2015-10-13,0.6600000262260437,298444000,21.940000534057617,25.850000381469727,106.0999984741211,0.1897576644787291,1.8955438448458064,0.5794350039958954,,1,0,,,,,,
2015-10-14,0.6840000152587891,612148000,22.34000015258789,26.625,105.93000030517578,3.63636183016236,1.7627365306932097,0.5829300045967102,,1,0,,,,,,
2015-10-15,0.6857500076293945,526048000,21.950000762939453,26.80500030517578,107.66999816894533,0.2558468321003371,1.7151878246176635,0.5863550043106079,,1,0,,,,,,
2015-10-16,0.6965000033378601,448396000,22.15999984741211,26.915000915527344,108.12000274658205,1.5676260428531208,1.719798978781727,0.5900600039958954,0.5452850031852722,1,0,,,,,,
2015-10-17,0.6965000033378601,0,22.15999984741211,26.915000915527344,108.12000274658205,0.0,1.719798978781727,0.5900600039958954,0.5452850031852722,0,0,,,,,,
2015-10-18,0.6965000033378601,0,22.15999984741211,26.915000915527344,108.12000274658205,0.0,1.719798978781727,0.5900600039958954,0.5452850031852722,0,0,,,,,,
2015-10-19,0.6952499747276306,294712000,22.229999542236328,26.934999465942383,108.73999786376952,-0.179472879287712,1.6284886071788602,0.5924750030040741,0.5462450030446052,1,0,,,,,,
2015-10-20,0.6942499876022339,264824000,22.309999465942383,26.8799991607666,108.18000030517578,-0.1438313069753727,1.5014688999032384,0.5944700026512146,0.5472425030171871,1,0,,,,,,
2015-10-21,0.6852499842643738,386280000,22.21999931335449,26.93000030517578,107.5199966430664,-1.2963634855715167,1.4640464138934943,0.5963450026512146,0.5482700029015541,1,0,,,,,,
2015-10-22,0.7099999785423279,306884000,22.51000022888184,27.75,109.70999908447266,3.6118197513749006,1.5502010556761794,0.5986850023269653,0.5494275027513504,1,0,,,,,,
2015-10-23,0.7147499918937683,381776000,22.46999931335449,28.065000534057617,112.77999877929688,0.6690159852106525,1.5478408658039118,0.6012200021743774,0.5505187527835369,1,0,,,,,,
2015-10-24,0.7147499918937683,0,22.46999931335449,28.065000534057617,112.77999877929688,0.0,1.5478408658039118,0.6012200021743774,0.5505187527835369,0,0,,,,,,
2015-10-25,0.7147499918937683,0,22.46999931335449,28.065000534057617,112.77999877929688,0.0,1.5478408658039118,0.6012200021743774,0.5505187527835369,0,0,,,,,,
2015-10-26,0.7114999890327454,247436000,22.15999984741211,27.530000686645508,112.8499984741211,-0.4547048475526227,1.560717378501316,0.6036800014972686,0.5515837527811527,1,0,,,,,,
2015-10-27,0.7110000252723694,208268000,22.200000762939453,27.36000061035156,113.08000183105467,-0.0702689765400665,1.5667779027285151,0.6062050020694733,0.5526775029301644,1,0,,,,,,
2015-10-28,0.7167500257492065,217036000,22.07999992370605,27.63500022888184,114.0199966430664,0.8087201508374608,1.566828149849656,0.6090000021457672,0.5538037531077862,1,0,,,,,,
2015-10-29,0.6919999718666077,327168000,21.81999969482422,26.920000076293945,113.83999633789062,-3.4530942439420342,1.742611060311221,0.6113450014591217,0.5547962529957294,1,0,,,,,,
2015-10-30,0.7092499732971191,301160000,21.959999084472656,27.104999542236328,113.33000183105467,2.4927748745395384,1.771531160392863,0.6144500005245209,0.5558925028145313,1,0,,,,,,
2015-10-31,0.7092499732971191,0,21.959999084472656,27.104999542236328,113.33000183105467,0.0,1.771531160392863,0.6144500005245209,0.5558925028145313,0,0,,,,,,
2015-11-01,0.7092499732971191,0,21.959999084472656,27.104999542236328,113.33000183105467,0.0,1.771531160392863,0.6144500005245209,0.5558925028145313,0,0,,,,,,
2015-11-02,0.7174999713897705,190088000,22.100000381469727,27.36000061035156,114.61000061035156,1.1632003388451606,1.7726149455926736,0.6180649995803833,0.5569850026071071,1,0,,,,,,
2015-11-03,0.7124999761581421,376768000,22.770000457763672,27.59499931335449,115.01000213623048,-0.6968634747042013,1.6746075560679667,0.6219599986076355,0.5580450023710728,1,0,,,,,,
2015-11-04,0.7007499933242798,442264000,23.549999237060547,27.77499961853028,115.0199966430664,-1.6491204529183512,1.7304923725251065,0.6258349978923797,0.559011252373457,1,0,,,,,,
2015-11-05,0.6927499771118164,478800000,22.979999542236328,27.05500030517578,114.70999908447266,-1.1416362880736108,1.7449931682289472,0.6287849974632264,0.5598937521874905,1,0,,,,,,
2015-11-06,0.7887499928474426,1172272000,22.81999969482422,27.59499931335449,114.79000091552734,13.85781579320513,2.9884406314745324,0.6332449972629547,0.56124875202775,1,0,,,,,,
2015-11-07,0.7887499928474426,0,22.81999969482422,27.59499931335449,114.79000091552734,0.0,2.9884406314745324,0.6332449972629547,0.56124875202775,0,0,,,,,,
2015-11-08,0.7887499928474426,0,22.81999969482422,27.59499931335449,114.79000091552734,0.0,2.9884406314745324,0.6332449972629547,0.56124875202775,0,0,,,,,,
2015-11-09,0.7852500081062317,492568000,22.959999084472656,27.375,113.56999969482422,-0.4437381645577942,2.969275184813841,0.6375849974155426,0.5625975020229816,1,0,,,,,,
2015-11-10,0.7702500224113464,552260000,22.51000022888184,26.940000534057617,113.27999877929688,-1.910217833815797,3.013897099667,0.6417499983310699,0.5639950020611286,1,0,,,,,,
2015-11-11,0.7627500295639038,619896000,22.57999992370605,26.950000762939453,113.13999938964844,-0.9737088775360392,2.9764127726260616,0.6462249994277954,0.5653950022161007,1,0,,,,,,
2015-11-12,0.7599999904632568,291080000,22.239999771118164,26.604999542236328,112.04000091552734,-0.3605426409775791,2.940643000421196,0.6503199994564056,0.5667225021123886,1,0,,,,,,
2015-11-13,0.7450000047683716,292940000,21.88999938964844,26.32999992370605,109.83999633789062,-1.9736823530408287,2.9627917089040694,0.6540849995613098,0.5680475021898747,1,0,,,,,,
2015-11-14,0.7450000047683716,0,21.88999938964844,26.32999992370605,109.83999633789062,0.0,2.9627917089040694,0.6540849995613098,0.5680475021898747,0,0,,,,,,
2015-11-15,0.7450000047683716,0,21.88999938964844,26.32999992370605,109.83999633789062,0.0,2.9627917089040694,0.6540849995613098,0.5680475021898747,0,0,,,,,,
2015-11-16,0.7599999904632568,344280000,22.350000381469727,26.670000076293945,111.41999816894533,2.013420885755424,2.953655508457804,0.6584099996089935,0.5693950021266937,1,0,,,,,,
2015-11-17,0.7599999904632568,257048000,22.520000457763672,26.940000534057617,111.48999786376952,0.0,2.9531564819258693,0.6622699999809265,0.57068125218153,1,0,,,,,,
2015-11-18,0.7757499814033508,350216000,22.520000457763672,27.07999992370605,113.62999725341795,2.0723672549645134,2.9644781388123937,0.6666699993610382,0.5720400020480156,1,0,,,,,,
2015-11-19,0.777999997138977,254072000,22.670000076293945,27.290000915527344,113.70999908447266,0.2900439303338276,2.965113206061716,0.6709399998188019,0.5733687520027161,1,0,,,,,,
2015-11-20,0.7847499847412109,239744000,22.82999992370605,27.395000457763672,114.4800033569336,0.8676076641460639,2.95933484050086,0.6753099989891053,0.5747425019741058,1,0,,,,,,
2015-11-21,0.7847499847412109,0,22.82999992370605,27.395000457763672,114.4800033569336,0.0,2.95933484050086,0.6753099989891053,0.5747425019741058,0,0,,,,,,
2015-11-22,0.7847499847412109,0,22.82999992370605,27.395000457763672,114.4800033569336,0.0,2.95933484050086,0.6753099989891053,0.5747425019741058,0,0,,,,,,
2015-11-23,0.7730000019073486,242552000,22.56999969482422,27.084999084472656,114.1500015258789,-1.497289972899729,2.9840858431317607,0.6794249987602234,0.5760600018501282,1,0,,,,,,
2015-11-24,0.7792500257492065,195428000,22.5,27.3700008392334,114.0500030517578,0.8085412453345597,2.9834692370960463,0.6835399997234345,0.5773375019431114,1,0,,,,,,
2015-11-25,0.778249979019165,138300000,22.559999465942383,27.40999984741211,114.1500015258789,-0.1283345135702718,2.929856114084984,0.6875549995899201,0.5786275017261505,1,0,,,,,,
2015-11-26,0.778249979019165,0,22.559999465942383,27.40999984741211,114.1500015258789,0.0,2.929856114084984,0.6875549995899201,0.5786275017261505,0,0,,,,,,
2015-11-27,0.7847499847412109,86996000,22.450000762939453,27.545000076293945,114.30999755859376,0.8352079533928025,2.930303892658764,0.6915949988365173,0.5797637516260147,1,0,,,,,,
2015-11-28,0.7847499847412109,0,22.450000762939453,27.545000076293945,114.30999755859376,0.0,2.930303892658764,0.6915949988365173,0.5797637516260147,0,0,,,,,,
2015-11-29,0.7847499847412109,0,22.450000762939453,27.545000076293945,114.30999755859376,0.0,2.930303892658764,0.6915949988365173,0.5797637516260147,0,0,,,,,,
2015-11-30,0.7929999828338623,327244000,22.76000022888184,27.89999961853028,114.0199966430664,1.051289997204896,2.925265220546939,0.6958099985122681,0.5809400016069413,1,0,,,,,,
2015-12-01,0.8187500238418579,409496000,23.280000686645508,28.229999542236328,115.16000366210938,3.247167914931759,2.9655599015249647,0.7004199993610382,0.5822362518310547,1,0,,,,,,
2015-12-02,0.8125,294240000,23.190000534057617,28.1200008392334,114.4499969482422,-0.7633616683796363,2.972968989492329,0.7052249991893769,0.5835337519645691,1,0,,,,,,
2015-12-03,0.8107500076293945,246656000,22.93000030517578,27.93000030517578,112.51000213623048,-0.2153836763822081,2.95612333155724,0.7099399995803833,0.5848150020837783,1,0,,,,,,
2015-12-04,0.84375,458756000,23.309999465942383,28.39999961853028,115.13999938964844,4.070304293563476,2.9733557756517337,0.7150949990749359,0.5862412521243096,1,0,,,,,,
2015-12-05,0.84375,0,23.309999465942383,28.39999961853028,115.13999938964844,0.0,2.9733557756517337,0.7150949990749359,0.5862412521243096,0,0,,,,,,
2015-12-06,0.84375,0,23.309999465942383,28.39999961853028,115.13999938964844,0.0,2.9733557756517337,0.7150949990749359,0.5862412521243096,0,0,,,,,,
2015-12-07,0.827750027179718,333588000,23.239999771118164,28.165000915527344,114.62000274658205,-1.89629307499638,3.008493805475043,0.7198449993133544,0.5876100021600723,1,0,,,,,,
2015-12-08,0.8389999866485596,314488000,23.07999992370605,27.90999984741211,114.62999725341795,1.3591010690959582,3.0062122086554424,0.7249749994277954,0.5890162521600724,1,0,,,,,,
2015-12-09,0.8177499771118164,372676000,22.729999542236328,27.614999771118164,112.88999938964844,-2.532778292598992,3.058093907301765,0.7294749987125396,0.5903375020623207,1,0,,,,,,
2015-12-10,0.8245000243186951,236596000,22.64999961853028,27.71500015258789,113.4000015258789,0.8254414424710754,3.0581517440162203,0.733639999628067,0.5916850021481515,1,0,,,,,,
2015-12-11,0.812250018119812,227320000,22.18000030517578,27.18000030517578,110.79000091552734,-1.4857496467638676,2.990571184384942,0.7377999997138978,0.5929887521266938,1,0,,,,,,
2015-12-12,0.812250018119812,0,22.18000030517578,27.18000030517578,110.79000091552734,0.0,2.990571184384942,0.7377999997138978,0.5929887521266938,0,0,,,,,,
2015-12-13,0.812250018119812,0,22.18000030517578,27.18000030517578,110.79000091552734,0.0,2.990571184384942,0.7377999997138978,0.5929887521266938,0,0,,,,,,
2015-12-14,0.8142499923706055,275892000,22.21999931335449,26.975000381469727,111.62999725341795,0.2462264335091113,2.9689734238465606,0.7416849994659424,0.5942350021004676,1,0,,,,,,
2015-12-15,0.8242499828338623,307296000,22.81999969482422,27.39999961853028,112.30999755859376,1.2281228808050493,2.9694961336470738,0.7454599988460541,0.5955837520956994,1,0,,,,,,
2015-12-16,0.8292499780654907,236356000,23.15999984741211,27.614999771118164,113.9800033569336,0.6066115057033805,2.96085103398494,0.7491699981689454,0.5969262519478797,1,0,,,,,,
2015-12-17,0.8167499899864197,254160000,22.959999084472656,27.2450008392334,112.31999969482422,-1.5073847946588503,2.9573370651076334,0.7524949979782104,0.5981525018811226,1,0,,,,,,
2015-12-18,0.8034999966621399,395896000,22.93000030517578,26.8700008392334,109.83000183105467,-1.62228264300317,2.968109152801679,0.7554799973964691,0.5993512517213821,1,0,,,,,,
2015-12-19,0.8034999966621399,0,22.93000030517578,26.8700008392334,109.83000183105467,0.0,2.968109152801679,0.7554799973964691,0.5993512517213821,0,0,,,,,,
2015-12-20,0.8034999966621399,0,22.93000030517578,26.8700008392334,109.83000183105467,0.0,2.968109152801679,0.7554799973964691,0.5993512517213821,0,0,,,,,,
2015-12-21,0.8224999904632568,284216000,22.950000762939453,26.76000022888184,111.0500030517578,2.3646538743056444,1.6288540340599351,0.7588949966430664,0.6006375017762184,1,0,,,,,,
2015-12-22,0.8232499957084656,130012000,23.059999465942383,26.875,111.77999877929688,0.0911860491069838,1.6250252723775511,0.7621849966049195,0.6018787518143653,1,0,,,,,,
2015-12-23,0.8264999985694885,122524000,23.07999992370605,27.020000457763672,112.61000061035156,0.3947771488569618,1.577044868945387,0.7655149960517883,0.6031512516736984,1,0,,,,,,
2015-12-24,0.8292499780654907,52448000,23.14999961853028,27.09499931335449,112.58999633789062,0.3327258924091802,1.5601161716345868,0.7684199953079224,0.6044637516140938,1,0,,,,,,
2015-12-25,0.8292499780654907,0,23.14999961853028,27.09499931335449,112.58999633789062,0.0,1.5601161716345868,0.7684199953079224,0.6044637516140938,0,0,,,,,,
2015-12-26,0.8292499780654907,0,23.14999961853028,27.09499931335449,112.58999633789062,0.0,1.5601161716345868,0.7684199953079224,0.6044637516140938,0,0,,,,,,
2015-12-27,0.8292499780654907,0,23.14999961853028,27.09499931335449,112.58999633789062,0.0,1.5601161716345868,0.7684199953079224,0.6044637516140938,0,0,,,,,,
2015-12-28,0.828499972820282,142024000,23.01000022888184,27.030000686645508,112.52999877929688,-0.0904438064572965,1.5570044247909869,0.7712749946117401,0.605768751502037,1,0,,,,,,
2015-12-29,0.8420000076293945,203660000,23.07999992370605,27.32999992370605,114.3000030517578,1.629455069643182,1.5139654850744917,0.7741849946975708,0.6071075016260147,1,0,,,,,,
2015-12-30,0.8347499966621399,180344000,22.8799991607666,27.065000534057617,113.2699966430664,-0.861046425363654,1.5005327402574418,0.776974995136261,0.6083750015497208,1,0,,,,,,
2015-12-31,0.8240000009536743,148528000,22.75,26.63999938964844,111.86000061035156,-1.2878102128123237,1.5282858600791052,0.7795699954032898,0.6096362516283989,1,0,,,,,,
2016-01-01,0.8240000009536743,0,22.75,26.63999938964844,111.86000061035156,0.0,1.5282858600791052,0.7795699954032898,0.6096362516283989,0,0,,,,,,
2016-01-02,0.8240000009536743,0,22.75,26.63999938964844,111.86000061035156,0.0,1.5282858600791052,0.7795699954032898,0.6096362516283989,0,0,,,,,,
2016-01-03,0.8240000009536743,0,22.75,26.63999938964844,111.86000061035156,0.0,1.5282858600791052,0.7795699954032898,0.6096362516283989,0,0,,,,,,
2016-01-04,0.809249997138977,358076000,22.09000015258789,26.36000061035156,109.5,-1.7900490045662631,1.534856308148649,0.7820499956607818,0.6107800015807152,1,0,,,,,,
2016-01-05,0.8222500085830688,490272000,21.950000762939453,26.114999771118164,109.30999755859376,1.6064271226508442,1.5575773913812352,0.7842949962615967,0.6119575017690658,1,0,,,,,,
2016-01-06,0.7882500290870667,449344000,21.34000015258789,25.440000534057617,108.26000213623048,-4.1349929025348615,1.7402915852900191,0.7857649970054627,0.6130600020289421,1,0,,,,,,
2016-01-07,0.7570000290870667,645304000,21.100000381469727,24.655000686645508,104.87000274658205,-3.9644781283665886,1.8685006373332484,0.786674997806549,0.6140450021624565,1,0,,,,,,
2016-01-08,0.7407500147819519,398472000,20.809999465942383,24.26499938964844,104.01000213623048,-2.146633247123131,1.899172587957639,0.7872699975967408,0.6151187521219253,1,0,,,,,,
2016-01-09,0.7407500147819519,0,20.809999465942383,24.26499938964844,104.01000213623048,0.0,1.899172587957639,0.7872699975967408,0.6151187521219253,0,0,,,,,,
2016-01-10,0.7407500147819519,0,20.809999465942383,24.26499938964844,104.01000213623048,0.0,1.899172587957639,0.7872699975967408,0.6151187521219253,0,0,,,,,,
2016-01-11,0.7419999837875366,409372000,20.93000030517578,24.48500061035156,104.33000183105467,0.1687437030902572,1.900070637123073,0.7877749967575073,0.6162075021862984,1,0,,,,,,
2016-01-12,0.7544999718666077,469356000,20.75,24.69499969482422,105.54000091552734,1.6846345488129133,1.9213351126545817,0.7890249967575074,0.6173075020313263,1,0,,,,,,
2016-01-13,0.7315000295639038,481672000,20.479999542236328,23.96999931335449,101.9000015258789,-3.048368874793028,1.980546876233844,0.789469997882843,0.6182812520861626,1,0,,,,,,
2016-01-14,0.7167500257492065,600236000,21.81999969482422,24.604999542236328,104.06999969482422,-2.0164050879793893,1.8912128872477696,0.7894549989700317,0.6192487522959709,1,0,,,,,,
2016-01-15,0.6777499914169312,841452000,21.100000381469727,23.350000381469727,100.83999633789062,-5.441232358730552,2.101239428898448,0.7887599992752076,0.6200112521648407,1,0,,,,,,
2016-01-16,0.6777499914169312,0,21.100000381469727,23.350000381469727,100.83999633789062,0.0,2.101239428898448,0.7887599992752076,0.6200112521648407,0,0,,,,,,
2016-01-17,0.6777499914169312,0,21.100000381469727,23.350000381469727,100.83999633789062,0.0,2.101239428898448,0.7887599992752076,0.6200112521648407,0,0,,,,,,
2016-01-18,0.6777499914169312,0,21.100000381469727,23.350000381469727,100.83999633789062,0.0,2.101239428898448,0.7887599992752076,0.6200112521648407,0,0,,,,,,
2016-01-19,0.6832500100135803,457140000,21.65999984741211,23.5049991607666,101.05999755859376,0.8115114225454523,2.115716796151584,0.7884099996089935,0.6207950022816658,1,0,,,,,,
2016-01-20,0.6869999766349792,481180000,21.09000015258789,23.565000534057617,100.75,0.5488425271042985,1.9412084549248647,0.7882949995994568,0.6215212520956993,1,0,,,,,,
2016-01-21,0.6949999928474426,481456000,21.32999992370605,23.88999938964844,100.8499984741211,1.1644856600503184,1.95460976178374,0.7864199995994567,0.6222637519240379,1,0,,,,,,
2016-01-22,0.7112500071525574,257996000,21.93000030517578,24.34499931335449,103.7699966430664,2.3381315787555312,1.9955390078992656,0.7849399995803833,0.6230675020813942,1,0,,,,,,
2016-01-23,0.7112500071525574,0,21.93000030517578,24.34499931335449,103.7699966430664,0.0,1.9955390078992656,0.7849399995803833,0.6230675020813942,0,0,,,,,,
2016-01-24,0.7112500071525574,0,21.93000030517578,24.34499931335449,103.7699966430664,0.0,1.9955390078992656,0.7849399995803833,0.6230675020813942,0,0,,,,,,
2016-01-25,0.7105000019073486,270728000,21.790000915527344,24.06999969482422,102.2300033569336,-0.1054488910603113,1.960417208453152,0.7837449991703034,0.6238037520647048,1,0,,,,,,
2016-01-26,0.7174999713897705,227944000,21.59000015258789,24.27499961853028,103.1500015258789,0.9852173770063866,1.9642113276987023,0.7828399980068207,0.6245462518930435,1,0,,,,,,
2016-01-27,0.7089999914169312,231700000,21.68000030517578,24.0049991607666,100.58000183105467,-1.184666245543564,1.9594650094191968,0.7818199980258942,0.625272501707077,1,0,,,,,,
2016-01-28,0.7012500166893005,276776000,21.6299991607666,23.8799991607666,102.0,-1.0930853062695145,1.958705725441529,0.7809449982643127,0.6259837517142296,1,0,,,,,,
2016-01-29,0.7322499752044678,310504000,22.350000381469727,24.86000061035156,104.12999725341795,4.420671340804017,2.1335209726055013,0.780389997959137,0.6268162515759468,1,0,,,,,,
2016-01-30,0.7322499752044678,0,22.350000381469727,24.86000061035156,104.12999725341795,0.0,2.1335209726055013,0.780389997959137,0.6268162515759468,0,0,,,,,,
2016-01-31,0.7322499752044678,0,22.350000381469727,24.86000061035156,104.12999725341795,0.0,2.1335209726055013,0.780389997959137,0.6268162515759468,0,0,,,,,,
2016-02-01,0.7325000166893005,289884000,22.459999084472656,24.96999931335449,104.41000366210938,0.034147011717267,2.1270208741998085,0.7798399984836578,0.6276675015687943,1,0,,,,,,
2016-02-02,0.7014999985694885,341908000,22.559999465942383,24.28499984741211,102.1500015258789,-4.232084288533344,2.231935242279741,0.7783549988269806,0.6284000015258789,1,0,,,,,,
2016-02-03,0.7049999833106995,326772000,22.920000076293945,24.31999969482422,101.66000366210938,0.4989286882891131,2.228144115562837,0.776894998550415,0.6291637513041496,1,0,,,,,,
2016-02-04,0.7052500247955322,348140000,23.229999542236328,24.790000915527344,101.6500015258789,0.0354668781208378,2.167865717055845,0.7753049993515014,0.6299325013160706,1,0,,,,,,
2016-02-05,0.6607499718666077,600428000,22.75,23.924999237060547,98.12000274658205,-6.30982649618852,2.4103025382670813,0.7730599987506866,0.6304475012421608,1,0,,,,,,
2016-02-06,0.6607499718666077,0,22.75,23.924999237060547,98.12000274658205,0.0,2.4103025382670813,0.7730599987506866,0.6304475012421608,0,0,,,,,,
2016-02-07,0.6607499718666077,0,22.75,23.924999237060547,98.12000274658205,0.0,2.4103025382670813,0.7730599987506866,0.6304475012421608,0,0,,,,,,
2016-02-08,0.6305000185966492,608852000,22.799999237060547,23.415000915527344,96.62000274658205,-4.578124034497177,2.501563661621854,0.7700849986076355,0.6308225014805794,1,0,,,,,,
2016-02-09,0.6372500061988831,425372000,22.559999465942383,23.315000534057617,96.31999969482422,1.070576907714904,2.5173485596626413,0.7672649991512298,0.6312550014257431,1,0,,,,,,
2016-02-10,0.6357499957084656,335800000,22.299999237060547,22.979999542236328,96.69000244140624,-0.2353880699609289,2.5159932917533787,0.7642849993705749,0.6316587513685227,1,0,,,,,,
2016-02-11,0.6324999928474426,340144000,22.0,22.815000534057617,96.5500030517578,-0.5112076890226636,2.473308737767761,0.7610749995708466,0.632032501399517,1,0,,,,,,
2016-02-12,0.6432499885559082,340816000,22.239999771118164,23.26499938964844,98.0199966430664,1.699604083799322,2.5191413042964026,0.7575649988651275,0.6324812513589859,1,0,,,,,,
2016-02-13,0.6432499885559082,0,22.239999771118164,23.26499938964844,98.0199966430664,0.0,2.5191413042964026,0.7575649988651275,0.6324812513589859,0,0,,,,,,
2016-02-14,0.6432499885559082,0,22.239999771118164,23.26499938964844,98.0199966430664,0.0,2.5191413042964026,0.7575649988651275,0.6324812513589859,0,0,,,,,,
2016-02-15,0.6432499885559082,0,22.239999771118164,23.26499938964844,98.0199966430664,0.0,2.5191413042964026,0.7575649988651275,0.6324812513589859,0,0,,,,,,
2016-02-16,0.6747499704360962,485352000,23.34000015258789,24.05500030517578,100.2300033569336,4.8970046545830925,2.725337004570737,0.7548099982738495,0.6330800011754036,1,0,,,,,,
2016-02-17,0.6915000081062317,771468000,23.63999938964844,24.6299991607666,102.5,2.482406580812424,2.7736983141548333,0.7524249982833863,0.6336937510967254,1,0,,,,,,
2016-02-18,0.7509999871253967,1068660000,23.799999237060547,24.530000686645508,101.33000183105467,8.60447987298134,3.214853558763845,0.7505699980258942,0.6346225011348724,1,0,,,,,,
2016-02-19,0.7609999775886536,525628000,23.780000686645508,24.575000762939453,101.62999725341795,1.331556675724288,3.141249861938266,0.7492349970340729,0.635673750936985,1,0,,,,,,
2016-02-20,0.7609999775886536,0,23.780000686645508,24.575000762939453,101.62999725341795,0.0,3.141249861938266,0.7492349970340729,0.635673750936985,0,0,,,,,,
2016-02-21,0.7609999775886536,0,23.780000686645508,24.575000762939453,101.62999725341795,0.0,3.141249861938266,0.7492349970340729,0.635673750936985,0,0,,,,,,
2016-02-22,0.7879999876022339,449668000,23.959999084472656,24.975000381469727,103.27999877929688,3.547964626639555,3.119420887473236,0.7482149970531463,0.6368512508273124,1,0,,,,,,
2016-02-23,0.7900000214576721,369380000,23.39999961853028,24.55500030517578,101.58000183105467,0.2538114069676522,3.0882952724861217,0.7476599979400634,0.6379900008440018,1,0,,,,,,
2016-02-24,0.7954999804496765,336852000,23.420000076293945,24.8700008392334,102.5500030517578,0.6961973218502004,3.089254703018719,0.7470799970626831,0.6393637508153915,1,0,,,,,,
2016-02-25,0.797249972820282,349616000,23.690000534057617,25.15999984741211,103.55999755859376,0.2199864756270875,3.077815724660258,0.7467799961566925,0.6407712507247925,1,0,,,,,,
2016-02-26,0.7919999957084656,361964000,23.770000457763672,25.299999237060547,103.43000030517578,-0.6585107921979083,3.0204434077494464,0.7463349962234497,0.6421275007724762,1,0,,,,,,
2016-02-27,0.7919999957084656,0,23.770000457763672,25.299999237060547,103.43000030517578,0.0,3.0204434077494464,0.7463349962234497,0.6421275007724762,0,0,,,,,,
2016-02-28,0.7919999957084656,0,23.770000457763672,25.299999237060547,103.43000030517578,0.0,3.0204434077494464,0.7463349962234497,0.6421275007724762,0,0,,,,,,
2016-02-29,0.7839999794960022,323344000,23.549999237060547,25.21500015258789,102.5,-1.010103062602563,2.9992395935713416,0.7455299961566925,0.6434287506341935,1,0,,,,,,
2016-03-01,0.8187500238418579,348700000,24.57999992370605,25.989999771118164,105.79000091552734,4.432403731463741,2.8821069851927605,0.7453199970722199,0.6448612508177757,1,0,,,,,,
2016-03-02,0.8234999775886536,233812000,24.6200008392334,26.125,105.83000183105467,0.5801470056156166,2.882029881359425,0.7454549968242645,0.6463162505626678,1,0,,,,,,
2016-03-03,0.8162500262260437,302004000,24.559999465942383,26.184999465942383,105.62999725341795,-0.8803827030862799,2.895781114964642,0.7457099974155426,0.6477387505769729,1,0,,,,,,
2016-03-04,0.8137500286102295,175304000,24.64999961853028,26.354999542236328,105.66999816894533,-0.3062784116985573,2.898632042399611,0.745534998178482,0.6491775006055832,1,0,,,,,,
2016-03-05,0.8137500286102295,0,24.64999961853028,26.354999542236328,105.66999816894533,0.0,2.898632042399611,0.745534998178482,0.6491775006055832,0,0,,,,,,
2016-03-06,0.8137500286102295,0,24.64999961853028,26.354999542236328,105.66999816894533,0.0,2.898632042399611,0.745534998178482,0.6491775006055832,0,0,,,,,,
2016-03-07,0.8084999918937683,239968000,24.700000762939453,26.45499992370605,105.0199966430664,-0.6451657796470389,2.886941096485367,0.7452399981021881,0.6505900004506111,1,0,,,,,,
2016-03-08,0.793749988079071,274940000,24.64999961853028,25.95499992370605,104.1500015258789,-1.8243666001960035,2.9156301969808176,0.7445849978923798,0.6519475004076958,1,0,,,,,,
2016-03-09,0.7932500243186951,222788000,24.739999771118164,26.13999938964844,104.81999969482422,-0.062987561308303,2.9147886644431176,0.7438649988174438,0.6533062505722046,1,0,,,,,,
2016-03-10,0.7919999957084656,286084000,24.739999771118164,26.280000686645508,104.66000366210938,-0.1575831795660009,2.9018313574805465,0.7431349992752075,0.6546750006079674,1,0,,,,,,
2016-03-11,0.8054999709129333,277400000,25.350000381469727,26.809999465942383,106.48999786376952,1.704542333032677,2.896810177710193,0.7424049985408783,0.6559725004434586,1,0,,,,,,
2016-03-12,0.8054999709129333,0,25.350000381469727,26.809999465942383,106.48999786376952,0.0,2.896810177710193,0.7424049985408783,0.6559725004434586,0,0,,,,,,
2016-03-13,0.8054999709129333,0,25.350000381469727,26.809999465942383,106.48999786376952,0.0,2.896810177710193,0.7424049985408783,0.6559725004434586,0,0,,,,,,
2016-03-14,0.8075000047683716,190312000,25.21999931335449,26.690000534057617,106.66999816894533,0.2482971977232351,2.800815123730635,0.7418599987030029,0.6572425004839897,1,0,,,,,,
2016-03-15,0.8034999966621399,226216000,24.8799991607666,26.600000381469727,106.62999725341795,-0.4953570380942684,2.804632471294114,0.7414499986171722,0.6584937503933906,1,0,,,,,,
2016-03-16,0.8274999856948853,363644000,25.780000686645508,26.90999984741211,107.58000183105467,2.9869308192215227,2.706210938847138,0.7418149983882905,0.6598337504267693,1,0,,,,,,
2016-03-17,0.8205000162124634,353680000,25.770000457763672,27.09499931335449,107.5199966430664,-0.8459177768497139,2.7188322282287216,0.7417799985408783,0.661193750500679,1,0,,,,,,
2016-03-18,0.8452500104904175,545512000,26.040000915527344,27.440000534057617,107.37000274658205,3.016452625096022,2.753915833283749,0.7429199981689453,0.6627075004577637,1,0,,,,,,
2016-03-19,0.8452500104904175,0,26.040000915527344,27.440000534057617,107.37000274658205,0.0,2.753915833283749,0.7429199981689453,0.6627075004577637,0,0,,,,,,
2016-03-20,0.8452500104904175,0,26.040000915527344,27.440000534057617,107.37000274658205,0.0,2.753915833283749,0.7429199981689453,0.6627075004577637,0,0,,,,,,
2016-03-21,0.8477500081062317,337780000,25.93000030517578,27.440000534057617,107.79000091552734,0.2957701963663517,2.423156472847141,0.7447349977493286,0.664185000360012,1,0,,,,,,
2016-03-22,0.8462499976158142,242012000,25.809999465942383,27.424999237060547,108.12000274658205,-0.1769401918105928,2.205937510803727,0.7468449974060059,0.6656337502598763,1,0,,,,,,
2016-03-23,0.8607500195503235,429008000,25.68000030517578,27.100000381469727,107.2300033569336,1.7134442511504755,2.2096796420492257,0.7492199981212616,0.6672187504172326,1,0,,,,,,
2016-03-24,0.8619999885559082,244956000,25.729999542236328,27.05500030517578,107.26000213623048,0.1452185857907739,2.203246987774891,0.7513699984550476,0.6687962502241135,1,0,,,,,,
2016-03-25,0.8619999885559082,0,25.729999542236328,27.05500030517578,107.26000213623048,0.0,2.203246987774891,0.7513699984550476,0.6687962502241135,0,0,,,,,,
2016-03-26,0.8619999885559082,0,25.729999542236328,27.05500030517578,107.26000213623048,0.0,2.203246987774891,0.7513699984550476,0.6687962502241135,0,0,,,,,,
2016-03-27,0.8619999885559082,0,25.729999542236328,27.05500030517578,107.26000213623048,0.0,2.203246987774891,0.7513699984550476,0.6687962502241135,0,0,,,,,,
2016-03-28,0.8707500100135803,265388000,25.6299991607666,27.045000076293945,107.11000061035156,1.015083709262088,2.1836623796413845,0.7541549980640412,0.6704662501811981,1,0,,,,,,
2016-03-29,0.8847500085830688,261812000,25.96999931335449,27.420000076293945,108.83000183105467,1.60780917697263,2.182848089951697,0.7575149977207184,0.672177500128746,1,0,,,,,,
2016-03-30,0.8939999938011169,376700000,26.459999084472656,27.69499969482422,109.36000061035156,1.0454913962489876,2.061120039760688,0.761839997768402,0.6740087500214577,1,0,,,,,,
2016-03-31,0.890749990940094,379884000,26.200000762939453,27.540000915527344,109.1999969482422,-0.3635349981608526,2.054217873822324,0.7659899973869324,0.6758287498354911,1,0,,,,,,
2016-04-01,0.9037500023841858,348292000,26.1200008392334,27.670000076293945,110.36000061035156,1.4594455881354218,1.452218640544328,0.7703249979019166,0.6776812499761582,1,0,,,,,,
2016-04-02,0.9037500023841858,0,26.1200008392334,27.670000076293945,110.36000061035156,0.0,1.452218640544328,0.7703249979019166,0.6776812499761582,0,0,,,,,,
2016-04-03,0.9037500023841858,0,26.1200008392334,27.670000076293945,110.36000061035156,0.0,1.452218640544328,0.7703249979019166,0.6776812499761582,0,0,,,,,,
2016-04-04,0.8949999809265137,393940000,25.850000381469727,27.45499992370605,109.94000244140624,-0.9681904768562788,1.4743893242310986,0.7743249976634979,0.6794587498903275,1,0,,,,,,
2016-04-05,0.893750011920929,339568000,25.51000022888184,27.25,108.87999725341795,-0.1396613443824579,1.3657580980563102,0.7779749977588654,0.6811849999427796,1,0,,,,,,
2016-04-06,0.8949999809265137,453376000,25.6200008392334,27.5049991607666,110.66999816894533,0.1398566700881121,1.3664219851287704,0.7816649973392487,0.6829262498021126,1,0,,,,,,
2016-04-07,0.8857499957084656,378104000,25.3700008392334,27.13999938964844,109.08000183105467,-1.0335179234833514,1.390890391746518,0.7850299978256225,0.6846324998140335,1,0,,,,,,
2016-04-08,0.8914999961853027,255936000,25.280000686645508,27.270000457763672,109.0,0.6491674292629313,1.3915216858749386,0.78867999792099,0.6864374998211861,1,0,,,,,,
2016-04-09,0.8914999961853027,0,25.280000686645508,27.270000457763672,109.0,0.0,1.3915216858749386,0.78867999792099,0.6864374998211861,0,0,,,,,,
2016-04-10,0.8914999961853027,0,25.280000686645508,27.270000457763672,109.0,0.0,1.3915216858749386,0.78867999792099,0.6864374998211861,0,0,,,,,,
2016-04-11,0.8970000147819519,387524000,25.51000022888184,27.299999237060547,108.5999984741211,0.6169398340082566,1.378041720011661,0.792594997882843,0.688296249806881,1,0,,,,,,
2016-04-12,0.8960000276565552,292764000,25.56999969482422,27.2549991607666,109.51000213623048,-0.1114812830454448,1.35535366796679,0.7958699989318848,0.6901299998164176,1,0,,,,,,
2016-04-13,0.9185000061988832,350716000,26.170000076293945,27.809999465942383,110.91000366210938,2.5111582419450995,1.197079364535962,0.7995899987220764,0.6921299999952316,1,0,,,,,,
2016-04-14,0.9210000038146972,416564000,25.299999237060547,27.51000022888184,110.91999816894533,0.272182645502661,1.1967201662707936,0.8039799988269806,0.694219999909401,1,0,,,,,,
2016-04-15,0.928250014781952,436972000,25.459999084472656,27.30500030517578,110.63999938964844,0.7871890268431825,1.1746570248998256,0.8084449994564057,0.6963475000858307,1,0,,,,,,
2016-04-16,0.928250014781952,0,25.459999084472656,27.30500030517578,110.63999938964844,0.0,1.1746570248998256,0.8084449994564057,0.6963475000858307,0,0,,,,,,
2016-04-17,0.928250014781952,0,25.459999084472656,27.30500030517578,110.63999938964844,0.0,1.1746570248998256,0.8084449994564057,0.6963475000858307,0,0,,,,,,
2016-04-18,0.9242500066757202,307320000,25.5,27.34000015258789,111.2300033569336,-0.4309192612478751,1.17759020142919,0.8128249990940094,0.698418750166893,1,0,,,,,,
2016-04-19,0.9077500104904176,309152000,25.15999984741211,27.11000061035156,110.5500030517578,-1.785230842967345,1.230745420588522,0.8177649998664855,0.7004050001502037,1,0,,,,,,
2016-04-20,0.9112499952316284,200172000,25.1200008392334,27.239999771118164,110.63999938964844,0.3855670284509394,1.1573382962289174,0.8233799993991852,0.7024400001764297,1,0,,,,,,
2016-04-21,0.9102500081062316,178280000,25.15999984741211,27.09000015258789,110.6500015258789,-0.1097379567220224,1.1581086386109114,0.8288399994373321,0.7045175002515316,1,0,,,,,,
2016-04-22,0.9067500233650208,223540000,25.06999969482422,27.104999542236328,108.9800033569336,-0.3845080703149484,1.1630530850348846,0.8342599999904633,0.7065950003266335,1,0,,,,,,
2016-04-23,0.9067500233650208,0,25.06999969482422,27.104999542236328,108.9800033569336,0.0,1.1630530850348846,0.8342599999904633,0.7065950003266335,0,0,,,,,,
2016-04-24,0.9067500233650208,0,25.06999969482422,27.104999542236328,108.9800033569336,0.0,1.1630530850348846,0.8342599999904633,0.7065950003266335,0,0,,,,,,
2016-04-25,0.9112499952316284,191972000,25.01000022888184,26.96999931335449,108.9800033569336,0.4962748001822836,1.139090198188502,0.8398350000381469,0.708725000321865,1,0,,,,,,
2016-04-26,0.9120000004768372,214536000,25.01000022888184,27.26000022888184,108.4499969482422,0.0823051027855514,1.1403466210792852,0.8452100002765656,0.710816250294447,1,0,,,,,,
2016-04-27,0.9327499866485596,352396000,25.25,27.57999992370605,107.58000183105467,2.275217780797512,1.1759046981885837,0.8503700006008148,0.7129950001835823,1,0,,,,,,
2016-04-28,0.9049999713897704,381224000,24.15999984741211,26.895000457763672,106.27999877929688,-2.9750753852591294,1.243834984665789,0.8546399998664856,0.7150337500870227,1,0,,,,,,
2016-04-29,0.8882499933242798,321904000,23.59000015258789,26.229999542236328,105.72000122070312,-1.850826364090208,1.288659061041122,0.8573849999904632,0.7170062500238419,1,0,,,,,,
2016-04-30,0.8882499933242798,0,23.59000015258789,26.229999542236328,105.72000122070312,0.0,1.288659061041122,0.8573849999904632,0.7170062500238419,0,0,,,,,,
2016-05-01,0.8882499933242798,0,23.59000015258789,26.229999542236328,105.72000122070312,0.0,1.288659061041122,0.8573849999904632,0.7170062500238419,0,0,,,,,,
2016-05-02,0.8999999761581421,256076000,23.690000534057617,26.405000686645508,106.72000122070312,1.3228238583923746,1.198246392791101,0.860164999961853,0.7189824998378753,1,0,,,,,,
2016-05-03,0.8892499804496765,224024000,23.31999969482422,26.1299991607666,105.7300033569336,-1.1944439992492506,1.22542219653414,0.8621899998188018,0.7209199997782707,1,0,,,,,,
2016-05-04,0.8690000176429749,525764000,23.420000076293945,25.850000381469727,105.0500030517578,-2.277195755063344,1.3032538101696596,0.8637699997425079,0.7228024998307228,1,0,,,,,,
2016-05-05,0.8742499947547913,246884000,23.5,25.94499969482422,105.0199966430664,0.6041400466315405,1.2711418737558953,0.8653450000286103,0.7246999998390674,1,0,,,,,,
2016-05-06,0.8832499980926514,183240000,23.40999984741211,25.950000762939453,105.58000183105467,1.029454205531266,1.2833853849442132,0.8670650005340577,0.7266899998486042,1,0,,,,,,
2016-05-07,0.8832499980926514,0,23.40999984741211,25.950000762939453,105.58000183105467,0.0,1.2833853849442132,0.8670650005340577,0.7266899998486042,0,0,,,,,,
2016-05-08,0.8832499980926514,0,23.40999984741211,25.950000762939453,105.58000183105467,0.0,1.2833853849442132,0.8670650005340577,0.7266899998486042,0,0,,,,,,
2016-05-09,0.8820000290870667,333336000,23.3700008392334,25.924999237060547,105.87999725341795,-0.1415192763412398,1.271933449880079,0.8688650012016297,0.7286437499523163,1,0,,,,,,
2016-05-10,0.8989999890327454,269676000,23.38999938964844,26.21500015258789,107.33000183105467,1.9274330368531656,1.2866797380231798,0.8711650013923645,0.730711249858141,1,0,,,,,,
2016-05-11,0.9014999866485596,328176000,23.21999931335449,26.09499931335449,106.36000061035156,0.2780865012583566,1.274004290026966,0.8728200006484985,0.7328049997985363,1,0,,,,,,
2016-05-12,0.8892499804496765,670540000,22.989999771118164,25.6299991607666,105.88999938964844,-1.3588470749094528,1.2975028920025582,0.874135000705719,0.7347849996387958,1,0,,,,,,
2016-05-13,1.024500012397766,2110256000,22.81999969482422,25.70499992370605,105.5,15.209450089579567,3.0605806063475964,0.8783000004291535,0.7374112497270108,1,0,,,,,,
2016-05-14,1.024500012397766,0,22.81999969482422,25.70499992370605,105.5,0.0,3.0605806063475964,0.8783000004291535,0.7374112497270108,0,0,,,,,,
2016-05-15,1.024500012397766,0,22.81999969482422,25.70499992370605,105.5,0.0,3.0605806063475964,0.8783000004291535,0.7374112497270108,0,0,,,,,,
2016-05-16,1.0547499656677246,973032000,23.11000061035156,26.21999931335449,106.81999969482422,2.9526552370810366,3.0810981221972256,0.8831199991703034,0.7401824994385242,1,0,,,,,,
2016-05-17,1.0570000410079956,628392000,22.950000762939453,25.975000381469727,105.4800033569336,0.2133278420015427,3.078882588547088,0.8880900001525879,0.7429737496376038,1,0,,,,,,
2016-05-18,1.0839999914169312,541072000,23.520000457763672,26.434999465942383,105.86000061035156,2.5543944523585216,3.0978498076527234,0.8938950002193451,0.7458574995398521,1,0,,,,,,
2016-05-19,1.0887500047683716,398880000,23.25,26.20499992370605,105.30999755859376,0.4381931170711173,3.081325442984025,0.8998049998283386,0.7487549996376037,1,0,,,,,,
2016-05-20,1.1082500219345093,391084000,23.90999984741211,27.075000762939453,106.47000122070312,1.791046344958347,3.0873026420982552,0.9061300003528596,0.7517237496376038,1,0,,,,,,
2016-05-21,1.1082500219345093,0,23.90999984741211,27.075000762939453,106.47000122070312,0.0,3.0873026420982552,0.9061300003528596,0.7517237496376038,0,0,,,,,,
2016-05-22,1.1082500219345093,0,23.90999984741211,27.075000762939453,106.47000122070312,0.0,3.0873026420982552,0.9061300003528596,0.7517237496376038,0,0,,,,,,
2016-05-23,1.1100000143051147,413636000,24.270000457763672,27.25,106.33000183105467,0.1579059179760422,3.089229102809675,0.9122200012207032,0.7547174996137619,1,0,,,,,,
2016-05-24,1.133999943733215,415788000,24.46999931335449,27.90999984741211,108.45999908447266,2.1621557764686328,3.095106579690496,0.91875,0.7575149992108345,1,0,,,,,,
2016-05-25,1.1292500495910645,458076000,24.6200008392334,28.065000534057617,109.23999786376952,-0.4188619380803393,3.0864910647171446,0.9252650010585785,0.7601887494325638,1,0,,,,,,
2016-05-26,1.1412500143051147,309964000,24.790000915527344,28.15999984741211,109.55999755859376,1.0626490313988324,3.085788787091877,0.9315400016307832,0.7629374995827675,1,0,,,,,,
2016-05-27,1.1475000381469729,277416000,24.799999237060547,28.34499931335449,110.12999725341795,0.5476472081942019,3.086026191947508,0.9380800020694732,0.7657099997997284,1,0,,,,,,
2016-05-28,1.1475000381469729,0,24.799999237060547,28.34499931335449,110.12999725341795,0.0,3.086026191947508,0.9380800020694732,0.7657099997997284,0,0,,,,,,
2016-05-29,1.1475000381469729,0,24.799999237060547,28.34499931335449,110.12999725341795,0.0,3.086026191947508,0.9380800020694732,0.7657099997997284,0,0,,,,,,
2016-05-30,1.1475000381469729,0,24.799999237060547,28.34499931335449,110.12999725341795,0.0,3.086026191947508,0.9380800020694732,0.7657099997997284,0,0,,,,,,
2016-05-31,1.1679999828338623,412524000,24.71999931335449,28.450000762939453,110.33999633789062,1.7864874950238585,3.083267498541988,0.9445350015163422,0.7686099997162819,1,0,,,,,,
2016-06-01,1.1702500581741333,387132000,25.25,28.565000534057617,110.3499984741211,0.1926434394983189,3.0464320699877407,0.9509850025177002,0.7715187498927116,1,0,,,,,,
2016-06-02,1.178500056266785,329208000,25.18000030517578,28.559999465942383,110.58000183105467,0.7049773708640794,3.0451591280883346,0.9576300036907196,0.7744875001907349,1,0,,,,,,
2016-06-03,1.1619999408721924,461076000,25.530000686645508,28.614999771118164,110.05999755859376,-1.4000945784305552,3.068971099093305,0.9636550021171568,0.7774124997854233,1,0,,,,,,
2016-06-04,1.1619999408721924,0,25.530000686645508,28.614999771118164,110.05999755859376,0.0,3.068971099093305,0.9636550021171568,0.7774124997854233,0,0,,,,,,
2016-06-05,1.1619999408721924,0,25.530000686645508,28.614999771118164,110.05999755859376,0.0,3.068971099093305,0.9636550021171568,0.7774124997854233,0,0,,,,,,
2016-06-06,1.156000018119812,322512000,25.46999931335449,28.545000076293945,110.45999908447266,-0.5163444972188902,3.07090777716764,0.9695350027084352,0.7803187498450279,1,0,,,,,,
2016-06-07,1.1582499742507937,193400000,26.059999465942383,28.84499931335449,110.18000030517578,0.1946328802520991,3.072616837063783,0.9752850019931794,0.7833399996161461,1,0,,,,,,
2016-06-08,1.1545000076293943,234616000,26.32999992370605,28.850000381469727,110.37000274658205,-0.3237614249743115,3.076984504681449,0.980680001974106,0.7864287495613098,1,0,,,,,,
2016-06-09,1.184499979019165,472168000,26.229999542236328,28.850000381469727,110.19000244140624,2.598525005761698,3.0827757055639835,0.9864900016784668,0.7897624993324279,1,0,,,,,,
2016-06-10,1.1549999713897705,400024000,25.86000061035156,28.350000381469727,108.94000244140624,-2.49050300987107,3.06329202930298,0.9917750012874604,0.7930024990439415,1,0,,,,,,
2016-06-11,1.1549999713897705,0,25.86000061035156,28.350000381469727,108.94000244140624,0.0,3.06329202930298,0.9917750012874604,0.7930024990439415,0,0,,,,,,
2016-06-12,1.1549999713897705,0,25.86000061035156,28.350000381469727,108.94000244140624,0.0,3.06329202930298,0.9917750012874604,0.7930024990439415,0,0,,,,,,
2016-06-13,1.1697499752044678,475588000,25.6299991607666,28.229999542236328,108.02999877929688,1.277056638966756,3.0208319563210835,0.997095000743866,0.7961249989271164,1,0,,,,,,
2016-06-14,1.1720000505447388,298344000,25.56999969482422,28.19499969482422,108.02999877929688,0.1923552372700587,3.023236011405659,1.0026350021362305,0.799156249165535,1,0,,,,,,
2016-06-15,1.184000015258789,301036000,25.84000015258789,28.165000915527344,107.72000122070312,1.0238877300792648,2.996618134437628,1.0084400022029876,0.8022349992394447,1,0,,,,,,
2016-06-16,1.1887500286102295,246456000,25.86000061035156,28.18000030517578,108.04000091552734,0.4011835549176279,2.9349048980957697,1.014315003156662,0.805368749499321,1,0,,,,,,
2016-06-17,1.1679999828338623,471000000,25.850000381469727,27.989999771118164,106.48999786376952,-1.745534828766826,2.979288998192494,1.01996000289917,0.8085137495398521,1,0,,,,,,
2016-06-18,1.1679999828338623,0,25.850000381469727,27.989999771118164,106.48999786376952,0.0,2.979288998192494,1.01996000289917,0.8085137495398521,0,0,,,,,,
2016-06-19,1.1679999828338623,0,25.850000381469727,27.989999771118164,106.48999786376952,0.0,2.979288998192494,1.01996000289917,0.8085137495398521,0,0,,,,,,
2016-06-20,1.1890000104904177,293768000,26.3700008392334,28.459999084472656,107.16000366210938,1.7979475997597083,2.9827636287064787,1.025910003185272,0.8116824996471405,1,0,,,,,,
2016-06-21,1.1817500591278076,212508000,26.59000015258789,28.59499931335449,107.5,-0.6097520015680646,2.9903510871447363,1.0316050040721894,0.8148074999451638,1,0,,,,,,
2016-06-22,1.180750012397766,202620000,26.540000915527344,28.559999465942383,107.23999786376952,-0.0846242166283151,2.9918609686465643,1.0373000037670137,0.8179925000667572,1,0,,,,,,
2016-06-23,1.212249994277954,297880000,26.809999465942383,29.27499961853028,108.7699966430664,2.667794329827733,3.0050564390003145,1.043175003528595,0.821218750178814,1,0,,,,,,
2016-06-24,1.1432499885559082,1017684000,25.68000030517578,27.565000534057617,104.29000091552734,-5.6918957350166055,3.220380750436848,1.047620003223419,0.8241562500596047,1,0,,,,,,
2016-06-25,1.1432499885559082,0,25.68000030517578,27.565000534057617,104.29000091552734,0.0,3.220380750436848,1.047620003223419,0.8241562500596047,0,0,,,,,,
2016-06-26,1.1432499885559082,0,25.68000030517578,27.565000534057617,104.29000091552734,0.0,3.220380750436848,1.047620003223419,0.8241562500596047,0,0,,,,,,
2016-06-27,1.13100004196167,449088000,24.89999961853028,26.71500015258789,102.22000122070312,-1.0715020089098637,1.7681160772580078,1.0516750037670135,0.826988750398159,1,0,,,,,,
2016-06-28,1.1475000381469729,381920000,25.26000022888184,27.44499969482422,104.45999908447266,1.458885550232547,1.7123159299438206,1.0561400043964386,0.8298950004577637,1,0,,,,,,
2016-06-29,1.1662499904632568,318932000,25.799999237060547,28.0049991607666,106.30999755859376,1.6339827183415423,1.7295176368097804,1.0613100039958954,0.8328900003433227,1,0,,,,,,
2016-06-30,1.1752500534057615,430940000,26.229999542236328,28.5049991607666,107.54000091552734,0.7717095833741361,1.6808605788861828,1.066590005159378,0.8358987507224083,1,0,,,,,,
2016-07-01,1.1664999723434448,218488000,26.530000686645508,28.295000076293945,108.08000183105467,-0.7445293056537183,1.6909501700239422,1.0717150044441224,0.8388437506556511,1,0,,,,,,
2016-07-02,1.1664999723434448,0,26.530000686645508,28.295000076293945,108.08000183105467,0.0,1.6909501700239422,1.0717150044441224,0.8388437506556511,0,0,,,,,,
2016-07-03,1.1664999723434448,0,26.530000686645508,28.295000076293945,108.08000183105467,0.0,1.6909501700239422,1.0717150044441224,0.8388437506556511,0,0,,,,,,
2016-07-04,1.1664999723434448,0,26.530000686645508,28.295000076293945,108.08000183105467,0.0,1.6909501700239422,1.0717150044441224,0.8388437506556511,0,0,,,,,,
2016-07-05,1.183750033378601,371084000,26.26000022888184,27.84499931335449,107.41999816894533,1.4787879506333423,1.682037833415431,1.0772550046443938,0.8418487507104874,1,0,,,,,,
2016-07-06,1.191249966621399,273104000,26.14999961853028,27.88500022888184,108.3000030517578,0.6335740681157054,1.683539070797314,1.0828550040721894,0.8448937505483627,1,0,,,,,,
2016-07-07,1.222249984741211,395400000,26.309999465942383,28.200000762939453,108.62000274658205,2.6023100934670973,1.7025911712045705,1.089060003757477,0.848063750565052,1,0,,,,,,
2016-07-08,1.2712500095367432,481932000,26.729999542236328,28.96999931335449,110.3000030517578,4.009001874187557,1.8285857202518927,1.0958300042152405,0.8515587505698204,1,0,,,,,,
2016-07-09,1.2712500095367432,0,26.729999542236328,28.96999931335449,110.3000030517578,0.0,1.8285857202518927,1.0958300042152405,0.8515587505698204,0,0,,,,,,
2016-07-10,1.2712500095367432,0,26.729999542236328,28.96999931335449,110.3000030517578,0.0,1.8285857202518927,1.0958300042152405,0.8515587505698204,0,0,,,,,,
2016-07-11,1.3005000352859497,448776000,27.200000762939453,29.36000061035156,110.93000030517578,2.300886963994242,1.8575261165800112,1.103740005493164,0.8551862508058548,1,0,,,,,,
2016-07-12,1.3200000524520874,436760000,26.96999931335449,29.68000030517578,111.48999786376952,1.4994245780124205,1.8672973397664083,1.1123750066757203,0.8588562509417534,1,0,,,,,,
2016-07-13,1.319499969482422,324604000,26.88999938964844,29.684999465942383,111.22000122070312,-0.0378850719540913,1.8531006021934648,1.120765006542206,0.8625025007128716,1,0,,,,,,
2016-07-14,1.3329999446868896,316892000,27.11000061035156,29.934999465942383,111.9800033569336,1.023112960719752,1.8557247928988112,1.12964000582695,0.8662550005316735,1,0,,,,,,
2016-07-15,1.3174999952316284,428616000,27.01000022888184,29.850000381469727,111.8000030517578,-1.1627869541211422,1.878133515940371,1.1386100053787231,0.8698787504434585,1,0,,,,,,
2016-07-16,1.3174999952316284,0,27.01000022888184,29.850000381469727,111.8000030517578,0.0,1.878133515940371,1.1386100053787231,0.8698787504434585,0,0,,,,,,
2016-07-17,1.3174999952316284,0,27.01000022888184,29.850000381469727,111.8000030517578,0.0,1.878133515940371,1.1386100053787231,0.8698787504434585,0,0,,,,,,
2016-07-18,1.3242499828338623,252992000,27.63999938964844,30.71999931335449,112.54000091552734,0.5123330266917581,1.8475015593199304,1.1476100051403046,0.8734187504649162,1,0,,,,,,
2016-07-19,1.3380000591278076,382652000,27.270000457763672,30.600000381469727,112.12999725341795,1.038329354139056,1.8411592630627285,1.1567050063610076,0.8770875006914138,1,0,,,,,,
2016-07-20,1.3554999828338623,296460000,27.549999237060547,31.06999969482422,113.44000244140624,1.3079165121608671,1.8458991886171847,1.1661750054359437,0.8807650005817413,1,0,,,,,,
2016-07-21,1.3305000066757202,361308000,27.479999542236328,30.80500030517578,113.18000030517578,-1.8443361471592312,1.890827113531811,1.174805005788803,0.8842400005459785,1,0,,,,,,
2016-07-22,1.3667500019073486,315768000,27.739999771118164,30.989999771118164,113.6500015258789,2.7245392746896524,1.8958026525115703,1.1841100060939789,0.8878550004959106,1,0,,,,,,
2016-07-23,1.3667500019073486,0,27.739999771118164,30.989999771118164,113.6500015258789,0.0,1.8958026525115703,1.1841100060939789,0.8878550004959106,0,0,,,,,,
2016-07-24,1.3667500019073486,0,27.739999771118164,30.989999771118164,113.6500015258789,0.0,1.8958026525115703,1.1841100060939789,0.8878550004959106,0,0,,,,,,
2016-07-25,1.3919999599456787,312528000,27.86000061035156,31.13500022888184,113.66000366210938,1.8474452535645056,1.824264767753274,1.1941650056838988,0.8915625002980232,1,0,,,,,,
2016-07-26,1.4157500267028809,514508000,28.32999992370605,32.03499984741211,113.79000091552734,1.706183005790396,1.831099235493833,1.2019900059700013,0.8953700003027916,1,0,,,,,,
2016-07-27,1.4014999866485596,446676000,28.100000381469727,31.920000076293945,114.58000183105467,-1.0065364496236628,1.854469532342669,1.208925006389618,0.8991187500953675,1,0,,,,,,
2016-07-28,1.4045000076293943,221916000,28.13999938964844,31.8799991607666,114.9800033569336,0.2140578672432891,1.854201351832524,1.215875005722046,0.9028475001454354,1,0,,,,,,
2016-07-29,1.4275000095367432,409588000,27.780000686645508,31.75,115.2300033569336,1.6375935765333027,1.863630389078976,1.222745006084442,0.9066850000619888,1,0,,,,,,
2016-07-30,1.4275000095367432,0,27.780000686645508,31.75,115.2300033569336,0.0,1.863630389078976,1.222745006084442,0.9066850000619888,0,0,,,,,,
2016-07-31,1.4275000095367432,0,27.780000686645508,31.75,115.2300033569336,0.0,1.863630389078976,1.222745006084442,0.9066850000619888,0,0,,,,,,
2016-08-01,1.4182499647140503,301120000,28.6200008392334,31.84000015258789,115.83999633789062,-0.6479891251065406,1.825799981222896,1.2293350052833558,0.9103562498092652,1,0,,,,,,
2016-08-02,1.4010000228881836,282748000,28.15999984741211,31.420000076293945,114.95999908447266,-1.2162836069130156,1.8441747562207185,1.2351900053024292,0.9139324998855592,1,0,,,,,,
2016-08-03,1.4047499895095823,299828000,28.15999984741211,31.5,115.33999633789062,0.2676635660339377,1.8318179674670616,1.2410850048065185,0.9174737498164176,1,0,,,,,,
2016-08-04,1.430750012397766,272712000,28.39999961853028,31.725000381469727,115.66999816894533,1.8508647860720373,1.841144118266224,1.2470200061798096,0.9211512500047684,1,0,,,,,,
2016-08-05,1.4550000429153442,371588000,28.790000915527344,32.095001220703125,116.77999877929688,1.6949173725281377,1.8128885524545304,1.253535006046295,0.924955000281334,1,0,,,,,,
2016-08-06,1.4550000429153442,0,28.790000915527344,32.095001220703125,116.77999877929688,0.0,1.8128885524545304,1.253535006046295,0.924955000281334,0,0,,,,,,
2016-08-07,1.4550000429153442,0,28.790000915527344,32.095001220703125,116.77999877929688,0.0,1.8128885524545304,1.253535006046295,0.924955000281334,0,0,,,,,,
2016-08-08,1.468500018119812,305064000,29.09000015258789,32.095001220703125,116.6500015258789,0.9278333200195776,1.3648376332536774,1.2600800061225892,0.9288712504506113,1,0,,,,,,
2016-08-09,1.472249984741211,372344000,29.39999961853028,32.310001373291016,116.91999816894533,0.2553603387897896,1.321329229985416,1.266575005054474,0.9326825004816056,1,0,,,,,,
2016-08-10,1.46274995803833,375740000,29.21999931335449,32.095001220703125,116.62000274658205,-0.6452726643804807,1.3457771398870602,1.2724700045585633,0.9364225003123284,1,0,,,,,,
2016-08-11,1.4924999475479126,681064000,29.13999938964844,32.224998474121094,117.12000274658205,2.03383971034119,1.3560467144465598,1.2789150023460387,0.9403275001049042,1,0,,,,,,
2016-08-12,1.5759999752044678,1425744000,29.239999771118164,32.36000061035156,117.1999969482422,5.594641915649024,1.6103931203904238,1.2868650007247924,0.9446524998545648,1,0,,,,,,
2016-08-13,1.5759999752044678,0,29.239999771118164,32.36000061035156,117.1999969482422,0.0,1.6103931203904238,1.2868650007247924,0.9446524998545648,0,0,,,,,,
2016-08-14,1.5759999752044678,0,29.239999771118164,32.36000061035156,117.1999969482422,0.0,1.6103931203904238,1.2868650007247924,0.9446524998545648,0,0,,,,,,
2016-08-15,1.5744999647140503,573304000,29.38999938964844,32.724998474121094,117.6999969482422,-0.0951783321077037,1.5904441915414298,1.2951150012016297,0.9489412495493889,1,0,,,,,,
2016-08-16,1.565000057220459,287652000,29.07999992370605,32.53499984741211,117.0500030517578,-0.6033602862173804,1.6148331036158632,1.303295001983643,0.953306249976158,1,0,,,,,,
2016-08-17,1.528749942779541,595212000,28.979999542236328,32.46500015258789,117.26000213623048,-2.3163011575412007,1.7209272945839955,1.3107050013542176,0.9574037498235702,1,0,,,,,,
2016-08-18,1.5525000095367432,331684000,29.15999984741211,32.71500015258789,117.29000091552734,1.5535612524060216,1.6945342381383952,1.3186650013923644,0.9615787500143052,1,0,,,,,,
2016-08-19,1.55649995803833,291560000,28.63999938964844,32.8849983215332,117.26000213623048,0.2576456345903866,1.5855515827700497,1.3261050009727475,0.965798749923706,1,0,,,,,,
2016-08-20,1.55649995803833,0,28.63999938964844,32.8849983215332,117.26000213623048,0.0,1.5855515827700497,1.3261050009727475,0.965798749923706,0,0,,,,,,
2016-08-21,1.55649995803833,0,28.63999938964844,32.8849983215332,117.26000213623048,0.0,1.5855515827700497,1.3261050009727475,0.965798749923706,0,0,,,,,,
2016-08-22,1.562999963760376,244748000,28.39999961853028,32.89500045776367,117.3499984741211,0.4176039766964123,1.5565520103746828,1.33426500082016,0.9701099997758864,1,0,,,,,,
2016-08-23,1.5727499723434448,339764000,28.5,33.05500030517578,117.55999755859376,0.6238009474812456,1.547800101943056,1.3423250007629397,0.9745099997520448,1,0,,,,,,
2016-08-24,1.5484999418258667,298448000,28.38999938964844,32.79499816894531,116.8000030517578,-1.541887200382197,1.5927807004945016,1.349854998588562,0.9783087494969368,1,0,,,,,,
2016-08-25,1.538249969482422,406032000,28.600000381469727,32.904998779296875,116.61000061035156,-0.6619291397169103,1.6050745354830498,1.3569399976730347,0.9820737493038176,1,0,,,,,,
2016-08-26,1.5507500171661377,300024000,28.63999938964844,33.04499816894531,116.77999877929688,0.8126148501027997,1.5751384110056272,1.3641799974441529,0.9859762492775918,1,0,,,,,,
2016-08-27,1.5507500171661377,0,28.63999938964844,33.04499816894531,116.77999877929688,0.0,1.5751384110056272,1.3641799974441529,0.9859762492775918,0,0,,,,,,
2016-08-28,1.5507500171661377,0,28.63999938964844,33.04499816894531,116.77999877929688,0.0,1.5751384110056272,1.3641799974441529,0.9859762492775918,0,0,,,,,,
2016-08-29,1.5497499704360962,274652000,28.700000762939453,33.15999984741211,116.94000244140624,-0.0644879393178365,1.5792133964173471,1.3718149971961977,0.9899112489819528,1,0,,,,,,
2016-08-30,1.5407500267028809,285544000,28.6200008392334,33.10499954223633,116.55999755859376,-0.5807352092210616,1.5891392434257523,1.378849997520447,0.9938149991631507,1,0,,,,,,
2016-08-31,1.5334999561309814,388544000,28.739999771118164,33.10499954223633,116.44000244140624,-0.4705546289954787,1.5904946555287456,1.3858849954605104,0.9977574989199638,1,0,,,,,,
2016-09-01,1.5787500143051147,428492000,28.959999084472656,33.40999984741211,116.73999786376952,2.9507700990288432,1.5955931628493152,1.3938449954986571,1.001851249039173,1,0,,,,,,
2016-09-02,1.563249945640564,323148000,29.13999938964844,33.380001068115234,117.12000274658205,-0.9817937307429304,1.567378852318746,1.4008649945259095,1.0058674988150598,1,0,,,,,,
2016-09-03,1.563249945640564,0,29.13999938964844,33.380001068115234,117.12000274658205,0.0,1.567378852318746,1.4008649945259095,1.0058674988150598,0,0,,,,,,
2016-09-04,1.563249945640564,0,29.13999938964844,33.380001068115234,117.12000274658205,0.0,1.567378852318746,1.4008649945259095,1.0058674988150598,0,0,,,,,,
2016-09-05,1.563249945640564,0,29.13999938964844,33.380001068115234,117.12000274658205,0.0,1.567378852318746,1.4008649945259095,1.0058674988150598,0,0,,,,,,
2016-09-06,1.5779999494552612,306812000,29.489999771118164,33.375,117.8499984741211,0.9435473742270384,1.5483700643324372,1.4095599937438965,1.0098787486553191,1,0,,,,,,
2016-09-07,1.5547499656677246,397988000,29.81999969482422,33.154998779296875,117.91999816894533,-1.4733830502062228,1.5667387806857629,1.4180349922180175,1.013762498497963,1,0,,,,,,
2016-09-08,1.565999984741211,315808000,29.790000915527344,33.09000015258789,117.2300033569336,0.7235902442136233,1.5477880053428612,1.4264049911499024,1.017668748497963,1,0,,,,,,
2016-09-09,1.4880000352859497,697760000,28.59000015258789,31.88999938964844,114.27999877929688,-4.98083973277631,1.831772494285612,1.432839992046356,1.021243748664856,1,0,,,,,,
2016-09-10,1.4880000352859497,0,28.59000015258789,31.88999938964844,114.27999877929688,0.0,1.831772494285612,1.432839992046356,1.021243748664856,0,0,,,,,,
2016-09-11,1.4880000352859497,0,28.59000015258789,31.88999938964844,114.27999877929688,0.0,1.831772494285612,1.432839992046356,1.021243748664856,0,0,,,,,,
2016-09-12,1.5187499523162842,598260000,28.989999771118164,32.54499816894531,116.33000183105467,2.066526633141197,1.8449356126999992,1.439709990024567,1.0249412482976914,1,0,,,,,,
2016-09-13,1.496749997138977,471768000,28.489999771118164,32.189998626708984,115.29000091552734,-1.4485567649733522,1.8636653431416768,1.4463149905204773,1.0285337483882904,1,0,,,,,,
2016-09-14,1.5099999904632568,319048000,28.6200008392334,32.459999084472656,115.83999633789062,0.8852509336634062,1.8481633167788707,1.4528399896621704,1.0321599984169003,1,0,,,,,,
2016-09-15,1.5672500133514404,515212000,29.18000030517578,33.26499938964844,117.63999938964844,3.791392268195959,1.9570061595743768,1.4603599905967712,1.0360312485694885,1,0,,,,,,
2016-09-16,1.5709999799728394,902444000,28.90999984741211,33.279998779296875,117.29000091552734,0.2392704794674127,1.9373724142191315,1.4673349905014037,1.0397924983501434,1,0,,,,,,
2016-09-17,1.5709999799728394,0,28.90999984741211,33.279998779296875,117.29000091552734,0.0,1.9373724142191315,1.4673349905014037,1.0397924983501434,0,0,,,,,,
2016-09-18,1.5709999799728394,0,28.90999984741211,33.279998779296875,117.29000091552734,0.0,1.9373724142191315,1.4673349905014037,1.0397924983501434,0,0,,,,,,
2016-09-19,1.5917500257492063,417128000,29.93000030517578,33.39500045776367,116.77999877929688,1.3208176983379616,1.9294737199468803,1.473744990825653,1.0436887484788897,1,0,,,,,,
2016-09-20,1.5772500038146973,331112000,29.89999961853028,33.27000045776367,117.0,-0.9109484341100816,1.938610845988977,1.479279990196228,1.047521248459816,1,0,,,,,,
2016-09-21,1.621500015258789,336212000,30.5,33.72999954223633,118.1500015258789,2.8055166484114658,1.9936870653379115,1.485309989452362,1.0514099985361098,1,0,,,,,,
2016-09-22,1.625499963760376,308732000,30.65999984741211,33.88999938964844,119.08999633789062,0.2466819897592564,1.985096161927016,1.491429989337921,1.0553987482190132,1,0,,,,,,
2016-09-23,1.6237499713897705,276132000,30.1200008392334,33.494998931884766,118.33000183105467,-0.1076587148336249,1.9616128440383829,1.4972449898719788,1.0593224981427192,1,0,,,,,,
2016-09-24,1.6237499713897705,0,30.1200008392334,33.494998931884766,118.33000183105467,0.0,1.9616128440383829,1.4972449898719788,1.0593224981427192,0,0,,,,,,
2016-09-25,1.6237499713897705,0,30.1200008392334,33.494998931884766,118.33000183105467,0.0,1.9616128440383829,1.4972449898719788,1.0593224981427192,0,0,,,,,,
2016-09-26,1.6085000038146973,230040000,29.84000015258789,33.185001373291016,117.33999633789062,-0.939182007314876,1.6985513665714271,1.50306499004364,1.0632762482762337,1,0,,,,,,
2016-09-27,1.66349995136261,402752000,30.39999961853028,33.72999954223633,118.5,3.4193315149191994,1.8038413857063795,1.509849989414215,1.0674712479114532,1,0,,,,,,
2016-09-28,1.6694999933242798,319788000,30.32999992370605,33.775001525878906,118.6999969482422,0.3606878351126497,1.7976272168056622,1.5164799880981443,1.0717574977874755,1,0,,,,,,
2016-09-29,1.684999942779541,336684000,30.39999961853028,34.189998626708984,117.83999633789062,0.928418659313568,1.7356000120142605,1.523069987297058,1.0761112475395205,1,0,,,,,,
2016-09-30,1.7130000591278076,429932000,30.59000015258789,34.73500061035156,118.72000122070312,1.661728029621079,1.7383193068326126,1.5307199883460998,1.08055499792099,1,0,,,,,,
2016-10-01,1.7130000591278076,0,30.59000015258789,34.73500061035156,118.72000122070312,0.0,1.7383193068326126,1.5307199883460998,1.08055499792099,0,0,,,,,,
2016-10-02,1.7130000591278076,0,30.59000015258789,34.73500061035156,118.72000122070312,0.0,1.7383193068326126,1.5307199883460998,1.08055499792099,0,0,,,,,,
2016-10-03,1.7112499475479126,242596000,30.71999931335449,34.46500015258789,118.5500030517578,-0.10216646348431,1.740169595237085,1.537609987258911,1.0849649977684022,1,0,,,,,,
2016-10-04,1.7074999809265137,281624000,30.38999938964844,34.31999969482422,118.37000274658205,-0.2191361131535618,1.7429592034565744,1.543919987678528,1.0894187477231023,1,0,,,,,,
2016-10-05,1.7057499885559082,305440000,30.530000686645508,34.584999084472656,118.79000091552734,-0.1024885733618474,1.743492619625208,1.5497199869155884,1.0939299976825714,1,0,,,,,,
2016-10-06,1.683500051498413,360212000,30.770000457763672,34.78499984741211,118.7300033569336,-1.3044078679040116,1.735429258627195,1.5553599882125857,1.0982349979877473,1,0,,,,,,
2016-10-07,1.6712499856948853,286260000,31.18000030517578,34.810001373291016,118.47000122070312,-0.7276546141251727,1.7367181411805466,1.5606949877738954,1.1024749979376791,1,0,,,,,,
2016-10-08,1.6712499856948853,0,31.18000030517578,34.810001373291016,118.47000122070312,0.0,1.7367181411805466,1.5606949877738954,1.1024749979376791,0,0,,,,,,
2016-10-09,1.6712499856948853,0,31.18000030517578,34.810001373291016,118.47000122070312,0.0,1.7367181411805466,1.5606949877738954,1.1024749979376791,0,0,,,,,,
2016-10-10,1.6775000095367432,287876000,31.280000686645508,34.70000076293945,119.22000122070312,0.3739730079494574,1.7340231415664586,1.5656949877738953,1.1067299979925156,1,0,,,,,,
2016-10-11,1.653249979019165,388540000,30.729999542236328,33.98500061035156,117.5199966430664,-1.4456053877624164,1.7615121469187194,1.5703949880599977,1.110849997997284,1,0,,,,,,
2016-10-12,1.6607500314712524,419920000,31.350000381469727,33.98500061035156,117.41999816894533,0.4536550761994773,1.7551927558338638,1.5755899882316589,1.1150112482905388,1,0,,,,,,
2016-10-13,1.6337499618530271,390116000,30.530000686645508,33.595001220703125,117.0,-1.6257756499517215,1.7843223041268224,1.5801699876785278,1.118969998061657,1,0,,,,,,
2016-10-14,1.649749994277954,330636000,30.65999984741211,33.810001373291016,117.13999938964844,0.9793440121509844,1.7155155519254626,1.5845499873161315,1.123044998049736,1,0,,,,,,
2016-10-15,1.649749994277954,0,30.65999984741211,33.810001373291016,117.13999938964844,0.0,1.7155155519254626,1.5845499873161315,1.123044998049736,0,0,,,,,,
2016-10-16,1.649749994277954,0,30.65999984741211,33.810001373291016,117.13999938964844,0.0,1.7155155519254626,1.5845499873161315,1.123044998049736,0,0,,,,,,
2016-10-17,1.6402499675750732,195328000,30.56999969482422,33.66999816894531,116.81999969482422,-0.5758464455724255,1.707774141805014,1.5882549858093262,1.127126247882843,1,0,,,,,,
2016-10-18,1.665249943733215,269372000,30.86000061035156,34.04999923706055,117.86000061035156,1.5241564793384343,1.7200355149686235,1.5921899843215943,1.1314062476158142,1,0,,,,,,
2016-10-19,1.6617499589920044,199060000,30.979999542236328,33.70000076293945,117.8499984741211,-0.2101777426495199,1.6930631843317356,1.5959799838066102,1.1356037473678589,1,0,,,,,,
2016-10-20,1.6932499408721924,312084000,31.059999465942383,33.994998931884766,117.70999908447266,1.8955909527625487,1.7180396324510008,1.6005899834632873,1.1401287469267845,1,0,,,,,,
2016-10-21,1.6885000467300415,279508000,31.07999992370605,33.95000076293945,118.1500015258789,-0.2805193744583434,1.4086661248705998,1.60450998544693,1.1447862470149994,1,0,,,,,,
2016-10-22,1.6885000467300415,0,31.07999992370605,33.95000076293945,118.1500015258789,0.0,1.4086661248705998,1.60450998544693,1.1447862470149994,0,0,,,,,,
2016-10-23,1.6885000467300415,0,31.07999992370605,33.95000076293945,118.1500015258789,0.0,1.4086661248705998,1.60450998544693,1.1447862470149994,0,0,,,,,,
2016-10-24,1.7677500247955322,339836000,31.40999984741211,34.3849983215332,119.56999969482422,4.693513525153081,1.5844722283697217,1.6083449864387511,1.1499212470650673,1,0,,,,,,
2016-10-25,1.7967499494552612,397460000,31.549999237060547,34.290000915527344,119.19000244140624,1.640499179915622,1.55222337335423,1.6127899861335755,1.155194996893406,1,0,,,,,,
2016-10-26,1.8040000200271609,333792000,31.209999084472656,34.189998626708984,118.37999725341795,0.4035102699792681,1.5519008459719406,1.6175699853897094,1.1604424971342089,1,0,,,,,,
2016-10-27,1.7669999599456787,388664000,30.770000457763672,34.09000015258789,117.83999633789062,-2.0510010903949327,1.5042603403616148,1.6223349857330325,1.1656199967861176,1,0,,,,,,
2016-10-28,1.7640000581741333,290856000,30.770000457763672,33.89500045776367,117.0999984741211,-0.1697737317230996,1.5077248339325873,1.62656498670578,1.1708562469482422,1,0,,,,,,
2016-10-29,1.7640000581741333,0,30.770000457763672,33.89500045776367,117.0999984741211,0.0,1.5077248339325873,1.62656498670578,1.1708562469482422,0,0,,,,,,
2016-10-30,1.7640000581741333,0,30.770000457763672,33.89500045776367,117.0999984741211,0.0,1.5077248339325873,1.62656498670578,1.1708562469482422,0,0,,,,,,
2016-10-31,1.7790000438690186,252388000,31.100000381469727,34.1349983215332,116.98999786376952,0.850339297063929,1.5002215565347945,1.631014988422394,1.176362497210503,1,0,,,,,,
2016-11-01,1.7262500524520874,473224000,30.709999084472656,33.81999969482422,116.11000061035156,-2.9651484045053245,1.6045295395168555,1.634279990196228,1.1815774974226951,1,0,,,,,,
2016-11-02,1.718999981880188,295848000,30.38999938964844,33.61000061035156,115.18000030517578,-0.4199895931415565,1.5385075842295468,1.637204990386963,1.186737497448921,1,0,,,,,,
2016-11-03,1.6990000009536743,309664000,30.280000686645508,33.470001220703125,114.0500030517578,-1.1634660347487835,1.558636901841999,1.640214991569519,1.1917574974894525,1,0,,,,,,
2016-11-04,1.6892499923706057,328780000,30.239999771118164,33.29499816894531,113.6500015258789,-0.5738674854382619,1.5637048320979745,1.6432349920272826,1.1966474974155423,1,0,,,,,,
2016-11-05,1.6892499923706057,0,30.239999771118164,33.29499816894531,113.6500015258789,0.0,1.5637048320979745,1.6432349920272826,1.1966474974155423,0,0,,,,,,
2016-11-06,1.6892499923706057,0,30.239999771118164,33.29499816894531,113.6500015258789,0.0,1.5637048320979745,1.6432349920272826,1.1966474974155423,0,0,,,,,,
2016-11-07,1.781749963760376,487580000,31.350000381469727,34.29499816894531,116.3499984741211,5.475801202163155,1.8269816724265728,1.6478549909591675,1.2020037472248075,1,0,,,,,,
2016-11-08,1.7790000438690186,429884000,31.34000015258789,34.35499954223633,117.11000061035156,-0.1543381477361549,1.7346281486435875,1.652439992427826,1.207311247587204,1,0,,,,,,
2016-11-09,1.7489999532699585,456532000,30.59000015258789,34.08000183105469,117.6500015258789,-1.6863456919211206,1.7695589778929717,1.6566049909591676,1.2125112473964692,1,0,,,,,,
2016-11-10,1.694249987602234,869280000,29.440000534057617,33.44499969482422,115.75,-3.13035832650328,1.8623088892815904,1.6598199915885925,1.217476247251034,1,0,,,,,,
2016-11-11,2.1992499828338623,2175344000,29.93000030517578,34.279998779296875,115.8000030517578,29.80669906607605,5.747239178773973,1.6722299909591676,1.2248112472891808,1,0,,,,,,
2016-11-12,2.1992499828338623,0,29.93000030517578,34.279998779296875,115.8000030517578,0.0,5.747239178773973,1.6722299909591676,1.2248112472891808,0,0,,,,,,
2016-11-13,2.1992499828338623,0,29.93000030517578,34.279998779296875,115.8000030517578,0.0,5.747239178773973,1.6722299909591676,1.2248112472891808,0,0,,,,,,
2016-11-14,2.0910000801086426,1348796000,28.850000381469727,33.90999984741211,114.62999725341795,-4.922128160516492,5.844873447311853,1.682784993648529,1.2316037476062776,1,0,,,,,,
2016-11-15,2.154750108718872,626092000,29.200000762939453,34.474998474121094,116.22000122070312,3.0487817392583327,5.855430208969412,1.6943199968338012,1.2388699981570244,1,0,,,,,,
2016-11-16,2.290750026702881,987984000,29.86000061035156,34.744998931884766,116.91000366210938,6.311632956123581,5.933344912322324,1.7090399980545044,1.2467987483739853,1,0,,,,,,
2016-11-17,2.3097500801086426,832988000,29.46999931335449,34.96500015258789,117.76000213623048,0.829424999859496,5.915857149831676,1.723914999961853,1.2548212486505508,1,0,,,,,,
2016-11-18,2.3340001106262207,576060000,29.46999931335449,35.165000915527344,117.31999969482422,1.0498984598557692,5.9047118803966505,1.7408350014686584,1.2631874993443488,1,0,,,,,,
2016-11-19,2.3340001106262207,0,29.46999931335449,35.165000915527344,117.31999969482422,0.0,5.9047118803966505,1.7408350014686584,1.2631874993443488,0,0,,,,,,
2016-11-20,2.3340001106262207,0,29.46999931335449,35.165000915527344,117.31999969482422,0.0,5.9047118803966505,1.7408350014686584,1.2631874993443488,0,0,,,,,,
2016-11-21,2.32450008392334,436436000,29.64999961853028,35.39500045776367,118.54000091552734,-0.4070276886290247,5.910496549780549,1.7569500041007995,1.2716574996709824,1,0,,,,,,
2016-11-22,2.341249942779541,330368000,29.90999984741211,35.80500030517578,118.9000015258789,0.7205789740360125,5.889759374896898,1.7738400030136108,1.2801774993538857,1,0,,,,,,
2016-11-23,2.349250078201294,443236000,29.88999938964844,35.75,118.41999816894533,0.3417036035142429,5.890357136207243,1.7906250047683716,1.2887449997663498,1,0,,,,,,
2016-11-24,2.349250078201294,0,29.88999938964844,35.75,118.41999816894533,0.0,5.890357136207243,1.7906250047683716,1.2887449997663498,0,0,,,,,,
2016-11-25,2.3540000915527344,195564000,29.65999984741211,35.85499954223633,118.8000030517578,0.2021927505937215,5.868377614765665,1.8063600063323968,1.2973525002598765,1,0,,,,,,
2016-11-26,2.3540000915527344,0,29.65999984741211,35.85499954223633,118.8000030517578,0.0,5.868377614765665,1.8063600063323968,1.2973525002598765,0,0,,,,,,
2016-11-27,2.3540000915527344,0,29.65999984741211,35.85499954223633,118.8000030517578,0.0,5.868377614765665,1.8063600063323968,1.2973525002598765,0,0,,,,,,
2016-11-28,2.352750062942505,278736000,29.65999984741211,35.76499938964844,118.52999877929688,-0.0531023178255263,5.873765154802302,1.8219950079917908,1.305900000631809,1,0,,,,,,
2016-11-29,2.331249952316284,444568000,29.549999237060547,35.630001068115234,118.94000244140624,-0.9138289257691556,5.87787805520333,1.8367850065231324,1.3141825005412102,1,0,,,,,,
2016-11-30,2.305000066757202,440500000,29.690000534057617,35.529998779296875,117.5,-1.12600047596787,5.894642995226284,1.8513400077819824,1.322250000834465,1,0,,,,,,
2016-12-01,2.190999984741211,1035524000,28.549999237060547,33.84000015258789,115.47000122070312,-4.94577348001437,5.997187208676308,1.8627300071716308,1.329450000822544,1,0,,,,,,
2016-12-02,2.211250066757202,478292000,28.86000061035156,34.3849983215332,115.6999969482422,0.9242392586498838,5.995236643499919,1.874445009231568,1.336701251268387,1,0,,,,,,
2016-12-03,2.211250066757202,0,28.86000061035156,34.3849983215332,115.6999969482422,0.0,5.995236643499919,1.874445009231568,1.336701251268387,0,0,,,,,,
2016-12-04,2.211250066757202,0,28.86000061035156,34.3849983215332,115.6999969482422,0.0,5.995236643499919,1.874445009231568,1.336701251268387,0,0,,,,,,
2016-12-05,2.296999931335449,602284000,29.020000457763672,34.72999954223633,116.5999984741211,3.8778908757252974,6.011594277956334,1.887910008430481,1.344246250987053,1,0,,,,,,
2016-12-06,2.334749937057495,498796000,29.51000022888184,35.11000061035156,116.87999725341795,1.6434482738577394,5.975864803814115,1.9024350070953369,1.351970000565052,1,0,,,,,,
2016-12-07,2.376749992370605,480804000,29.93000030517578,35.810001373291016,118.36000061035156,1.798910223595218,5.976445751215152,1.9167000079154968,1.359876250624657,1,0,,,,,,
2016-12-08,2.336999893188477,381544000,30.040000915527344,36.025001525878906,118.56999969482422,-1.6724560559472912,5.9966140255776965,1.9300500059127808,1.3675750002264977,1,0,,,,,,
2016-12-09,2.2955000400543213,382312000,30.1200008392334,35.84000015258789,119.5,-1.7757747124898304,5.991966281238423,1.9422600078582763,1.3750925004482268,1,0,,,,,,
2016-12-10,2.2955000400543213,0,30.1200008392334,35.84000015258789,119.5,0.0,5.991966281238423,1.9422600078582763,1.3750925004482268,0,0,,,,,,
2016-12-11,2.2955000400543213,0,30.1200008392334,35.84000015258789,119.5,0.0,5.991966281238423,1.9422600078582763,1.3750925004482268,0,0,,,,,,
2016-12-12,2.2397499084472656,601332000,29.89999961853028,35.689998626708984,118.95999908447266,-2.428670469800398,6.021639887621959,1.9527950048446656,1.3823712500929832,1,0,,,,,,
2016-12-13,2.279249906539917,387796000,30.36000061035156,36.32500076293945,120.45999908447266,1.7635896732789869,6.023419300484048,1.9641550040245053,1.3896737495064737,1,0,,,,,,
2016-12-14,2.411250114440918,983980000,29.8700008392334,35.935001373291016,120.20999908447266,5.791388101947437,6.037703923831793,1.978230006694793,1.397612500190735,1,0,,,,,,
2016-12-15,2.467750072479248,746548000,30.15999984741211,36.5099983215332,120.4000015258789,2.343181144915385,6.032048074168813,1.9934700083732608,1.4058700004220008,1,0,,,,,,
2016-12-16,2.5102500915527344,1089528000,29.479999542236328,36.040000915527344,119.5999984741211,1.7222173163908838,6.0133023852880845,2.010005009174347,1.4143525007367137,1,0,,,,,,
2016-12-17,2.5102500915527344,0,29.479999542236328,36.040000915527344,119.5999984741211,0.0,6.0133023852880845,2.010005009174347,1.4143525007367137,0,0,,,,,,
2016-12-18,2.5102500915527344,0,29.479999542236328,36.040000915527344,119.5999984741211,0.0,6.0133023852880845,2.010005009174347,1.4143525007367137,0,0,,,,,,
2016-12-19,2.540750026702881,744656000,29.270000457763672,36.19499969482422,120.08999633789062,1.2150157967440125,6.001274890436416,2.027395009994507,1.423013750910759,1,0,,,,,,
2016-12-20,2.6292500495910645,848056000,29.309999465942383,36.25,120.5500030517578,3.4832243218759107,5.966931854795815,2.0464300107955933,1.432191251218319,1,0,,,,,,
2016-12-21,2.645750045776367,576136000,29.13999938964844,36.21500015258789,120.45999908447266,0.6275552295936571,5.961363781470177,2.066280012130737,1.4414537513256074,1,0,,,,,,
2016-12-22,2.6777501106262207,718612000,28.739999771118164,36.400001525878906,120.12000274658205,1.209489343142511,5.931674315663209,2.0866200137138367,1.450882501900196,1,0,,,,,,
2016-12-23,2.744499921798706,647692000,29.049999237060547,36.56999969482422,120.1999969482422,2.4927572930573128,5.866249840823586,2.1088350129127504,1.460577501654625,1,0,,,,,,
2016-12-24,2.744499921798706,0,29.049999237060547,36.56999969482422,120.1999969482422,0.0,5.866249840823586,2.1088350129127504,1.460577501654625,0,0,,,,,,
2016-12-25,2.744499921798706,0,29.049999237060547,36.56999969482422,120.1999969482422,0.0,5.866249840823586,2.1088350129127504,1.460577501654625,0,0,,,,,,
2016-12-26,2.744499921798706,0,29.049999237060547,36.56999969482422,120.1999969482422,0.0,5.866249840823586,2.1088350129127504,1.460577501654625,0,0,,,,,,
2016-12-27,2.933000087738037,1194272000,29.100000381469727,36.880001068115234,120.81999969482422,6.868288260536404,2.7552784488531743,2.134500014781952,1.4712050020694734,1,0,,,,,,
2016-12-28,2.731250047683716,2295764000,29.1200008392334,36.27000045776367,119.87999725341795,-6.878623730622291,2.9186169827046373,2.1563200163841247,1.4808437523245812,1,0,,,,,,
2016-12-29,2.785749912261963,2175368000,29.1299991607666,36.27999877929688,119.70999908447266,1.995418347890432,2.8985837766755824,2.1787300157547,1.4906350019574166,1,0,,,,,,
2016-12-30,2.6684999465942383,1212932000,28.75,35.81999969482422,118.4800033569336,-4.208919298592761,2.8574482214837627,2.1988650155067444,1.4998750016093254,1,0,,,,,,
2016-12-31,2.6684999465942383,0,28.75,35.81999969482422,118.4800033569336,0.0,2.8574482214837627,2.1988650155067444,1.4998750016093254,0,0,,,,,,
2017-01-01,2.6684999465942383,0,28.75,35.81999969482422,118.4800033569336,0.0,2.8574482214837627,2.1988650155067444,1.4998750016093254,0,0,,,,,,
2017-01-02,2.6684999465942383,0,28.75,35.81999969482422,118.4800033569336,0.0,2.8574482214837627,2.1988650155067444,1.4998750016093254,0,0,,,,,,
2017-01-03,2.5502500534057617,1501996000,29.309999465942383,35.880001068115234,119.54000091552734,-4.431324547688186,2.9976707901970445,2.216005017757416,1.508400001823902,1,0,,,,,,
2017-01-04,2.6097500324249268,1199220000,29.299999237060547,35.994998931884766,120.19000244140624,2.333103726032859,3.0167373610148327,2.234430017471313,1.5172100019454955,1,0,,,,,,
2017-01-05,2.5434999465942383,984296000,29.799999237060547,35.78499984741211,120.87000274658205,-2.5385605903845976,3.0615844232879503,2.249945015907288,1.5256962516903878,1,0,,,,,,
2017-01-06,2.577500104904175,822856000,29.6299991607666,35.970001220703125,121.93000030517578,1.3367469637836304,3.066246966837604,2.2655600190162657,1.534280002117157,1,0,,,,,,
2017-01-07,2.577500104904175,0,29.6299991607666,35.970001220703125,121.93000030517578,0.0,3.066246966837604,2.2655600190162657,1.534280002117157,0,0,,,,,,
2017-01-08,2.577500104904175,0,29.6299991607666,35.970001220703125,121.93000030517578,0.0,3.066246966837604,2.2655600190162657,1.534280002117157,0,0,,,,,,
2017-01-09,2.681999921798706,916248000,30.040000915527344,36.3849983215332,122.33000183105467,4.054308928860984,3.1392594097098923,2.2831200170516968,1.543380001783371,1,0,,,,,,
2017-01-10,2.661750078201294,880920000,30.06999969482422,36.525001525878906,122.5999984741211,-0.7550277474964062,3.1471437081357987,2.301015019416809,1.5523350021243096,1,0,,,,,,
2017-01-11,2.628999948501587,525664000,30.170000076293945,36.68000030517578,122.93000030517578,-1.2303983746602687,3.161051507259059,2.318315017223358,1.5610562518239022,1,0,,,,,,
2017-01-12,2.5859999656677246,625616000,29.290000915527344,36.06999969482422,122.73999786376952,-1.6356022699190342,3.1742661664899603,2.334455015659332,1.5695162516832353,1,0,,,,,,
2017-01-13,2.585750102996826,457820000,29.440000534057617,36.60499954223633,123.16000366210938,-0.0096621297067112,3.162340375111217,2.351645016670227,1.5779912522435189,1,0,,,,,,
2017-01-14,2.585750102996826,0,29.440000534057617,36.60499954223633,123.16000366210938,0.0,3.162340375111217,2.351645016670227,1.5779912522435189,0,0,,,,,,
2017-01-15,2.585750102996826,0,29.440000534057617,36.60499954223633,123.16000366210938,0.0,3.162340375111217,2.351645016670227,1.5779912522435189,0,0,,,,,,
2017-01-16,2.585750102996826,0,29.440000534057617,36.60499954223633,123.16000366210938,0.0,3.162340375111217,2.351645016670227,1.5779912522435189,0,0,,,,,,
2017-01-17,2.527750015258789,580612000,29.6200008392334,36.17499923706055,122.79000091552734,-2.2430662449096084,3.039973621239734,2.3678200173377992,1.5861112523078915,1,0,,,,,,
2017-01-18,2.5737500190734863,654424000,29.489999771118164,36.81499862670898,123.04000091552734,1.8198003575123245,3.0484407912849947,2.3853150177001954,1.5945050024986267,1,0,,,,,,
2017-01-19,2.628999948501587,644872000,29.6299991607666,36.53499984741211,122.9800033569336,2.146670384406235,2.9993057690628824,2.404110016822815,1.60318125218153,1,0,,,,,,
2017-01-20,2.600250005722046,492024000,30.06999969482422,36.8849983215332,123.25,-1.0935695451773308,3.004776436744461,2.420480017662048,1.6117075023055076,1,0,,,,,,
2017-01-21,2.600250005722046,0,30.06999969482422,36.8849983215332,123.25,0.0,3.004776436744461,2.420480017662048,1.6117075023055076,0,0,,,,,,
2017-01-22,2.600250005722046,0,30.06999969482422,36.8849983215332,123.25,0.0,3.004776436744461,2.420480017662048,1.6117075023055076,0,0,,,,,,
2017-01-23,2.627249956130981,369904000,30.32999992370605,36.560001373291016,123.3499984741211,1.0383597865405214,2.9957907516855315,2.437445015907288,1.6204150021076202,1,0,,,,,,
2017-01-24,2.6832499504089355,428052000,30.81999969482422,37.275001525878906,124.18000030517578,2.131506145704632,2.9865001884367217,2.456130015850067,1.6293737518787383,1,0,,,,,,
2017-01-25,2.6947500705718994,522760000,31.309999465942383,37.73500061035156,125.43000030517578,0.428589224839504,2.955411261199435,2.476140017509461,1.6383625021576882,1,0,,,,,,
2017-01-26,2.7412500381469727,458800000,31.11000061035156,37.44499969482422,125.55999755859376,1.725576263375128,2.906583875296592,2.4869800186157227,1.6475887522101402,1,0,,,,,,
2017-01-27,2.794250011444092,471996000,31.25,37.92499923706055,125.8000030517578,1.933423531585099,2.9088576376469644,2.5010450172424314,1.6569675022363664,1,0,,,,,,
2017-01-28,2.794250011444092,0,31.25,37.92499923706055,125.8000030517578,0.0,2.9088576376469644,2.5010450172424314,1.6569675022363664,0,0,,,,,,
2017-01-29,2.794250011444092,0,31.25,37.92499923706055,125.8000030517578,0.0,2.9088576376469644,2.5010450172424314,1.6569675022363664,0,0,,,,,,
2017-01-30,2.750499963760376,496004000,31.190000534057617,37.744998931884766,124.81999969482422,-1.5657170083039684,2.77376048786667,2.5129600143432618,1.6661150020360946,1,0,,,,,,
2017-01-31,2.7295000553131104,362756000,30.90999984741211,37.220001220703125,124.56999969482422,-0.7634942273751388,2.759648500719119,2.5217350149154663,1.6751212522387504,1,0,,,,,,
2017-02-01,2.848750114440918,590004000,31.07999992370605,37.59999847412109,125.43000030517578,4.36893411654935,2.845229176071636,2.532515015602112,1.6847437527775764,1,0,,,,,,
2017-02-02,2.88474988937378,483240000,30.780000686645508,37.63999938964844,125.31999969482422,1.2637042031300227,2.845687466533204,2.543530011177063,1.6946287521719932,1,0,,,,,,
2017-02-03,2.859499931335449,372744000,30.96999931335449,37.80500030517578,125.68000030517578,-0.8752910653135104,2.797043658909671,2.5542300081253053,1.7043700018525123,1,0,,,,,,
2017-02-04,2.859499931335449,0,30.96999931335449,37.80500030517578,125.68000030517578,0.0,2.797043658909671,2.5542300081253053,1.7043700018525123,0,0,,,,,,
2017-02-05,2.859499931335449,0,30.96999931335449,37.80500030517578,125.68000030517578,0.0,2.797043658909671,2.5542300081253053,1.7043700018525123,0,0,,,,,,
2017-02-06,2.93274998664856,506768000,30.8700008392334,37.7599983215332,125.83000183105467,2.5616386456390305,2.8265545176478906,2.566060009002685,1.714482501745224,1,0,,,,,,
2017-02-07,2.978250026702881,746224000,30.520000457763672,37.91999816894531,126.29000091552734,1.551446262431555,2.830690402206186,2.578640007972717,1.7248400017619132,1,0,,,,,,
2017-02-08,2.965250015258789,449580000,30.32999992370605,37.959999084472656,126.5,-0.4364983237650999,2.8062157739251967,2.5908650064468386,1.7351100018620491,1,0,,,,,,
2017-02-09,2.9094998836517334,842568000,30.209999084472656,37.630001068115234,126.95999908447266,-1.880115717736208,2.5418346288465714,2.602000002861023,1.7450975012779235,1,0,,,,,,
2017-02-10,2.8405001163482666,1651092000,30.709999084472656,37.66999816894531,127.37999725341795,-2.371533598993125,2.2357231262432022,2.6121850061416625,1.754636251926422,1,0,,,,,,
2017-02-11,2.8405001163482666,0,30.709999084472656,37.66999816894531,127.37999725341795,0.0,2.2357231262432022,2.6121850061416625,1.754636251926422,0,0,,,,,,
2017-02-12,2.8405001163482666,0,30.709999084472656,37.66999816894531,127.37999725341795,0.0,2.2357231262432022,2.6121850061416625,1.754636251926422,0,0,,,,,,
2017-02-13,2.7095000743865967,1180724000,31.690000534057617,38.165000915527344,128.10000610351562,-4.61186539679086,2.3696073802754563,2.6202750062942504,1.7636587524414062,1,0,,,,,,
2017-02-14,2.719500064849853,850632000,31.32999992370605,37.869998931884766,128.52999877929688,0.369071422355316,2.2372702937869087,2.6308450078964234,1.772815002799034,1,0,,,,,,
2017-02-15,2.7249999046325684,373020000,31.75,38.2599983215332,129.2899932861328,0.202237163138963,2.0681066398737653,2.6411200046539305,1.7819400024414065,1,0,,,,,,
2017-02-16,2.681250095367432,647176000,32.31999969482422,38.40499877929688,129.25,-1.6054976438994006,2.055748425993774,2.64880500793457,1.790900003015995,1,0,,,,,,
2017-02-17,2.680749893188477,563740000,32.34000015258789,38.54499816894531,129.80999755859375,-0.0186555584583247,1.9943390070470008,2.65572500705719,1.7999587523937226,1,0,,,,,,
2017-02-18,2.680749893188477,0,32.34000015258789,38.54499816894531,129.80999755859375,0.0,1.9943390070470008,2.65572500705719,1.7999587523937226,0,0,,,,,,
2017-02-19,2.680749893188477,0,32.34000015258789,38.54499816894531,129.80999755859375,0.0,1.9943390070470008,2.65572500705719,1.7999587523937226,0,0,,,,,,
2017-02-20,2.680749893188477,0,32.34000015258789,38.54499816894531,129.80999755859375,0.0,1.9943390070470008,2.65572500705719,1.7999587523937226,0,0,,,,,,
2017-02-21,2.776750087738037,551952000,32.33000183105469,38.90999984741211,130.4499969482422,3.581094782228189,2.078962727374968,2.663725008964539,1.8094712528586387,1,0,,,,,,
2017-02-22,2.7690000534057617,433772000,32.06999969482422,38.7400016784668,130.5,-0.2791044958096567,1.9536825987547584,2.672365012168884,1.8189000031352045,1,0,,,,,,
2017-02-23,2.5122499465942383,1592888000,31.75,38.310001373291016,130.00999450683594,-9.27230414805268,2.598437250503495,2.6767000102996827,1.8270512527227405,1,0,,,,,,
2017-02-24,2.5364999771118164,1029904000,31.920000076293945,38.3650016784668,130.25999450683594,0.9652714114076532,2.598141566685497,2.6826350116729736,1.8352387526631355,1,0,,,,,,
2017-02-25,2.5364999771118164,0,31.920000076293945,38.3650016784668,130.25999450683594,0.0,2.598141566685497,2.6826350116729736,1.8352387526631355,0,0,,,,,,
2017-02-26,2.5364999771118164,0,31.920000076293945,38.3650016784668,130.25999450683594,0.0,2.598141566685497,2.6826350116729736,1.8352387526631355,0,0,,,,,,
2017-02-27,2.6102499961853027,715400000,31.530000686645508,38.54999923706055,130.4199981689453,2.9075505515068656,2.63681037022918,2.689255013465881,1.8437825027108192,1,0,,,,,,
2017-02-28,2.5369999408721924,625360000,31.46999931335449,38.19499969482422,130.02000427246094,-2.806246735759421,2.688491020757464,2.691770009994507,1.852021252512932,1,0,,,,,,
2017-03-01,2.5697500705718994,504804000,31.57999992370605,38.63999938964844,131.44000244140625,1.2908998999995314,2.665393865609335,2.69381000995636,1.8597475028038024,1,0,,,,,,
2017-03-02,2.4749999046325684,754332000,30.8700008392334,38.29999923706055,130.77999877929688,-3.687135454314605,2.730992197949505,2.6931050062179565,1.8668487524986268,1,0,,,,,,
2017-03-03,2.460750102996826,864692000,30.850000381469727,38.435001373291016,131.02000427246094,-0.5757495832250381,2.6990362143599165,2.691505007743836,1.873867502808571,1,0,,,,,,
2017-03-04,2.460750102996826,0,30.850000381469727,38.435001373291016,131.02000427246094,0.0,2.6990362143599165,2.691505007743836,1.873867502808571,0,0,,,,,,
2017-03-05,2.460750102996826,0,30.850000381469727,38.435001373291016,131.02000427246094,0.0,2.6990362143599165,2.691505007743836,1.873867502808571,0,0,,,,,,
2017-03-06,2.4417500495910645,883568000,30.850000381469727,38.45000076293945,130.72999572753906,-0.7721244584170672,2.695937569407054,2.6877550077438355,1.8806562530994413,1,0,,,,,,
2017-03-07,2.4684998989105225,603400000,31.309999465942383,38.54499816894531,130.50999450683594,1.0955195567186715,2.696843545981644,2.6842100048065185,1.887555002570152,1,0,,,,,,
2017-03-08,2.46399998664856,638712000,31.21999931335449,38.584999084472656,130.74000549316406,-0.182293394621924,2.6615644338463285,2.679935002326965,1.8943337523937225,1,0,,,,,,
2017-03-09,2.463500022888184,478060000,30.979999542236328,38.59999847412109,130.83999633789062,-0.0202907371381955,2.658886435432517,2.6743150043487547,1.901101252436638,1,0,,,,,,
2017-03-10,2.477999925613404,499740000,31.059999465942383,38.96500015258789,131.38999938964844,0.5885895104730032,2.637573223744877,2.665215001106262,1.9078212523460387,1,0,,,,,,
2017-03-11,2.477999925613404,0,31.059999465942383,38.96500015258789,131.38999938964844,0.0,2.637573223744877,2.665215001106262,1.9078212523460387,0,0,,,,,,
2017-03-12,2.477999925613404,0,31.059999465942383,38.96500015258789,131.38999938964844,0.0,2.637573223744877,2.665215001106262,1.9078212523460387,0,0,,,,,,
2017-03-13,2.546250104904175,774136000,31.5,39.15499877929688,131.61000061035156,2.7542446061162407,2.6656641218727617,2.661515002250672,1.9149062526226044,1,0,,,,,,
2017-03-14,2.5445001125335693,522016000,31.209999084472656,39.01499938964844,131.2899932861328,-0.0687282198726269,2.6546411303498174,2.6566900062561034,1.9219225031137463,1,0,,,,,,
2017-03-15,2.563750028610229,615036000,31.90999984741211,39.369998931884766,132.10000610351562,0.7565303684539115,2.658496580558617,2.654595007896424,1.9290037530660629,1,0,,,,,,
2017-03-16,2.595249891281128,523100000,32.40999984741211,39.400001525878906,132.00999450683594,1.228663571696731,2.532300349092816,2.6554950046539307,1.9361400026082995,1,0,,,,,,
2017-03-17,2.651750087738037,1119688000,32.59000015258789,39.505001068115234,131.69000244140625,2.1770618947610565,2.556849495215285,2.6563350057601927,1.9435475027561189,1,0,,,,,,
2017-03-18,2.651750087738037,0,32.59000015258789,39.505001068115234,131.69000244140625,0.0,2.556849495215285,2.6563350057601927,1.9435475027561189,0,0,,,,,,
2017-03-19,2.651750087738037,0,32.59000015258789,39.505001068115234,131.69000244140625,0.0,2.556849495215285,2.6563350057601927,1.9435475027561189,0,0,,,,,,
2017-03-20,2.7362499237060547,748568000,32.849998474121094,39.755001068115234,131.80999755859375,3.1865686121310466,2.6290025808571778,2.660190005302429,1.951336252093315,1,0,,,,,,
2017-03-21,2.647749900817871,913484000,32.47999954223633,38.994998931884766,129.80999755859375,-3.2343545127747952,2.6386674397290686,2.6615950012207032,1.958765001893044,1,0,,,,,,
2017-03-22,2.7017500400543213,616764000,32.689998626708984,39.375,130.69000244140625,2.039472807449449,2.651981746534715,2.6619900035858155,1.966493752002716,1,0,,,,,,
2017-03-23,2.6772499084472656,533940000,32.560001373291016,39.255001068115234,130.36000061035156,-0.9068245116621964,2.65427099752284,2.6623000001907347,1.9740887516736985,1,0,,,,,,
2017-03-24,2.6867499351501465,439500000,32.810001373291016,39.56499862670898,130.6300048828125,0.3548427314501445,2.6398627842518425,2.6634549999237063,1.981750001311302,1,0,,,,,,
2017-03-25,2.6867499351501465,0,32.810001373291016,39.56499862670898,130.6300048828125,0.0,2.6398627842518425,2.6634549999237063,1.981750001311302,0,0,,,,,,
2017-03-26,2.6867499351501465,0,32.810001373291016,39.56499862670898,130.6300048828125,0.0,2.6398627842518425,2.6634549999237063,1.981750001311302,0,0,,,,,,
2017-03-27,2.706249952316284,506644000,33.16999816894531,39.744998931884766,130.83999633789062,0.7257845961406106,2.6136781097954582,2.665859999656677,1.989358751177788,1,0,,,,,,
2017-03-28,2.6922500133514404,432444000,33.349998474121094,39.81999969482422,131.63999938964844,-0.5173187699407111,2.4746277554526546,2.6679899978637693,1.997045001387596,1,0,,,,,,
2017-03-29,2.683500051498413,349992000,32.93000030517578,39.65999984741211,132.25,-0.3250055459052658,2.474391997755262,2.671104998588562,2.0046137517690656,1,0,,,,,,
2017-03-30,2.734999895095825,525532000,33.06999969482422,39.86000061035156,132.47000122070312,1.91912959228957,2.499293157607008,2.674329996109009,2.012428750991821,1,0,,,,,,
2017-03-31,2.723249912261963,440808000,32.84000015258789,39.85499954223633,132.3800048828125,-0.4296154765830673,2.481702012240638,2.6762149953842163,2.020125000476837,1,0,,,,,,
2017-04-01,2.723249912261963,0,32.84000015258789,39.85499954223633,132.3800048828125,0.0,2.481702012240638,2.6762149953842163,2.020125000476837,0,0,,,,,,
2017-04-02,2.723249912261963,0,32.84000015258789,39.85499954223633,132.3800048828125,0.0,2.481702012240638,2.6762149953842163,2.020125000476837,0,0,,,,,,
2017-04-03,2.7095000743865967,445232000,32.88999938964844,39.7599983215332,132.3000030517578,-0.504905473913908,2.483972404083317,2.6783999967575074,2.027728750705719,1,0,,,,,,
2017-04-04,2.5195000171661377,1271280000,32.86000061035156,39.619998931884766,132.50999450683594,-7.012365824107725,2.709794620006029,2.6762449979782104,2.0344862508773804,1,0,,,,,,
2017-04-05,2.500750064849853,747048000,32.900001525878906,39.3849983215332,131.97000122070312,-0.7441933791837663,2.711079130191892,2.672595000267029,2.0410450011491776,1,0,,,,,,
2017-04-06,2.5190000534057617,635120000,32.86000061035156,39.40499877929688,132.0399932861328,0.7297805891291143,2.120655898862643,2.669079999923706,2.047731251120567,1,0,,,,,,
2017-04-07,2.508249998092652,429068000,32.869998931884766,39.560001373291016,131.97000122070312,-0.4267588362523389,2.1147316308386768,2.66441999912262,2.054368751049042,1,0,,,,,,
2017-04-08,2.508249998092652,0,32.869998931884766,39.560001373291016,131.97000122070312,0.0,2.1147316308386768,2.66441999912262,2.054368751049042,0,0,,,,,,
2017-04-09,2.508249998092652,0,32.869998931884766,39.560001373291016,131.97000122070312,0.0,2.1147316308386768,2.66441999912262,2.054368751049042,0,0,,,,,,
2017-04-10,2.4442501068115234,756332000,32.52000045776367,39.209999084472656,132.02000427246094,-2.551575454192978,2.08927262696523,2.657420001029968,2.060528751611709,1,0,,,,,,
2017-04-11,2.453000068664551,618148000,32.400001525878906,38.915000915527344,131.4499969482422,0.3579814450511254,2.0321095370499127,2.651470003128052,2.067077502012253,1,0,,,,,,
2017-04-12,2.43274998664856,414092000,32.279998779296875,38.40999984741211,130.9199981689453,-0.8255230920974133,2.019147689211065,2.6455350017547605,2.073586251735687,1,0,,,,,,
2017-04-13,2.3872499465942383,506892000,31.82999992370605,38.125,130.39999389648438,-1.870313032742165,1.9352873143042064,2.636304998397827,2.079785001277924,1,0,,,,,,
2017-04-14,2.3872499465942383,0,31.82999992370605,38.125,130.39999389648438,0.0,1.9352873143042064,2.636304998397827,2.079785001277924,0,0,,,,,,
2017-04-15,2.3872499465942383,0,31.82999992370605,38.125,130.39999389648438,0.0,1.9352873143042064,2.636304998397827,2.079785001277924,0,0,,,,,,
2017-04-16,2.3872499465942383,0,31.82999992370605,38.125,130.39999389648438,0.0,1.9352873143042064,2.636304998397827,2.079785001277924,0,0,,,,,,
2017-04-17,2.48075008392334,497292000,32.029998779296875,38.540000915527344,131.47999572753906,3.916646326141637,2.0666920586167468,2.6282250022888185,2.086357501745224,1,0,,,,,,
2017-04-18,2.482249975204468,370116000,31.790000915527344,38.69499969482422,131.27999877929688,0.0604612004590165,2.060881856001415,2.6206800031661985,2.0928925013542177,1,0,,,,,,
2017-04-19,2.492000102996826,380828000,31.61000061035156,38.90499877929688,131.49000549316406,0.3927939526539914,2.052868913211867,2.611865005493164,2.0995200020074845,1,0,,,,,,
2017-04-20,2.531500101089477,404016000,31.790000915527344,39.46500015258789,132.58999633789062,1.5850720890881798,2.071182820012176,2.602930006980896,2.1062587523460388,1,0,,,,,,
2017-04-21,2.5420000553131104,341896000,32.08000183105469,39.30500030517578,132.55999755859375,0.4147720246629349,2.071753472755104,2.594465007781982,2.113012502789497,1,0,,,,,,
2017-04-22,2.5420000553131104,0,32.08000183105469,39.30500030517578,132.55999755859375,0.0,2.071753472755104,2.594465007781982,2.113012502789497,0,0,,,,,,
2017-04-23,2.5420000553131104,0,32.08000183105469,39.30500030517578,132.55999755859375,0.0,2.071753472755104,2.594465007781982,2.113012502789497,0,0,,,,,,
2017-04-24,2.5737500190734863,371820000,32.70000076293945,39.875,134.16000366210938,1.2490150696108149,2.0803327503742883,2.5877500104904176,2.119770002961159,1,0,,,,,,
2017-04-25,2.618499994277954,388440000,33.06999969482422,40.275001525878906,135.1300048828125,1.7387071344472371,2.04440886740951,2.5833100080490112,2.1265062528848646,1,0,,,,,,
2017-04-26,2.6005001068115234,327004000,33.0,39.970001220703125,134.94000244140625,-0.6874121636725072,2.049428520871561,2.5811300086975097,2.1330062532424927,1,0,,,,,,
2017-04-27,2.6410000324249268,319700000,33.02000045776367,40.505001068115234,135.75,1.557389884634941,2.0635336829323503,2.579560008049011,2.139611253142357,1,0,,,,,,
2017-04-28,2.6075000762939453,348248000,33.06999969482422,39.84999847412109,135.99000549316406,-1.268457240427301,2.067627781998916,2.5772100114822387,2.1460512536764145,1,0,,,,,,
2017-04-29,2.6075000762939453,0,33.06999969482422,39.84999847412109,135.99000549316406,0.0,2.067627781998916,2.5772100114822387,2.1460512536764145,0,0,,,,,,
2017-04-30,2.6075000762939453,0,33.06999969482422,39.84999847412109,135.99000549316406,0.0,2.067627781998916,2.5772100114822387,2.1460512536764145,0,0,,,,,,
2017-05-01,2.66599988937378,307732000,33.400001525878906,40.26499938964844,137.1999969482422,2.2435210495939995,2.070034301016684,2.576905007362366,2.152716253399849,1,0,,,,,,
2017-05-02,2.586999893188477,629972000,33.93000030517578,40.04999923706055,137.42999267578125,-2.963240790075916,2.05200244891468,2.5750300073623658,2.159063752889633,1,0,,,,,,
2017-05-03,2.606250047683716,336904000,34.290000915527344,40.27999877929688,136.99000549316406,0.744111143797288,1.973944636594169,2.57162000656128,2.1654737532138824,1,0,,,,,,
2017-05-04,2.596250057220459,209788000,34.13999938964844,40.2400016784668,137.0399932861328,-0.3836926726253353,1.935397283755688,2.568165006637573,2.171765003204346,1,0,,,,,,
2017-05-05,2.5964999198913574,228428000,34.41999816894531,40.400001525878906,137.5399932861328,0.009623983260143,1.929679913443268,2.569850006103516,2.177970002889633,1,0,,,,,,
2017-05-06,2.5964999198913574,0,34.41999816894531,40.400001525878906,137.5399932861328,0.0,1.929679913443268,2.569850006103516,2.177970002889633,0,0,,,,,,
2017-05-07,2.5964999198913574,0,34.41999816894531,40.400001525878906,137.5399932861328,0.0,1.929679913443268,2.569850006103516,2.177970002889633,0,0,,,,,,
2017-05-08,2.5692501068115234,365240000,34.97999954223633,40.29999923706055,137.83999633789062,-1.0494825311211375,1.935698883708016,2.5705050086975096,2.184163753390312,1,0,,,,,,
2017-05-09,2.573499917984009,847672000,35.40999984741211,40.70500183105469,138.32000732421875,0.1654105671230032,1.929845846202492,2.569770007133484,2.190197502970696,1,0,,,,,,
2017-05-10,3.032249927520752,2129096000,35.40999984741211,41.220001220703125,138.39999389648438,17.82591894916834,3.804524269262011,2.579675006866455,2.1983987528085707,1,0,,,,,,
2017-05-11,3.1624999046325684,1939792000,35.560001373291016,41.310001373291016,138.2899932861328,4.2954894954293055,3.864604959944991,2.5915300035476685,2.207132502198219,1,0,,,,,,
2017-05-12,3.19724988937378,962620000,35.369998931884766,41.42499923706055,138.60000610351562,1.0988137798931596,3.8579651528072914,2.605975003242493,2.2161112517118453,1,0,,,,,,
2017-05-13,3.19724988937378,0,35.369998931884766,41.42499923706055,138.60000610351562,0.0,3.8579651528072914,2.605975003242493,2.2161112517118453,0,0,,,,,,
2017-05-14,3.19724988937378,0,35.369998931884766,41.42499923706055,138.60000610351562,0.0,3.8579651528072914,2.605975003242493,2.2161112517118453,0,0,,,,,,
2017-05-15,3.357749938964844,1087540000,35.060001373291016,41.8849983215332,139.0399932861328,5.019940734832606,3.935862658879048,2.623914999961853,2.225877501368523,1,0,,,,,,
2017-05-16,3.420249938964844,1120700000,35.029998779296875,42.3849983215332,139.6199951171875,1.861365531563908,3.933129487850865,2.6434849977493284,2.235841251015663,1,0,,,,,,
2017-05-17,3.193000078201294,1271368000,34.41999816894531,40.790000915527344,136.07000732421875,-6.644247198856124,3.908251856887101,2.657975001335144,2.2447150015830992,1,0,,,,,,
2017-05-18,3.3267500400543213,1156032000,34.900001525878906,41.39500045776367,137.25999450683594,4.188849313413501,3.941984919133973,2.67523000240326,2.25434375166893,1,0,,,,,,
2017-05-19,3.400000095367432,1018372000,35.20000076293945,41.875,137.83999633789062,2.201850287252549,3.9473267517874246,2.6939600038528444,2.2643200021982195,1,0,,,,,,
2017-05-20,3.400000095367432,0,35.20000076293945,41.875,137.83999633789062,0.0,3.9473267517874246,2.6939600038528444,2.2643200021982195,0,0,,,,,,
2017-05-21,3.400000095367432,0,35.20000076293945,41.875,137.83999633789062,0.0,3.9473267517874246,2.6939600038528444,2.2643200021982195,0,0,,,,,,
2017-05-22,3.4725000858306885,836608000,35.400001525878906,42.275001525878906,139.0,2.132352600873144,3.941396040755192,2.71385000705719,2.274528752565384,1,0,,,,,,
2017-05-23,3.4257500171661377,681248000,35.400001525878906,42.185001373291016,139.13999938964844,-1.346294240720436,3.908255972805202,2.7314400053024293,2.284382502436638,1,0,,,,,,
2017-05-24,3.464250087738037,815996000,35.52000045776367,42.369998931884766,139.77999877929688,1.1238435489740572,3.905061423646976,2.7498350048065188,2.294361252784729,1,0,,,,,,
2017-05-25,3.4565000534057617,608228000,35.56999969482422,42.65999984741211,140.97000122070312,-0.2237146319114535,3.895692571394744,2.767690005302429,2.304282503128052,1,0,,,,,,
2017-05-26,3.5460000038146973,779140000,35.5099983215332,42.7400016784668,141.22000122070312,2.5893229864339062,3.857566047660703,2.786705007553101,2.3146987533569336,1,0,,,,,,
2017-05-27,3.5460000038146973,0,35.5099983215332,42.7400016784668,141.22000122070312,0.0,3.857566047660703,2.786705007553101,2.3146987533569336,0,0,,,,,,
2017-05-28,3.5460000038146973,0,35.5099983215332,42.7400016784668,141.22000122070312,0.0,3.857566047660703,2.786705007553101,2.3146987533569336,0,0,,,,,,
2017-05-29,3.5460000038146973,0,35.5099983215332,42.7400016784668,141.22000122070312,0.0,3.857566047660703,2.786705007553101,2.3146987533569336,0,0,,,,,,
2017-05-30,3.6217501163482666,989652000,35.779998779296875,43.04499816894531,141.33999633789062,2.136212985112218,3.83103722139981,2.8061050081253054,2.325345004200935,1,0,,,,,,
2017-05-31,3.608750104904175,887316000,35.36000061035156,42.994998931884766,141.2899932861328,-0.3589428046239518,3.836612105055995,2.823555011749268,2.335508754849434,1,0,,,,,,
2017-06-01,3.608999967575073,503340000,35.88999938964844,43.07500076293945,141.83999633789062,0.006923800862757,3.8404782995301168,2.842780013084412,2.345681254863739,1,0,,,,,,
2017-06-02,3.5910000801086426,487456000,36.18000030517578,43.40999984741211,143.4600067138672,-0.4987500035508407,3.854128841442781,2.860565013885498,2.35581125497818,1,0,,,,,,
2017-06-03,3.5910000801086426,0,36.18000030517578,43.40999984741211,143.4600067138672,0.0,3.854128841442781,2.860565013885498,2.35581125497818,0,0,,,,,,
2017-06-04,3.5910000801086426,0,36.18000030517578,43.40999984741211,143.4600067138672,0.0,3.854128841442781,2.860565013885498,2.35581125497818,0,0,,,,,,
2017-06-05,3.7002499103546143,817376000,36.38999938964844,43.525001525878906,143.42999267578125,3.042323247251688,3.864586527359206,2.881025013923645,2.366668754816055,1,0,,,,,,
2017-06-06,3.683500051498413,758728000,36.43000030517578,43.625,142.86000061035156,-0.4526683132760611,3.8782331861949513,2.90096001625061,2.377323755025864,1,0,,,,,,
2017-06-07,3.7279999256134033,612612000,36.459999084472656,43.95000076293945,143.4199981689453,1.2080866972402626,3.877232516636268,2.921395015716553,2.388181254863739,1,0,,,,,,
2017-06-08,3.998500108718872,1161744000,36.83000183105469,44.52999877929688,143.57000732421875,7.255906343961649,4.009169396309931,2.9475200176239014,2.4003587555885315,1,0,,,,,,
2017-06-09,3.740000009536743,3692928000,35.790000915527344,42.845001220703125,139.97999572753906,-6.464926651332592,4.265734207445655,2.968650016784668,2.411195005774498,1,0,,,,,,
2017-06-10,3.740000009536743,0,35.790000915527344,42.845001220703125,139.97999572753906,0.0,4.265734207445655,2.968650016784668,2.411195005774498,0,0,,,,,,
2017-06-11,3.740000009536743,0,35.790000915527344,42.845001220703125,139.97999572753906,0.0,4.265734207445655,2.968650016784668,2.411195005774498,0,0,,,,,,
2017-06-12,3.7492499351501465,1697532000,35.2400016784668,42.584999084472656,139.22999572753906,0.2473242136314501,4.24379777351569,2.9889350175857543,2.42219875574112,1,0,,,,,,
2017-06-13,3.785000085830689,1672504000,35.560001373291016,42.86000061035156,140.36000061035156,0.9535280735854856,4.240445951085437,3.010170021057129,2.433432506322861,1,0,,,,,,
2017-06-14,3.7929999828338623,1184640000,35.650001525878906,42.4900016784668,139.75,0.2113579081047367,4.170523388621891,3.0318400192260744,2.4446437561512,1,0,,,,,,
2017-06-15,3.8092501163482666,963824000,35.439998626708984,42.09999847412109,139.1300048828125,0.4284242970721941,4.172537076351003,3.057635021209717,2.4559412568807604,1,0,,,,,,
2017-06-16,3.7904999256134033,924960000,35.869998931884766,42.07500076293945,138.14999389648438,-0.4922278706350202,4.174141268181484,3.083430018424988,2.4671900063753127,1,0,,,,,,
2017-06-17,3.7904999256134033,0,35.869998931884766,42.07500076293945,138.14999389648438,0.0,4.174141268181484,3.083430018424988,2.4671900063753127,0,0,,,,,,
2017-06-18,3.7904999256134033,0,35.869998931884766,42.07500076293945,138.14999389648438,0.0,4.174141268181484,3.083430018424988,2.4671900063753127,0,0,,,,,,
2017-06-19,3.933000087738037,778176000,36.209999084472656,42.81999969482422,140.4600067138672,3.759402847147486,4.188766668035495,3.111710019111633,2.479187507033348,1,0,,,,,,
2017-06-20,3.9272499084472656,1095444000,36.130001068115234,42.28499984741211,139.36000061035156,-0.1462033857741018,4.173219354551342,3.1400900173187254,2.4909300065040587,1,0,,,,,,
2017-06-21,3.986749887466431,682652000,36.709999084472656,42.77000045776367,140.74000549316406,1.5150545650579603,4.1655574439873,3.170940012931824,2.5030475062131883,1,0,,,,,,
2017-06-22,3.959249973297119,469132000,36.709999084472656,42.65999984741211,140.6999969482422,-0.6897827790944722,2.827548441875655,3.201065011024475,2.5149537563323974,1,0,,,,,,
2017-06-23,3.845750093460083,1088588000,36.72999954223633,42.834999084472656,141.24000549316406,-2.866701536971094,2.836111877382645,3.2293250131607056,2.52640875697136,1,0,,,,,,
2017-06-24,3.845750093460083,0,36.72999954223633,42.834999084472656,141.24000549316406,0.0,2.836111877382645,3.2293250131607056,2.52640875697136,0,0,,,,,,
2017-06-25,3.845750093460083,0,36.72999954223633,42.834999084472656,141.24000549316406,0.0,2.836111877382645,3.2293250131607056,2.52640875697136,0,0,,,,,,
2017-06-26,3.8037500381469727,1063960000,36.130001068115234,42.66999816894531,140.5800018310547,-1.092116083791661,2.8534629537382035,3.2576550149917605,2.537597507238388,1,0,,,,,,
2017-06-27,3.6644999980926514,999492000,35.09000015258789,41.45000076293945,138.02999877929688,-3.66086200874961,2.831977967124113,3.2813300132751464,2.5484800070524214,1,0,,,,,,
2017-06-28,3.793750047683716,994948000,35.349998474121094,42.04999923706055,140.02000427246094,3.527085541229047,2.8789600801041866,3.307560014724732,2.5598550075292588,1,0,,,,,,
2017-06-29,3.6670000553131104,1064424000,34.810001373291016,41.10499954223633,137.58999633789062,-3.3410211737062934,2.6552760191491123,3.331060013771057,2.570706257820129,1,0,,,,,,
2017-06-30,3.614000082015991,731060000,34.959999084472656,40.93000030517578,137.63999938964844,-1.445322402445226,2.5833873834965497,3.352710013389588,2.581226258277893,1,0,,,,,,
2017-07-01,3.614000082015991,0,34.959999084472656,40.93000030517578,137.63999938964844,0.0,2.5833873834965497,3.352710013389588,2.581226258277893,0,0,,,,,,
2017-07-02,3.614000082015991,0,34.959999084472656,40.93000030517578,137.63999938964844,0.0,2.5833873834965497,3.352710013389588,2.581226258277893,0,0,,,,,,
2017-07-03,3.48324990272522,709072000,34.880001068115234,40.459999084472656,136.19000244140625,-3.617879809726932,2.653866804032584,3.371535010337829,2.590806257724762,1,0,,,,,,
2017-07-04,3.48324990272522,0,34.880001068115234,40.459999084472656,136.19000244140625,0.0,2.653866804032584,3.371535010337829,2.590806257724762,0,0,,,,,,
2017-07-05,3.5762500762939453,820188000,34.81999969482422,41.22999954223633,137.52999877929688,2.6699253905372755,2.669727666955744,3.391585011482239,2.600832508206368,1,0,,,,,,
2017-07-06,3.586999893188477,746284000,34.5,41.05500030517578,136.2899932861328,0.3005890713792425,2.6551621108648003,3.4109550094604493,2.610808757543564,1,0,,,,,,
2017-07-07,3.6689999103546143,654972000,34.630001068115234,41.60499954223633,137.75999450683594,2.28603344320839,2.677678049318304,3.432325005531311,2.621267507076263,1,0,,,,,,
2017-07-08,3.6689999103546143,0,34.630001068115234,41.60499954223633,137.75999450683594,0.0,2.677678049318304,3.432325005531311,2.621267507076263,0,0,,,,,,
2017-07-09,3.6689999103546143,0,34.630001068115234,41.60499954223633,137.75999450683594,0.0,2.677678049318304,3.432325005531311,2.621267507076263,0,0,,,,,,
2017-07-10,3.8424999713897705,958492000,35.0,42.03499984741211,138.66000366210938,4.728810718842103,2.798904975284311,3.456355004310608,2.6323725068569184,1,0,,,,,,
2017-07-11,3.8970000743865967,757956000,35.380001068115234,42.369998931884766,139.0500030517578,1.418350121083134,2.7752602643447646,3.482145004272461,2.6437300074100496,1,0,,,,,,
2017-07-12,4.062749862670898,1145208000,35.689998626708984,42.97999954223633,140.6999969482422,4.253266233524289,2.848144960522589,3.5100800037384032,2.655925006866456,1,0,,,,,,
2017-07-13,4.015749931335449,1369132000,36.150001525878906,42.880001068115234,141.00999450683594,-1.156850235041318,2.8594005007336056,3.5386550045013427,2.667961256504059,1,0,,,,,,
2017-07-14,4.12375020980835,941948000,36.25,43.40999984741211,142.1199951171875,2.6894174268711213,2.8885996096279527,3.569005007743836,2.680262507796288,1,0,,,,,,
2017-07-15,4.12375020980835,0,36.25,43.40999984741211,142.1199951171875,0.0,2.8885996096279527,3.569005007743836,2.680262507796288,0,0,,,,,,
2017-07-16,4.12375020980835,0,36.25,43.40999984741211,142.1199951171875,0.0,2.8885996096279527,3.569005007743836,2.680262507796288,0,0,,,,,,
2017-07-17,4.106249809265137,930792000,35.90999984741211,43.290000915527344,142.19000244140625,-0.4243807130118626,2.8877574597453943,3.599205002784729,2.692446256875992,1,0,,,,,,
2017-07-18,4.14900016784668,776640000,35.869998931884766,43.45500183105469,143.13999938964844,1.0411046713495908,2.8495827824480133,3.6302550077438354,2.704766258001328,1,0,,,,,,
2017-07-19,4.127500057220459,687044000,36.40999984741211,43.8849983215332,143.97999572753906,-0.5181998013121136,2.850300960375443,3.661420006752014,2.7168387579917908,1,0,,,,,,
2017-07-20,4.1875,699596000,36.09999847412109,43.97999954223633,144.1699981689453,1.4536630393155336,2.852995963979945,3.693700008392334,2.7292200082540514,1,0,,,,,,
2017-07-21,4.202499866485596,648332000,35.849998474121094,43.73500061035156,144.11000061035156,0.3582057668201965,2.5450336593246643,3.717105007171631,2.7416950076818467,1,0,,,,,,
2017-07-22,4.202499866485596,0,35.849998474121094,43.73500061035156,144.11000061035156,0.0,2.5450336593246643,3.717105007171631,2.7416950076818467,0,0,,,,,,
2017-07-23,4.202499866485596,0,35.849998474121094,43.73500061035156,144.11000061035156,0.0,2.5450336593246643,3.717105007171631,2.7416950076818467,0,0,,,,,,
2017-07-24,4.153749942779541,652524000,36.220001220703125,43.595001220703125,144.77000427246094,-1.1600220167721886,2.2310932774069507,3.7369300079345695,2.7539350074529647,1,0,,,,,,
2017-07-25,4.133749961853027,496556000,36.09999847412109,43.47499847412109,144.39999389648438,-0.4814921745898481,2.236485374507183,3.755660009384156,2.7661862570047377,1,0,,,,,,
2017-07-26,4.18149995803833,640404000,36.220001220703125,43.935001373291016,144.8699951171875,1.1551254097598609,2.238662998488574,3.772135009765625,2.778737506866455,1,0,,,,,,
2017-07-27,4.043499946594238,782856000,36.18000030517578,43.380001068115234,143.9600067138672,-3.3002514128645744,2.336208850341393,3.784600009918213,2.7905675065517426,1,0,,,,,,
2017-07-28,4.109749794006348,513348000,35.86000061035156,43.17499923706055,143.83999633789062,1.6384282994218902,2.3499837901950373,3.802935004234314,2.8028500056266785,1,0,,,,,,
2017-07-29,4.109749794006348,0,35.86000061035156,43.17499923706055,143.83999633789062,0.0,2.3499837901950373,3.802935004234314,2.8028500056266785,0,0,,,,,,
2017-07-30,4.109749794006348,0,35.86000061035156,43.17499923706055,143.83999633789062,0.0,2.3499837901950373,3.802935004234314,2.8028500056266785,0,0,,,,,,
2017-07-31,4.062749862670898,559672000,35.959999084472656,42.91999816894531,143.22999572753906,-1.1436202613598012,2.36035178225229,3.8176550006866456,2.814860004782677,1,0,,,,,,
2017-08-01,4.112249851226807,431384000,35.84000015258789,43.10499954223633,143.55999755859375,1.2183863203275358,2.2744116543839565,3.831899995803833,2.8272525042295458,1,0,,,,,,
2017-08-02,4.109749794006348,478444000,36.06999969482422,42.869998931884766,143.9499969482422,-0.0607953629012336,2.274050938449124,3.844644989967346,2.8395525032281874,1,0,,,,,,
2017-08-03,4.162000179290772,442420000,35.790000915527344,42.720001220703125,143.38999938964844,1.2713763100767217,2.2695355374744315,3.859369993209839,2.852161254286766,1,0,,,,,,
2017-08-04,4.18025016784668,589096000,36.02999877929688,42.845001220703125,143.64999389648438,0.4384908161877643,2.264166956454165,3.873689994812012,2.864736255407333,1,0,,,,,,
2017-08-05,4.18025016784668,0,36.02999877929688,42.845001220703125,143.64999389648438,0.0,2.264166956454165,3.873689994812012,2.864736255407333,0,0,,,,,,
2017-08-06,4.18025016784668,0,36.02999877929688,42.845001220703125,143.64999389648438,0.0,2.264166956454165,3.873689994812012,2.864736255407333,0,0,,,,,,
2017-08-07,4.308750152587891,717412000,36.790000915527344,43.59999847412109,144.55999755859375,3.0739783405691057,2.245877614888357,3.890734996795654,2.8779712563753126,1,0,,,,,,
2017-08-08,4.257500171661377,755336000,36.70000076293945,43.470001220703125,144.30999755859375,-1.1894396080434633,2.2481823198039894,3.904965000152588,2.890792507529259,1,0,,,,,,
2017-08-09,4.302750110626221,530784000,36.459999084472656,43.3849983215332,144.1199951171875,1.0628288230270622,2.1154065038747327,3.918585000038147,2.90386375784874,1,0,,,,,,
2017-08-10,4.118500232696533,1328088000,35.34000015258789,42.19499969482422,141.02999877929688,-4.282142192609739,2.215580539004924,3.928780002593994,2.915617508888245,1,0,,,,,,
2017-08-11,3.8989999294281006,1497196000,36.13999938964844,42.584999084472656,142.10000610351562,-5.329617357450478,2.353650472328352,3.934580001831055,2.9261287587881086,1,0,,,,,,
2017-08-12,3.8989999294281006,0,36.13999938964844,42.584999084472656,142.10000610351562,0.0,2.353650472328352,3.934580001831055,2.9261287587881086,0,0,,,,,,
2017-08-13,3.8989999294281006,0,36.13999938964844,42.584999084472656,142.10000610351562,0.0,2.353650472328352,3.934580001831055,2.9261287587881086,0,0,,,,,,
2017-08-14,4.210000038146973,1279020000,36.04999923706055,43.42499923706055,143.92999267578125,7.9764071389580415,2.72195080445533,3.946960000991821,2.938158758878708,1,0,,,,,,
2017-08-15,4.174499988555908,764532000,36.41999816894531,43.584999084472656,144.02999877929688,-0.8432315740949492,2.6208633880674466,3.956445002555847,2.950196259021759,1,0,,,,,,
2017-08-16,4.128749847412109,596632000,36.34000015258789,43.67499923706055,144.27999877929688,-1.095943017588208,2.610357518929854,3.965349998474121,2.962020007967949,1,0,,,,,,
2017-08-17,4.036749839782715,525444000,35.790000915527344,42.63999938964844,141.3300018310547,-2.2282775907835672,2.6578406734851314,3.9715249967575073,2.9733087569475174,1,0,,,,,,
2017-08-18,4.037499904632568,601204000,35.86000061035156,42.73500061035156,141.22999572753906,0.0185809098810496,2.635335512372987,3.972304992675781,2.98486500620842,1,0,,,,,,
2017-08-19,4.037499904632568,0,35.86000061035156,42.73500061035156,141.22999572753906,0.0,2.635335512372987,3.972304992675781,2.98486500620842,0,0,,,,,,
2017-08-20,4.037499904632568,0,35.86000061035156,42.73500061035156,141.22999572753906,0.0,2.635335512372987,3.972304992675781,2.98486500620842,0,0,,,,,,
2017-08-21,3.978749990463257,623672000,35.97999954223633,42.57500076293945,141.0500030517578,-1.4551062676658622,2.5205938393488414,3.977079992294312,2.996163756251335,1,0,,,,,,
2017-08-22,4.06374979019165,450456000,36.52000045776367,43.14500045776367,143.1999969482422,2.136344327543349,2.536444324712096,3.9833699893951415,3.007987505197525,1,0,,,,,,
2017-08-23,4.144999980926514,579520000,36.58000183105469,43.23500061035156,142.69000244140625,1.9993896014703028,2.443003063470664,3.990569987297058,3.020266255140305,1,0,,,,,,
2017-08-24,4.129749774932861,469700000,36.83000183105469,43.22999954223633,142.27000427246094,-0.3679181197545733,2.433285151070903,3.997304983139038,3.032006254196167,1,0,,,,,,
2017-08-25,4.095250129699707,357200000,36.84999847412109,43.095001220703125,141.97000122070312,-0.8353931137078385,2.3897352451476936,4.003024983406067,3.04358750462532,1,0,,,,,,
2017-08-26,4.095250129699707,0,36.84999847412109,43.095001220703125,141.97000122070312,0.0,2.3897352451476936,4.003024983406067,3.04358750462532,0,0,,,,,,
2017-08-27,4.095250129699707,0,36.84999847412109,43.095001220703125,141.97000122070312,0.0,2.3897352451476936,4.003024983406067,3.04358750462532,0,0,,,,,,
2017-08-28,4.1242499351501465,389496000,36.77000045776367,43.220001220703125,142.41000366210938,0.7081327033024554,2.391675595513846,4.009699983596802,3.0554637545347214,1,0,,,,,,
2017-08-29,4.117499828338623,324096000,36.880001068115234,43.34000015258789,142.97000122070312,-0.1636687135276093,2.3844241580853933,4.013389978408814,3.067580003738404,1,0,,,,,,
2017-08-30,4.142000198364258,384400000,36.93000030517578,43.94499969482422,144.64999389648438,0.5950302622239612,2.384714796167481,4.017684984207153,3.0772937548160555,1,0,,,,,,
2017-08-31,4.236000061035156,612684000,36.970001220703125,44.290000915527344,146.1999969482422,2.2694316313171647,2.4059594470617465,4.022669987678528,3.088018754720688,1,0,,,,,,
2017-09-01,4.261499881744385,445432000,37.220001220703125,44.5,146.0,0.6019787616102334,2.407391211071097,4.028714985847473,3.0985525035858155,1,0,,,,,,
2017-09-02,4.261499881744385,0,37.220001220703125,44.5,146.0,0.0,2.407391211071097,4.028714985847473,3.0985525035858155,0,0,,,,,,
2017-09-03,4.261499881744385,0,37.220001220703125,44.5,146.0,0.0,2.407391211071097,4.028714985847473,3.0985525035858155,0,0,,,,,,
2017-09-04,4.261499881744385,0,37.220001220703125,44.5,146.0,0.0,2.407391211071097,4.028714985847473,3.0985525035858155,0,0,,,,,,
2017-09-05,4.147749900817871,695364000,36.84999847412109,43.935001373291016,144.69000244140625,-2.6692475438941377,2.449474367241601,4.034754981994629,3.1078375029563903,1,0,,,,,,
2017-09-06,4.145249843597412,397672000,37.27000045776367,44.09000015258789,145.1300048828125,-0.0602750233317128,2.4476839451180874,4.0415849781036375,3.1170150017738343,1,0,,,,,,
2017-09-07,4.164500236511231,352868000,37.540000915527344,44.2599983215332,145.47000122070312,0.4643964450912863,2.4400497345342296,4.05158498287201,3.126167502403259,1,0,,,,,,
2017-09-08,4.092249870300293,498856000,37.5,43.77999877929688,144.2100067138672,-1.7349108442232808,2.382777576694354,4.05755497932434,3.135006251335144,1,0,,,,,,
2017-09-09,4.092249870300293,0,37.5,43.77999877929688,144.2100067138672,0.0,2.382777576694354,4.05755497932434,3.135006251335144,0,0,,,,,,
2017-09-10,4.092249870300293,0,37.5,43.77999877929688,144.2100067138672,0.0,2.382777576694354,4.05755497932434,3.135006251335144,0,0,,,,,,
2017-09-11,4.224999904632568,567444000,37.84000015258789,44.57500076293945,145.8699951171875,3.2439376514057816,2.4367055179891106,4.06871497631073,3.144425001144409,1,0,,,,,,
2017-09-12,4.240250110626221,411488000,37.86000061035156,44.744998931884766,146.22000122070312,0.3609516292989889,2.425243870636218,4.081239976882935,3.153880001306534,1,0,,,,,,
2017-09-13,4.259250164031982,580960000,37.52999877929688,44.755001068115234,146.4199981689453,0.4480880351408256,2.417836617545156,4.09675998210907,3.16340625166893,1,0,,,,,,
2017-09-14,4.235000133514404,513712000,37.380001068115234,44.95000076293945,145.55999755859375,-0.5693497583767693,2.421110608551776,4.109934983253479,3.1728175020217897,1,0,,,,,,
2017-09-15,4.502749919891357,1364792000,37.650001525878906,45.54499816894531,146.05999755859375,6.322308806039212,2.6665336646235884,4.128249983787537,3.183675001859665,1,0,,,,,,
2017-09-16,4.502749919891357,0,37.650001525878906,45.54499816894531,146.05999755859375,0.0,2.6665336646235884,4.128249983787537,3.183675001859665,0,0,,,,,,
2017-09-17,4.502749919891357,0,37.650001525878906,45.54499816894531,146.05999755859375,0.0,2.6665336646235884,4.128249983787537,3.183675001859665,0,0,,,,,,
2017-09-18,4.68874979019165,1684460000,38.06999969482422,46.18000030517578,145.5500030517578,4.130806143122001,2.756989664691811,4.148644981384277,3.195593750476837,1,0,,,,,,
2017-09-19,4.683750152587891,874280000,38.29999923706055,46.29999923706055,145.8000030517578,-0.1066305055180905,2.7121868537075966,4.16546998500824,3.2080575013160706,1,0,,,,,,
2017-09-20,4.645999908447266,724920000,37.81999969482422,45.685001373291016,145.35000610351562,-0.8059833020718887,2.705755165998382,4.180449981689453,3.2202312505245207,1,0,,,,,,
2017-09-21,4.519000053405762,1075600000,38.2400016784668,45.59999847412109,144.4600067138672,-2.7335311567827425,2.758387743178102,4.189574985504151,3.2313412511348725,1,0,,,,,,
2017-09-22,4.474999904632568,491232000,37.77000045776367,45.78499984741211,144.32000732421875,-0.9736700210931092,2.6364593684586994,4.198759984970093,3.242042500972748,1,0,,,,,,
2017-09-23,4.474999904632568,0,37.77000045776367,45.78499984741211,144.32000732421875,0.0,2.6364593684586994,4.198759984970093,3.242042500972748,0,0,,,,,,
2017-09-24,4.474999904632568,0,37.77000045776367,45.78499984741211,144.32000732421875,0.0,2.6364593684586994,4.198759984970093,3.242042500972748,0,0,,,,,,
2017-09-25,4.275000095367432,874580000,37.06999969482422,44.8650016784668,142.8000030517578,-4.469269576030488,2.5770064744507617,4.201784982681274,3.251533751487732,1,0,,,,,,
2017-09-26,4.298999786376953,1125620000,37.13999938964844,44.91999816894531,143.1699981689453,0.561396268400749,2.1372828486410502,4.205639982223511,3.2613437509536745,1,0,,,,,,
2017-09-27,4.393249988555908,713720000,37.25,45.935001373291016,144.4600067138672,2.192375130550684,2.1631990157621006,4.210524978637696,3.271832500696182,1,0,,,,,,
2017-09-28,4.392000198364258,435244000,37.04999923706055,46.22999954223633,144.41000366210938,-0.0284479643750334,2.15000864938172,4.215814981460571,3.282593752145768,1,0,,,,,,
2017-09-29,4.469250202178955,619092000,37.54999923706055,46.65999984741211,145.4499969482422,1.7588797888367091,2.115875210157853,4.22144998550415,3.2935437536239625,1,0,,,,,,
2017-09-30,4.469250202178955,0,37.54999923706055,46.65999984741211,145.4499969482422,0.0,2.115875210157853,4.22144998550415,3.2935437536239625,0,0,,,,,,
2017-10-01,4.469250202178955,0,37.54999923706055,46.65999984741211,145.4499969482422,0.0,2.115875210157853,4.22144998550415,3.2935437536239625,0,0,,,,,,
2017-10-02,4.474999904632568,503480000,38.130001068115234,46.970001220703125,145.5800018310547,0.128650270034325,2.1153558245305253,4.22689998626709,3.303862502574921,1,0,,,,,,
2017-10-03,4.484250068664551,390332000,38.43999862670898,47.125,145.88999938964844,0.2067075805388674,2.087628068945539,4.23350998878479,3.313945002555847,1,0,,,,,,
2017-10-04,4.521749973297119,427848000,38.27000045776367,47.19499969482422,146.02999877929688,0.8362581046631012,2.06413997036502,4.241269989013672,3.324002501964569,1,0,,,,,,
2017-10-05,4.51924991607666,437364000,38.459999084472656,47.244998931884766,147.4600067138672,-0.0552895944097464,2.0424258850943136,4.248024988174438,3.333895001411438,1,0,,,,,,
2017-10-06,4.53249979019165,318800000,38.459999084472656,47.435001373291016,147.66000366210938,0.2931874616594054,2.0384383213800907,4.257804985046387,3.343411250114441,1,0,,,,,,
2017-10-07,4.53249979019165,0,38.459999084472656,47.435001373291016,147.66000366210938,0.0,2.0384383213800907,4.257804985046387,3.343411250114441,0,0,,,,,,
2017-10-08,4.53249979019165,0,38.459999084472656,47.435001373291016,147.66000366210938,0.0,2.0384383213800907,4.257804985046387,3.343411250114441,0,0,,,,,,
2017-10-09,4.634749889373779,563492000,38.77000045776367,47.77999877929688,147.49000549316406,2.2559316914564143,2.0555287030070883,4.268304986953735,3.353356249332428,1,0,,,,,,
2017-10-10,4.723249912261963,974876000,38.970001220703125,48.025001525878906,147.60000610351562,1.909488645570501,2.072691951140217,4.281514987945557,3.3635837483406066,1,0,,,,,,
2017-10-11,4.773499965667725,529508000,40.34999847412109,48.3650016784668,148.0399932861328,1.0638872458412107,2.0717931463895365,4.294739990234375,3.373728748559952,1,0,,,,,,
2017-10-12,4.775750160217285,528292000,40.43999862670898,48.26499938964844,147.77000427246094,0.0471393016810317,2.0734735919040603,4.308059997558594,3.382942498922348,1,0,,,,,,
2017-10-13,4.864749908447266,628728000,40.81999969482422,48.595001220703125,148.33999633789062,1.8635763020302447,2.0628023517027034,4.322114992141724,3.393609998226166,1,0,,,,,,
2017-10-14,4.864749908447266,0,40.81999969482422,48.595001220703125,148.33999633789062,0.0,2.0628023517027034,4.322114992141724,3.393609998226166,0,0,,,,,,
2017-10-15,4.864749908447266,0,40.81999969482422,48.595001220703125,148.33999633789062,0.0,2.0628023517027034,4.322114992141724,3.393609998226166,0,0,,,,,,
2017-10-16,4.948249816894531,576640000,40.88999938964844,48.85499954223633,148.85000610351562,1.7164275660352946,2.0750216889974613,4.337474985122681,3.4044224977493287,1,0,,,,,,
2017-10-17,4.943749904632568,478596000,41.25,48.845001220703125,149.0399932861328,-0.0909394721058554,1.9900309599389547,4.350174980163574,3.41579874753952,1,0,,,,,,
2017-10-18,4.939499855041504,567316000,41.5,49.025001525878906,148.86000061035156,-0.0859681349795193,1.9903330359595213,4.363814973831177,3.427744996547699,1,0,,,,,,
2017-10-19,4.945000171661377,570772000,41.06999969482422,48.92499923706055,148.30999755859375,0.1113537155843724,1.9922359158256435,4.37665997505188,3.439421247243881,1,0,,,,,,
2017-10-20,4.922500133514404,451620000,41.119998931884766,49.18999862670898,148.7100067138672,-0.4550058112417265,1.953997038293089,4.392739973068237,3.451316248178482,1,0,,,,,,
2017-10-21,4.922500133514404,0,41.119998931884766,49.18999862670898,148.7100067138672,0.0,1.953997038293089,4.392739973068237,3.451316248178482,0,0,,,,,,
2017-10-22,4.922500133514404,0,41.119998931884766,49.18999862670898,148.7100067138672,0.0,1.953997038293089,4.392739973068237,3.451316248178482,0,0,,,,,,
2017-10-23,4.915500164031982,428696000,41.209999084472656,49.375,147.74000549316406,-0.1422035407325439,1.895061410378544,4.413069977760315,3.4630062484741213,1,0,,,,,,
2017-10-24,4.9670000076293945,407244000,41.31999969482422,49.67499923706055,147.99000549316406,1.047703018591073,1.897182628878423,4.4282099771499634,3.4744312489032745,1,0,,,,,,
2017-10-25,4.84149980545044,828160000,41.15999984741211,49.04499816894531,147.42999267578125,-2.526680128572268,1.978471512763304,4.441549973487854,3.4853299975395204,1,0,,,,,,
2017-10-26,4.892250061035156,322744000,41.20000076293945,49.310001373291016,146.9600067138672,1.0482341758556668,1.971855208531144,4.456819977760315,3.4966462481021883,1,0,,,,,,
2017-10-27,5.046500205993652,572192000,42.150001525878906,50.29999923706055,151.24000549316406,3.152948909685493,1.7177228107227491,4.4770149850845335,3.508948749303818,1,0,,,,,,
2017-10-28,5.046500205993652,0,42.150001525878906,50.29999923706055,151.24000549316406,0.0,1.7177228107227491,4.4770149850845335,3.508948749303818,0,0,,,,,,
2017-10-29,5.046500205993652,0,42.150001525878906,50.29999923706055,151.24000549316406,0.0,1.7177228107227491,4.4770149850845335,3.508948749303818,0,0,,,,,,
2017-10-30,5.0960001945495605,504056000,42.130001068115234,50.31999969482422,151.5800018310547,0.9808775693126436,1.5715479707164863,4.498184990882874,3.521499999761581,1,0,,,,,,
2017-10-31,5.170249938964844,411908000,42.33000183105469,50.80500030517578,152.14999389648438,1.4570200467161951,1.5838201452657108,4.522014989852905,3.534712499380112,1,0,,,,,,
2017-11-01,5.179999828338623,502576000,42.09999847412109,50.66999816894531,152.10000610351562,0.1885767513926328,1.5693010479323266,4.544339990615844,3.5477437484264374,1,0,,,,,,
2017-11-02,5.148499965667725,342308000,42.150001525878906,50.90999984741211,151.80999755859375,-0.608105477119314,1.4688730678955555,4.5644099903106685,3.560341248512268,1,0,,,,,,
2017-11-03,5.217249870300293,353640000,42.18999862670898,51.470001220703125,153.27000427246094,1.335338546975251,1.452311137088464,4.586159992218017,3.5734262478351595,1,0,,,,,,
2017-11-04,5.217249870300293,0,42.18999862670898,51.470001220703125,153.27000427246094,0.0,1.452311137088464,4.586159992218017,3.5734262478351595,0,0,,,,,,
2017-11-05,5.217249870300293,0,42.18999862670898,51.470001220703125,153.27000427246094,0.0,1.452311137088464,4.586159992218017,3.5734262478351595,0,0,,,,,,
2017-11-06,5.240749835968018,389944000,42.43000030517578,52.1349983215332,153.7899932861328,0.4504282189262243,1.1054944907194495,4.609069986343384,3.586493747234345,1,0,,,,,,
2017-11-07,5.300749778747559,427700000,42.5099983215332,52.02999877929688,153.8800048828125,1.1448732463387843,1.1083352180770225,4.632599983215332,3.599581246376037,1,0,,,,,,
2017-11-08,5.229000091552734,522988000,42.43000030517578,52.150001525878906,154.5,-1.353576195625994,1.1332177347591128,4.654829988479614,3.612252496480942,1,0,,,,,,
2017-11-09,5.132999897003174,978564000,41.63999938964844,51.1349983215332,153.69000244140625,-1.8359187773709484,1.212423116935864,4.674649982452393,3.624211245775223,1,0,,,,,,
2017-11-10,5.403500080108643,1253256000,41.720001220703125,51.43000030517578,153.67999267578125,5.269826388724375,1.4760991912758927,4.697999982833863,3.637257496118545,1,0,,,,,,
2017-11-11,5.403500080108643,0,41.720001220703125,51.43000030517578,153.67999267578125,0.0,1.4760991912758927,4.697999982833863,3.637257496118545,0,0,,,,,,
2017-11-12,5.403500080108643,0,41.720001220703125,51.43000030517578,153.67999267578125,0.0,1.4760991912758927,4.697999982833863,3.637257496118545,0,0,,,,,,
2017-11-13,5.3157501220703125,582376000,42.0099983215332,51.64500045776367,153.8699951171875,-1.6239466408329517,1.5309098697304042,4.719084987640381,3.650083746910095,1,0,,,,,,
2017-11-14,5.354499816894531,529292000,41.86000061035156,51.64500045776367,153.30999755859375,0.7289600514391203,1.529408020240924,4.743219985961914,3.6632087457180025,1,0,,,,,,
2017-11-15,5.249499797821045,501948000,41.540000915527344,51.165000915527344,152.58999633789062,-1.960967833861716,1.5984766389102194,4.765304985046387,3.675212494134903,1,0,,,,,,
2017-11-16,5.290249824523926,441768000,42.09999847412109,52.435001373291016,154.5399932861328,0.7762649447056846,1.595527023819581,4.787819976806641,3.6872399938106537,1,0,,,,,,
2017-11-17,5.283999919891357,515664000,42.06999969482422,51.625,153.9499969482422,-0.1181400659680753,1.5994713417334978,4.811654977798462,3.699362493753433,1,0,,,,,,
2017-11-18,5.283999919891357,0,42.06999969482422,51.625,153.9499969482422,0.0,1.5994713417334978,4.811654977798462,3.699362493753433,0,0,,,,,,
2017-11-19,5.283999919891357,0,42.06999969482422,51.625,153.9499969482422,0.0,1.5994713417334978,4.811654977798462,3.699362493753433,0,0,,,,,,
2017-11-20,5.352000236511231,396100000,42.209999084472656,52.25,153.8300018310547,1.2869098722709804,1.5728719937452509,4.834194984436035,3.7114587450027465,1,0,,,,,,
2017-11-21,5.401249885559082,399176000,42.58000183105469,52.78499984741211,155.5,0.9202101433380294,1.552379072722459,4.857414979934692,3.723573744297028,1,0,,,,,,
2017-11-22,5.3732500076293945,356640000,42.40999984741211,52.43999862670898,155.69000244140625,-0.5183962698068978,1.5580106548438737,4.879694976806641,3.7356137442588806,1,0,,,,,,
2017-11-23,5.3732500076293945,0,42.40999984741211,52.43999862670898,155.69000244140625,0.0,1.5580106548438737,4.879694976806641,3.7356137442588806,0,0,,,,,,
2017-11-24,5.423999786376953,180752000,42.9900016784668,52.8849983215332,156.25999450683594,0.944489437035312,1.559478946593395,4.903474969863892,3.748186243772506,1,0,,,,,,
2017-11-25,5.423999786376953,0,42.9900016784668,52.8849983215332,156.25999450683594,0.0,1.559478946593395,4.903474969863892,3.748186243772506,0,0,,,,,,
2017-11-26,5.423999786376953,0,42.9900016784668,52.8849983215332,156.25999450683594,0.0,1.559478946593395,4.903474969863892,3.748186243772506,0,0,,,,,,
2017-11-27,5.353499889373779,422896000,41.09000015258789,52.06499862670898,156.19000244140625,-1.2997769133443415,1.5666100847437685,4.92048996925354,3.7607512426376335,1,0,,,,,,
2017-11-28,5.267749786376953,512752000,40.93000030517578,52.02000045776367,156.58999633789062,-1.6017578176667713,1.5825042565024965,4.932069969177246,3.773542491197586,1,0,,,,,,
2017-11-29,4.9105000495910645,1396788000,39.40999984741211,49.81499862670898,153.86000061035156,-6.781828129152611,2.034800799833095,4.93660496711731,3.784497491121292,1,0,,,,,,
2017-11-30,5.017749786376953,823768000,39.59999847412109,50.125,155.14999389648438,2.1840899236895472,2.0734232105214763,4.944039964675904,3.795961240530014,1,0,,,,,,
2017-12-01,4.941999912261963,811548000,39.70000076293945,49.68999862670898,154.49000549316406,-1.5096383307244388,2.0934247778899286,4.952499961853027,3.807264989614487,1,0,,,,,,
2017-12-02,4.941999912261963,0,39.70000076293945,49.68999862670898,154.49000549316406,0.0,2.0934247778899286,4.952499961853027,3.807264989614487,0,0,,,,,,
2017-12-03,4.941999912261963,0,39.70000076293945,49.68999862670898,154.49000549316406,0.0,2.0934247778899286,4.952499961853027,3.807264989614487,0,0,,,,,,
2017-12-04,4.666500091552734,1240844000,39.38999938964844,48.6349983215332,152.7100067138672,-5.574662598145041,2.328865082609468,4.956329965591431,3.817193740606308,1,0,,,,,,
2017-12-05,4.69350004196167,981488000,39.20000076293945,48.6349983215332,152.80999755859375,0.5785910185196474,2.3326771454412616,4.964699964523316,3.826777490377426,1,0,,,,,,
2017-12-06,4.731500148773193,467032000,38.68000030517578,48.744998931884766,153.5,0.8096326083261607,2.3289440679738025,4.97334997177124,3.836589990854263,1,0,,,,,,
2017-12-07,4.799749851226807,542600000,39.0099983215332,49.22499847412109,154.02000427246094,1.4424537738059628,2.300975403419629,4.981479969024658,3.8480274903774254,1,0,,,,,,
2017-12-08,4.78725004196167,466876000,39.0,49.0,154.6999969482422,-0.2604262649634092,2.292750927465741,4.989384965896607,3.859281240701675,1,0,,,,,,
2017-12-09,4.78725004196167,0,39.0,49.0,154.6999969482422,0.0,2.292750927465741,4.989384965896607,3.859281240701675,0,0,,,,,,
2017-12-10,4.78725004196167,0,39.0,49.0,154.6999969482422,0.0,2.292750927465741,4.989384965896607,3.859281240701675,0,0,,,,,,
2017-12-11,4.866499900817871,372748000,39.369998931884766,49.29999923706055,155.89999389648438,1.6554359634769922,2.236297694429064,4.9973299598693846,3.870562490224838,1,0,,,,,,
2017-12-12,4.770999908447266,455016000,39.29999923706055,48.81499862670898,155.69000244140625,-1.962395855685839,2.251912730473058,5.003249959945679,3.8817324900627135,1,0,,,,,,
2017-12-13,4.6545000076293945,554280000,39.290000915527344,48.845001220703125,155.99000549316406,-2.44183406106554,2.2657733240139617,5.006654958724976,3.892156239748001,1,0,,,,,,
2017-12-14,4.661749839782715,438164000,39.400001525878906,48.82500076293945,155.8800048828125,0.1557596335038491,2.265524974918093,5.009454956054688,3.903089989423752,1,0,,,,,,
2017-12-15,4.789000034332275,670036000,39.5,49.625,157.64999389648438,2.729665874895848,2.332151632170464,5.014849958419799,3.914731239080429,1,0,,,,,,
2017-12-16,4.789000034332275,0,39.5,49.625,157.64999389648438,0.0,2.332151632170464,5.014849958419799,3.914731239080429,0,0,,,,,,
2017-12-17,4.789000034332275,0,39.5,49.625,157.64999389648438,0.0,2.332151632170464,5.014849958419799,3.914731239080429,0,0,,,,,,
2017-12-18,4.947500228881836,477704000,39.400001525878906,49.790000915527344,158.63999938964844,3.30967202784036,2.404136147287345,5.023149967193604,3.927259989976883,1,0,,,,,,
2017-12-19,4.902750015258789,373100000,39.34000015258789,49.76499938964844,157.6999969482422,-0.9045014967722588,2.4052226653490387,5.028509969711304,3.939431240558625,1,0,,,,,,
2017-12-20,4.920000076293945,288820000,39.43999862670898,50.09000015258789,157.52999877929688,0.3518445970418504,2.394337191618595,5.032444972991943,3.9517112410068513,1,0,,,,,,
2017-12-21,4.897250175476074,300904000,39.22999954223633,49.560001373291016,157.5500030517578,-0.4623963509164719,2.385301180824966,5.03491997718811,3.963879991769791,1,0,,,,,,
2017-12-22,4.881750106811523,466276000,39.630001068115234,49.58000183105469,157.3699951171875,-0.3165055512616144,2.365203831546948,5.037039976119996,3.975898742675781,1,0,,,,,,
2017-12-23,4.881750106811523,0,39.630001068115234,49.58000183105469,157.3699951171875,0.0,2.365203831546948,5.037039976119996,3.975898742675781,0,0,,,,,,
2017-12-24,4.881750106811523,0,39.630001068115234,49.58000183105469,157.3699951171875,0.0,2.365203831546948,5.037039976119996,3.975898742675781,0,0,,,,,,
2017-12-25,4.881750106811523,0,39.630001068115234,49.58000183105469,157.3699951171875,0.0,2.365203831546948,5.037039976119996,3.975898742675781,0,0,,,,,,
2017-12-26,4.935999870300293,355080000,38.95000076293945,49.02000045776367,156.52000427246094,1.1112769458042182,2.1492287771275613,5.038464975357056,3.987847491502762,1,0,,,,,,
2017-12-27,4.9292497634887695,329488000,39.08000183105469,49.18000030517578,156.5399932861328,-0.1367525727084872,2.134221823145723,5.038084974288941,3.999771239757538,1,0,,,,,,
2017-12-28,4.934999942779541,240248000,39.7400016784668,49.36000061035156,156.72999572753906,0.1166542489561717,2.1276641590562697,5.03790997505188,4.011627489328385,1,0,,,,,,
2017-12-29,4.837500095367432,279964000,39.650001525878906,48.90499877929688,155.75999450683594,-1.9756808215319777,2.128073980461325,5.035869979858399,4.022838740348816,1,0,,,,,,
2017-12-30,4.837500095367432,0,39.650001525878906,48.90499877929688,155.75999450683594,0.0,2.128073980461325,5.035869979858399,4.022838740348816,0,0,,,,,,
2017-12-31,4.837500095367432,0,39.650001525878906,48.90499877929688,155.75999450683594,0.0,2.128073980461325,5.035869979858399,4.022838740348816,0,0,,,,,,
2018-01-01,4.837500095367432,0,39.650001525878906,48.90499877929688,155.75999450683594,0.0,2.128073980461325,5.035869979858399,4.022838740348816,0,0,,,,,,
2018-01-02,4.983749866485596,355616000,41.02000045776367,50.185001373291016,158.49000549316406,3.0232510229450504,2.2036308940829947,5.036644973754883,4.0344987392425535,1,0,,,,,,
2018-01-03,5.3117499351501465,914704000,41.709999084472656,50.89500045776367,160.02999877929688,6.581391070010656,2.5255303681640693,5.044429969787598,4.047376239299775,1,0,,,,,,
2018-01-04,5.339749813079834,583268000,41.4900016784668,51.15499877929688,160.30999755859375,0.5271309506571509,2.516476605167915,5.052914962768555,4.060836238861084,1,0,,,,,,
2018-01-05,5.385000228881836,580124000,42.459999084472656,51.48500061035156,161.9199981689453,0.8474257668619645,2.5156168783987622,5.061274967193604,4.074252489805222,1,0,,,,,,
2018-01-06,5.385000228881836,0,42.459999084472656,51.48500061035156,161.9199981689453,0.0,2.5156168783987622,5.061274967193604,4.074252489805222,0,0,,,,,,
2018-01-07,5.385000228881836,0,42.459999084472656,51.48500061035156,161.9199981689453,0.0,2.5156168783987622,5.061274967193604,4.074252489805222,0,0,,,,,,
2018-01-08,5.550000190734863,881216000,42.43999862670898,51.84000015258789,162.5500030517578,3.064066013740696,2.573504797704492,5.075444974899292,4.088616241216659,1,0,,,,,,
2018-01-09,5.548500061035156,497000000,42.18000030517578,51.35499954223633,162.55999755859375,-0.0270293630297735,2.56914327616782,5.088569974899292,4.102924991846084,1,0,,,,,,
2018-01-10,5.5920000076293945,582664000,41.29999923706055,50.67499923706055,162.17999267578125,0.7839947033563277,2.5579205258341378,5.0994799709320064,4.11735374212265,1,0,,,,,,
2018-01-11,5.602000236511231,406032000,41.02999877929688,50.915000915527344,163.2899932861328,0.1788309883439254,2.5357803911529406,5.109599971771241,4.131902493238449,1,0,,,,,,
2018-01-12,5.57450008392334,359916000,41.18999862670898,51.17499923706055,164.49000549316406,-0.4908988116183455,2.168959823251672,5.11768497467041,4.146357493400574,1,0,,,,,,
2018-01-13,5.57450008392334,0,41.18999862670898,51.17499923706055,164.49000549316406,0.0,2.168959823251672,5.11768497467041,4.146357493400574,0,0,,,,,,
2018-01-14,5.57450008392334,0,41.18999862670898,51.17499923706055,164.49000549316406,0.0,2.168959823251672,5.11768497467041,4.146357493400574,0,0,,,,,,
2018-01-15,5.57450008392334,0,41.18999862670898,51.17499923706055,164.49000549316406,0.0,2.168959823251672,5.11768497467041,4.146357493400574,0,0,,,,,,
2018-01-16,5.502749919891357,702348000,42.22999954223633,51.40999984741211,164.02000427246094,-1.2871138748191455,2.165642807268207,5.124139976501465,4.160196243524552,1,0,,,,,,
2018-01-17,5.618000030517578,538408000,43.130001068115234,52.94499969482422,165.7899932861328,2.0944093826545496,2.159996895130391,5.133529977798462,4.174669994115829,1,0,,,,,,
2018-01-18,5.611000061035156,408632000,44.56999969482422,53.334999084472656,165.82000732421875,-0.124598957714439,1.841455327991545,5.141404981613159,4.189177494049073,1,0,,,,,,
2018-01-19,5.752749919891357,609380000,44.66999816894531,53.3849983215332,166.33999633789062,2.5262851062961778,1.8735482937991064,5.151644983291626,4.205343743562699,1,0,,,,,,
2018-01-20,5.752749919891357,0,44.66999816894531,53.3849983215332,166.33999633789062,0.0,1.8735482937991064,5.151644983291626,4.205343743562699,0,0,,,,,,
2018-01-21,5.752749919891357,0,44.66999816894531,53.3849983215332,166.33999633789062,0.0,1.8735482937991064,5.151644983291626,4.205343743562699,0,0,,,,,,
2018-01-22,5.842249870300293,550944000,46.380001068115234,53.90999984741211,168.1199951171875,1.5557768311720066,1.880032252951206,5.162474985122681,4.22205124258995,1,0,,,,,,
2018-01-23,5.972750186920166,475228000,46.27999877929688,54.2599983215332,169.50999450683594,2.233733912739422,1.8959690274157168,5.17734998703003,4.2393199932575225,1,0,,,,,,
2018-01-24,5.894999980926514,579972000,45.33000183105469,53.15999984741211,168.41000366210938,-1.3017488353006756,1.9243969332684248,5.192589988708496,4.256253743171692,1,0,,,,,,
2018-01-25,5.908750057220459,409884000,45.09999847412109,52.29999923706055,168.35000610351562,0.233249810660463,1.91790782010014,5.202694988250732,4.2735762429237365,1,0,,,,,,
2018-01-26,6.083250045776367,516356000,45.720001220703125,53.96500015258789,170.92999267578125,2.953247080449284,1.895421678330805,5.218044986724854,4.291727492809295,1,0,,,,,,
2018-01-27,6.083250045776367,0,45.720001220703125,53.96500015258789,170.92999267578125,0.0,1.895421678330805,5.218044986724854,4.291727492809295,0,0,,,,,,
2018-01-28,6.083250045776367,0,45.720001220703125,53.96500015258789,170.92999267578125,0.0,1.895421678330805,5.218044986724854,4.291727492809295,0,0,,,,,,
2018-01-29,6.171249866485596,455116000,45.400001525878906,53.8650016784668,170.10000610351562,1.4465922006662746,1.7941969543286926,5.234379987716675,4.310419992208481,1,0,,,,,,
2018-01-30,6.067999839782715,570832000,44.880001068115234,52.810001373291016,168.6999969482422,-1.6730812872057577,1.852580702825551,5.250749988555908,4.328823741674423,1,0,,,,,,
2018-01-31,6.144999980926514,478576000,45.310001373291016,53.255001068115234,169.39999389648438,1.2689542382479102,1.821744449422875,5.26784499168396,4.347144991159439,1,0,,,,,,
2018-02-01,6.012499809265137,519224000,45.45000076293945,52.93000030517578,167.9600067138672,-2.156227373029207,1.8405219050998745,5.282414989471436,4.364796240329742,1,0,,,,,,
2018-02-02,5.8379998207092285,718464000,44.5099983215332,51.45500183105469,164.61000061035156,-2.902286804017984,1.933189830389279,5.292134981155396,4.381526238918305,1,0,,,,,,
2018-02-03,5.8379998207092285,0,44.5099983215332,51.45500183105469,164.61000061035156,0.0,1.933189830389279,5.292134981155396,4.381526238918305,0,0,,,,,,
2018-02-04,5.8379998207092285,0,44.5099983215332,51.45500183105469,164.61000061035156,0.0,1.933189830389279,5.292134981155396,4.381526238918305,0,0,,,,,,
2018-02-05,5.34250020980835,1165204000,42.95000076293945,49.1349983215332,158.1199951171875,-8.48748931343206,2.548303643227762,5.290959987640381,4.395581239461899,1,0,,,,,,
2018-02-06,5.639500141143799,1114800000,43.59000015258789,50.94499969482422,162.30999755859375,5.559193629794978,2.7171792661364904,5.296284990310669,4.411068739891053,1,0,,,,,,
2018-02-07,5.71999979019165,802932000,41.880001068115234,49.59999847412109,160.2100067138672,1.4274252510529273,2.7175966212676097,5.302204990386963,4.426799988746643,1,0,,,,,,
2018-02-08,5.438000202178955,1144000000,40.36000061035156,47.625,153.4499969482422,-4.930062908328303,2.893889894736331,5.303894996643066,4.440897489786148,1,0,,,,,,
2018-02-09,5.802000045776367,1674604000,41.470001220703125,48.869998931884766,156.10000610351562,6.693634241711877,3.113473529242252,5.314580001831055,4.4569049894809725,1,0,,,,,,
2018-02-10,5.802000045776367,0,41.470001220703125,48.869998931884766,156.10000610351562,0.0,3.113473529242252,5.314580001831055,4.4569049894809725,0,0,,,,,,
2018-02-11,5.802000045776367,0,41.470001220703125,48.869998931884766,156.10000610351562,0.0,3.113473529242252,5.314580001831055,4.4569049894809725,0,0,,,,,,
2018-02-12,5.70074987411499,1093172000,42.52999877929688,49.90499877929688,158.8699951171875,-1.7450908456142278,3.1417005499285504,5.3303849983215335,4.472203738689423,1,0,,,,,,
2018-02-13,5.8157501220703125,625524000,42.380001068115234,49.80500030517578,159.69000244140625,2.017282822344057,3.116369607946876,5.3463450050354,4.4882449889183045,1,0,,,,,,
2018-02-14,6.0355000495910645,744988000,43.04999923706055,50.8650016784668,162.67999267578125,3.778531107910199,3.139062831301489,5.368215007781982,4.505092489719391,1,0,,,,,,
2018-02-15,6.162499904632568,698900000,43.52000045776367,51.505001068115234,165.6999969482422,2.1042142986993806,2.949955184692381,5.398135004043579,4.522969989776612,1,0,,,,,,
2018-02-16,6.0960001945495605,637656000,43.47999954223633,51.39500045776367,164.9600067138672,-1.0791028172352224,2.9647164879186785,5.426185007095337,4.54041874051094,1,0,,,,,,
2018-02-17,6.0960001945495605,0,43.47999954223633,51.39500045776367,164.9600067138672,0.0,2.9647164879186785,5.426185007095337,4.54041874051094,0,0,,,,,,
2018-02-18,6.0960001945495605,0,43.47999954223633,51.39500045776367,164.9600067138672,0.0,2.9647164879186785,5.426185007095337,4.54041874051094,0,0,,,,,,
2018-02-19,6.0960001945495605,0,43.47999954223633,51.39500045776367,164.9600067138672,0.0,2.9647164879186785,5.426185007095337,4.54041874051094,0,0,,,,,,
2018-02-20,6.227000236511231,686240000,43.7400016784668,52.415000915527344,165.2899932861328,2.148950750998946,2.9796819695224843,5.456095008850098,4.558572491407395,1,0,,,,,,
2018-02-21,6.037749767303467,892292000,42.88999938964844,51.845001220703125,164.82000732421875,-3.039191617468029,3.0088250686132767,5.48085500717163,4.575778740644455,1,0,,,,,,
2018-02-22,6.053750038146973,534364000,42.38999938964844,51.66999816894531,164.8000030517578,0.2650038749560712,3.008118041739119,5.506185007095337,4.593201240301132,1,0,,,,,,
2018-02-23,6.148250102996826,415300000,43.900001525878906,52.83000183105469,168.1699981689453,1.5610169606338653,3.015452851769599,5.531820011138916,4.611074991226197,1,0,,,,,,
2018-02-24,6.148250102996826,0,43.900001525878906,52.83000183105469,168.1699981689453,0.0,3.015452851769599,5.531820011138916,4.611074991226197,0,0,,,,,,
2018-02-25,6.148250102996826,0,43.900001525878906,52.83000183105469,168.1699981689453,0.0,3.015452851769599,5.531820011138916,4.611074991226197,0,0,,,,,,
2018-02-26,6.164500236511231,469312000,44.40999984741211,53.89500045776367,170.39999389648438,0.2643050175607397,3.015315190115114,5.559690017700195,4.626736242771148,1,0,,,,,,
2018-02-27,6.151500225067139,455436000,43.619998931884766,53.69499969482422,168.2899932861328,-0.2108850830614739,3.0130106802978265,5.58963002204895,4.641681244373322,1,0,,,,,,
2018-02-28,6.050000190734863,523116000,43.34999847412109,53.27000045776367,167.2100067138672,-1.650004561792362,3.020624885940934,5.6173950290679935,4.655944995880127,1,0,,,,,,
2018-03-01,5.80525016784668,1040120000,42.720001220703125,52.41999816894531,164.47999572753906,-4.045454796232906,3.105931132648894,5.637720031738281,4.668182497024536,1,0,,,,,,
2018-03-02,5.91349983215332,913428000,43.0099983215332,53.2400016784668,165.99000549316406,1.8646856065945183,3.1209237463400235,5.657040023803711,4.680648746490479,1,0,,,,,,
2018-03-03,5.91349983215332,0,43.0099983215332,53.2400016784668,165.99000549316406,0.0,3.1209237463400235,5.657040023803711,4.680648746490479,0,0,,,,,,
2018-03-04,5.91349983215332,0,43.0099983215332,53.2400016784668,165.99000549316406,0.0,3.1209237463400235,5.657040023803711,4.680648746490479,0,0,,,,,,
2018-03-05,5.891250133514404,620776000,43.4900016784668,53.85499954223633,167.8300018310547,-0.3762526299221025,3.0919042784810418,5.676810026168823,4.694139996767044,1,0,,,,,,
2018-03-06,6.053999900817871,636808000,43.540000915527344,54.64500045776367,168.5399932861328,2.762567597963783,3.118880541061693,5.699490022659302,4.707776246070861,1,0,,,,,,
2018-03-07,6.046000003814697,581208000,44.20000076293945,54.880001068115234,168.92999267578125,-0.1321423378631503,3.0946157128394383,5.722465019226075,4.721006245613098,1,0,,,,,,
2018-03-08,6.0295000076293945,411912000,43.79999923706055,54.90499877929688,169.86000061035156,-0.2729076443085065,3.084374959393561,5.745420017242432,4.733791245222092,1,0,,,,,,
2018-03-09,6.133250236511231,505524000,44.59000015258789,55.96500015258789,173.16000366210938,1.7207103201021037,3.098156113328269,5.769365024566651,4.747328746318817,1,0,,,,,,
2018-03-10,6.133250236511231,0,44.59000015258789,55.96500015258789,173.16000366210938,0.0,3.098156113328269,5.769365024566651,4.747328746318817,0,0,,,,,,
2018-03-11,6.133250236511231,0,44.59000015258789,55.96500015258789,173.16000366210938,0.0,3.098156113328269,5.769365024566651,4.747328746318817,0,0,,,,,,
2018-03-12,6.24399995803833,605060000,45.220001220703125,56.53499984741211,174.0800018310547,1.8057264461150968,3.0695758181169843,5.795660028457641,4.761227495670319,1,0,,,,,,
2018-03-13,6.192749977111816,619772000,44.9900016784668,55.744998931884766,171.7100067138672,-0.8207876564851002,3.0640247664607334,5.820815029144288,4.774908745288849,1,0,,,,,,
2018-03-14,6.218500137329102,505496000,45.150001525878906,55.775001525878906,171.67999267578125,0.4158113973994792,3.0470321121172987,5.848435029983521,4.7882712459564205,1,0,,,,,,
2018-03-15,6.233500003814697,401952000,45.310001373291016,55.72499847412109,171.52999877929688,0.2412135748868671,3.0395185739794868,5.873430032730102,4.801329995393753,1,0,,,,,,
2018-03-16,6.26200008392334,399456000,44.970001220703125,55.70500183105469,171.02000427246094,0.4572083114013248,3.0101483746938302,5.892435035705566,4.814596245288849,1,0,,,,,,
2018-03-17,6.26200008392334,0,44.970001220703125,55.70500183105469,171.02000427246094,0.0,3.0101483746938302,5.892435035705566,4.814596245288849,0,0,,,,,,
2018-03-18,6.26200008392334,0,44.970001220703125,55.70500183105469,171.02000427246094,0.0,3.0101483746938302,5.892435035705566,4.814596245288849,0,0,,,,,,
2018-03-19,6.025000095367432,713772000,44.59999847412109,54.79999923706055,167.10000610351562,-3.784733078563296,3.045410438946392,5.906140041351319,4.8266762459278105,1,0,,,,,,
2018-03-20,6.239500045776367,554696000,44.83000183105469,55.16999816894531,167.64999389648438,3.560165095663037,2.633571584249978,5.923230037689209,4.839918745756149,1,0,,,,,,
2018-03-21,6.214000225067139,438688000,44.70000076293945,55.28499984741211,166.9199981689453,-0.4086837169989255,2.462122921526224,5.936510038375855,4.852487497329712,1,0,,,,,,
2018-03-22,6.046249866485596,551196000,43.68999862670898,53.79499816894531,162.8000030517578,-2.699555077337168,2.514758281973206,5.946465034484863,4.864301246404648,1,0,,,,,,
2018-03-23,5.824250221252441,735620000,42.58000183105469,52.04999923706055,158.50999450683594,-3.671691546584932,2.4352074619807573,5.951110038757324,4.874782497882843,1,0,,,,,,
2018-03-24,5.824250221252441,0,42.58000183105469,52.04999923706055,158.50999450683594,0.0,2.4352074619807573,5.951110038757324,4.874782497882843,0,0,,,,,,
2018-03-25,5.824250221252441,0,42.58000183105469,52.04999923706055,158.50999450683594,0.0,2.4352074619807573,5.951110038757324,4.874782497882843,0,0,,,,,,
2018-03-26,6.111999988555908,611424000,44.27000045776367,54.119998931884766,164.39999389648438,4.940546102457621,2.292276580305682,5.961310033798218,4.885349997282028,1,0,,,,,,
2018-03-27,5.638000011444092,1409000000,43.290000915527344,52.255001068115234,159.0800018310547,-7.755235242135683,2.6952596760272525,5.962580032348633,4.894839997291565,1,0,,,,,,
2018-03-28,5.533750057220459,945904000,42.68999862670898,51.095001220703125,157.25,-1.849059134658116,2.687837534468541,5.963200035095215,4.9037624979019165,1,0,,,,,,
2018-03-29,5.789750099182129,916628000,43.7599983215332,52.13999938964844,160.1300048828125,4.626158379300849,2.734394026325977,5.966635036468506,4.913786247968674,1,0,,,,,,
2018-03-30,5.789750099182129,0,43.7599983215332,52.13999938964844,160.1300048828125,0.0,2.734394026325977,5.966635036468506,4.913786247968674,0,0,,,,,,
2018-03-31,5.789750099182129,0,43.7599983215332,52.13999938964844,160.1300048828125,0.0,2.734394026325977,5.966635036468506,4.913786247968674,0,0,,,,,,
2018-04-01,5.789750099182129,0,43.7599983215332,52.13999938964844,160.1300048828125,0.0,2.734394026325977,5.966635036468506,4.913786247968674,0,0,,,,,,
2018-04-02,5.526249885559082,922092000,42.5,50.22999954223633,155.50999450683594,-4.551150034269513,2.817939172605063,5.964940032958984,4.9224524974823,1,0,,,,,,
2018-04-03,5.633749961853027,667432000,43.47999954223633,51.15499877929688,157.25999450683594,1.945262673967374,2.8439632128516976,5.962560033798217,4.931574996709824,1,0,,,,,,
2018-04-04,5.656000137329102,789168000,43.93999862670898,51.77999877929688,159.74000549316406,0.3949443199775304,2.8113625136542364,5.958835039138794,4.940902497768402,1,0,,,,,,
2018-04-05,5.5345001220703125,701240000,43.31999969482422,51.209999084472656,160.64999389648438,-2.148161462318565,2.785813568020576,5.9500700378417966,4.948909997940064,1,0,,,,,,
2018-04-06,5.356249809265137,662988000,42.41999816894531,49.72999954223633,156.6300048828125,-3.220712058427,2.835762467832836,5.93929503440857,4.956054997444153,1,0,,,,,,
2018-04-07,5.356249809265137,0,42.41999816894531,49.72999954223633,156.6300048828125,0.0,2.835762467832836,5.93929503440857,4.956054997444153,0,0,,,,,,
2018-04-08,5.356249809265137,0,42.41999816894531,49.72999954223633,156.6300048828125,0.0,2.835762467832836,5.93929503440857,4.956054997444153,0,0,,,,,,
2018-04-09,5.385250091552734,499524000,43.06999969482422,50.06999969482422,157.72999572753906,0.5414288601221173,2.8179009941772475,5.928825035095215,4.963047498464585,1,0,,,,,,
2018-04-10,5.697750091552734,761676000,43.58000183105469,51.59999847412109,161.2100067138672,5.80288741817554,3.036043960862032,5.921115036010742,4.971739999055862,1,0,,,,,,
2018-04-11,5.656000137329102,460244000,43.380001068115234,51.57500076293945,160.27999877929688,-0.73274456676381,3.0375007897767925,5.910810041427612,4.980791249275208,1,0,,,,,,
2018-04-12,5.864999771118164,593920000,43.84999847412109,52.43000030517578,162.2100067138672,3.695184383212502,3.107577422625134,5.906750040054321,4.991097497940063,1,0,,,,,,
2018-04-13,5.787499904632568,503036000,42.650001525878906,51.93999862670898,161.3699951171875,-1.3213958995742736,3.025722457965023,5.899600038528442,5.001712497472763,1,0,,,,,,
2018-04-14,5.787499904632568,0,42.650001525878906,51.93999862670898,161.3699951171875,0.0,3.025722457965023,5.899600038528442,5.001712497472763,0,0,,,,,,
2018-04-15,5.787499904632568,0,42.650001525878906,51.93999862670898,161.3699951171875,0.0,3.025722457965023,5.899600038528442,5.001712497472763,0,0,,,,,,
2018-04-16,5.78725004196167,350792000,42.869998931884766,52.04499816894531,162.60000610351562,-0.0043172816417413,3.005911830715104,5.895095043182373,5.011679997444153,1,0,,,,,,
2018-04-17,5.938499927520752,447224000,42.310001373291016,52.994998931884766,166.10000610351562,2.613501826643283,3.04329626644257,5.897105045318604,5.023037496805191,1,0,,,,,,
2018-04-18,5.909249782562256,391364000,41.91999816894531,52.39500045776367,166.44000244140625,-0.4925510703964519,3.00179326891559,5.908440036773682,5.0345137453079225,1,0,,,,,,
2018-04-19,5.72599983215332,471996000,39.52999877929688,50.060001373291016,164.91000366210938,-3.101069630694786,3.053538078510716,5.910170030593872,5.045727494955063,1,0,,,,,,
2018-04-20,5.717750072479248,386200000,38.95000076293945,49.48500061035156,162.3000030517578,-0.1440754438682856,3.053429196487889,5.910125036239624,5.056434994935989,1,0,,,,,,
2018-04-21,5.717750072479248,0,38.95000076293945,49.48500061035156,162.3000030517578,0.0,3.053429196487889,5.910125036239624,5.056434994935989,0,0,,,,,,
2018-04-22,5.717750072479248,0,38.95000076293945,49.48500061035156,162.3000030517578,0.0,3.053429196487889,5.910125036239624,5.056434994935989,0,0,,,,,,
2018-04-23,5.5970001220703125,427508000,38.75,48.845001220703125,161.88999938964844,-2.1118438000662376,3.0534372055023864,5.913305034637451,5.066484996080399,1,0,,,,,,
2018-04-24,5.53000020980835,414596000,38.75,48.595001220703125,158.4600067138672,-1.1970682651545106,3.0325569887957897,5.907865037918091,5.075789997577667,1,0,,,,,,
2018-04-25,5.416500091552734,588492000,38.16999816894531,48.34999847412109,158.64999389648438,-2.05244329022456,3.047320628005765,5.902180042266846,5.083659998178482,1,0,,,,,,
2018-04-26,5.630499839782715,375824000,38.16999816894531,49.3650016784668,161.99000549316406,3.9508860816548808,3.1466988744159066,5.898475036621094,5.092327497005463,1,0,,,,,,
2018-04-27,5.658249855041504,400848000,38.16999816894531,49.04499816894531,162.08999633789062,0.4928517191798764,3.1484781179947032,5.890930032730102,5.100304996967315,1,0,,,,,,
2018-04-28,5.658249855041504,0,38.16999816894531,49.04499816894531,162.08999633789062,0.0,3.1484781179947032,5.890930032730102,5.100304996967315,0,0,,,,,,
2018-04-29,5.658249855041504,0,38.16999816894531,49.04499816894531,162.08999633789062,0.0,3.1484781179947032,5.890930032730102,5.100304996967315,0,0,,,,,,
2018-04-30,5.622499942779541,327844000,38.45000076293945,48.58000183105469,160.94000244140625,-0.6318192582130289,3.1460317580134487,5.880130033493042,5.108338747024536,1,0,,,,,,
2018-05-01,5.678500175476074,253788000,38.93000030517578,49.36000061035156,162.77999877929688,0.9960023702347832,3.0844582741582145,5.871780033111572,5.116112496852875,1,0,,,,,,
2018-05-02,5.657750129699707,268248000,37.75,49.005001068115234,161.82000732421875,-0.3654141962693091,3.0037974459334165,5.860395030975342,5.123869998455048,1,0,,,,,,
2018-05-03,5.824749946594238,443144000,38.09999847412109,49.125,161.8000030517578,2.951700111637745,3.0610195894919814,5.856135034561158,5.132248747348785,1,0,,,,,,
2018-05-04,5.976500034332275,400660000,38.59000015258789,50.400001525878906,164.8699951171875,2.605263558597337,3.0630749642208595,5.854590034484863,5.141493747234344,1,0,,,,,,
2018-05-05,5.976500034332275,0,38.59000015258789,50.400001525878906,164.8699951171875,0.0,3.0630749642208595,5.854590034484863,5.141493747234344,0,0,,,,,,
2018-05-06,5.976500034332275,0,38.59000015258789,50.400001525878906,164.8699951171875,0.0,3.0630749642208595,5.854590034484863,5.141493747234344,0,0,,,,,,
2018-05-07,6.2170000076293945,687616000,38.45000076293945,50.66999816894531,166.24000549316406,4.024093899699754,3.0666315422270336,5.855965032577514,5.151641247272491,1,0,,,,,,
2018-05-08,6.260000228881836,506616000,39.18000030517578,51.025001525878906,166.07000732421875,0.691655480129838,2.9386161454687163,5.857875032424927,5.161928749084472,1,0,,,,,,
2018-05-09,6.394499778747559,596760000,39.34999847412109,51.75,167.8800048828125,2.1485550311193258,2.554373185617184,5.862735023498535,5.173132498264312,1,0,,,,,,
2018-05-10,6.5032501220703125,994080000,39.77000045776367,52.61000061035156,169.6199951171875,1.700685699985338,2.52617323327576,5.871800022125244,5.1849799990654,1,0,,,,,,
2018-05-11,6.363249778747559,1214456000,39.90999984741211,52.20500183105469,169.4600067138672,-2.152775007801555,2.4529863227673894,5.882960014343261,5.1958887481689455,1,0,,,,,,
2018-05-12,6.363249778747559,0,39.90999984741211,52.20500183105469,169.4600067138672,0.0,2.4529863227673894,5.882960014343261,5.1958887481689455,0,0,,,,,,
2018-05-13,6.363249778747559,0,39.90999984741211,52.20500183105469,169.4600067138672,0.0,2.4529863227673894,5.882960014343261,5.1958887481689455,0,0,,,,,,
2018-05-14,6.383999824523926,523140000,39.95000076293945,53.1150016784668,169.75,0.3260919576922649,2.272319427298424,5.892370014190674,5.207591247558594,1,0,,,,,,
2018-05-15,6.138999938964844,963528000,39.29999923706055,52.52000045776367,167.8699951171875,-3.837717611111502,2.388411397519228,5.897325010299682,5.217737498283387,1,0,,,,,,
2018-05-16,6.15024995803833,553828000,39.790000915527344,53.26499938964844,168.97999572753906,0.1832549142423145,2.388476881389556,5.899250011444092,5.228174998760223,1,0,,,,,,
2018-05-17,6.192749977111816,519784000,38.959999084472656,52.915000915527344,168.3300018310547,0.6910291348067643,2.343669429442917,5.902185010910034,5.238577499389648,1,0,,,,,,
2018-05-18,6.148499965667725,483716000,38.41999816894531,52.275001525878906,167.4600067138672,-0.7145454217857727,2.253012474116669,5.904565010070801,5.248771250247955,1,0,,,,,,
2018-05-19,6.148499965667725,0,38.41999816894531,52.275001525878906,167.4600067138672,0.0,2.253012474116669,5.904565010070801,5.248771250247955,0,0,,,,,,
2018-05-20,6.148499965667725,0,38.41999816894531,52.275001525878906,167.4600067138672,0.0,2.253012474116669,5.904565010070801,5.248771250247955,0,0,,,,,,
2018-05-21,6.105999946594238,640624000,39.470001220703125,53.025001525878906,168.39999389648438,-0.6912258162283469,2.263168369097201,5.904020004272461,5.258491249084472,1,0,,,,,,
2018-05-22,6.067500114440918,518264000,39.63999938964844,53.40499877929688,168.17999267578125,-0.6305246067811465,2.030750110879059,5.900490007400513,5.267927498817444,1,0,,,,,,
2018-05-23,6.188499927520752,442956000,39.650001525878906,53.46500015258789,169.60000610351562,1.9942284433064783,2.0471522588245947,5.900405006408692,5.277326247692108,1,0,,,,,,
2018-05-24,6.192249774932861,437372000,39.27000045776367,53.619998931884766,169.5500030517578,0.0605938023111818,1.9455798174979355,5.899879999160767,5.286999995708466,1,0,,,,,,
2018-05-25,6.23199987411499,292112000,39.29999923706055,54.15499877929688,169.72000122070312,0.641933071612244,1.9255784800951312,5.899849996566773,5.29664624452591,1,0,,,,,,
2018-05-26,6.23199987411499,0,39.29999923706055,54.15499877929688,169.72000122070312,0.0,1.9255784800951312,5.899849996566773,5.29664624452591,0,0,,,,,,
2018-05-27,6.23199987411499,0,39.29999923706055,54.15499877929688,169.72000122070312,0.0,1.9255784800951312,5.899849996566773,5.29664624452591,0,0,,,,,,
2018-05-28,6.23199987411499,0,39.29999923706055,54.15499877929688,169.72000122070312,0.0,1.9255784800951312,5.899849996566773,5.29664624452591,0,0,,,,,,
2018-05-29,6.214749813079834,352684000,38.15999984741211,53.720001220703125,168.97000122070312,-0.2767981608408854,1.9275334302109504,5.898904991149903,5.307127492427826,1,0,,,,,,
2018-05-30,6.324749946594238,390996000,38.34000015258789,54.04499816894531,170.17999267578125,1.769984904024513,1.897878692576081,5.904899988174439,5.3192562425136565,1,0,,,,,,
2018-05-31,6.304749965667725,493868000,38.70000076293945,53.595001220703125,170.07000732421875,-0.3162177334343985,1.895843321597544,5.9062049865722654,5.32972999215126,1,0,,,,,,
2018-06-01,6.440499782562256,421968000,39.20000076293945,54.76499938964844,172.74000549316406,2.1531356141599955,1.818276596793023,5.910734977722168,5.341059991121292,1,0,,,,,,
2018-06-02,6.440499782562256,0,39.20000076293945,54.76499938964844,172.74000549316406,0.0,1.818276596793023,5.910734977722168,5.341059991121292,0,0,,,,,,
2018-06-03,6.440499782562256,0,39.20000076293945,54.76499938964844,172.74000549316406,0.0,1.818276596793023,5.910734977722168,5.341059991121292,0,0,,,,,,
2018-06-04,6.621250152587891,642024000,39.970001220703125,55.13999938964844,174.3000030517578,2.8064649658869456,1.866506877139211,5.922234983444214,5.353522492647171,1,0,,,,,,
2018-06-05,6.6267499923706055,391712000,39.540000915527344,55.45000076293945,174.83999633789062,0.0830634646927785,1.802224480344619,5.9382849788665775,5.366472493410111,1,0,,,,,,
2018-06-06,6.628749847412109,371356000,39.560001373291016,55.80500030517578,175.86000061035156,0.0301785195428561,1.7742031126876472,5.948619976043701,5.379428743124008,1,0,,,,,,
2018-06-07,6.572500228881836,369448000,39.52000045776367,55.36000061035156,174.42999267578125,-0.8485705423358803,1.7245684898378086,5.967309980392456,5.392397494316101,1,0,,,,,,
2018-06-08,6.557000160217285,360456000,38.93000030517578,54.98500061035156,174.44000244140625,-0.2358321510045447,1.6151045164931117,5.987774982452392,5.404863746166229,1,0,,,,,,
2018-06-09,6.557000160217285,0,38.93000030517578,54.98500061035156,174.44000244140625,0.0,1.6151045164931117,5.987774982452392,5.404863746166229,0,0,,,,,,
2018-06-10,6.557000160217285,0,38.93000030517578,54.98500061035156,174.44000244140625,0.0,1.6151045164931117,5.987774982452392,5.404863746166229,0,0,,,,,,
2018-06-11,6.515500068664551,265372000,38.7599983215332,54.92499923706055,174.91000366210938,-0.632912773199612,1.6288164026158864,6.002289981842041,5.41671624660492,1,0,,,,,,
2018-06-12,6.564499855041504,319160000,39.20000076293945,55.09000015258789,175.8300018310547,0.7520495105603819,1.615665510739405,6.02305498123169,5.428889997005463,1,0,,,,,,
2018-06-13,6.559999942779541,338208000,39.04999923706055,54.97499847412109,175.82000732421875,-0.0685492019396827,1.6167734027950968,6.041579980850219,5.441213746070861,1,0,,,,,,
2018-06-14,6.672749996185303,430016000,38.59999847412109,55.060001373291016,177.60000610351562,1.718750829104243,1.6233021084780943,6.061914978027343,5.453956246376038,1,0,,,,,,
2018-06-15,6.631499767303467,432260000,38.68999862670898,55.150001525878906,176.97999572753906,-0.6181893358123358,1.5722980637083983,6.0838549709320064,5.4665262460708615,1,0,,,,,,
2018-06-16,6.631499767303467,0,38.68999862670898,55.150001525878906,176.97999572753906,0.0,1.5722980637083983,6.0838549709320064,5.4665262460708615,0,0,,,,,,
2018-06-17,6.631499767303467,0,38.68999862670898,55.150001525878906,176.97999572753906,0.0,1.5722980637083983,6.0838549709320064,5.4665262460708615,0,0,,,,,,
2018-06-18,6.6272501945495605,356268000,38.25,54.48500061035156,176.5,-0.0640816241125219,1.5205228231007557,6.109274978637695,5.478952496051789,1,0,,,,,,
2018-06-19,6.5042500495910645,594932000,37.560001373291016,53.834999084472656,176.0,-1.8559755758075225,1.4060972783908563,6.131654977798462,5.490293745994568,1,0,,,,,,
2018-06-20,6.557750225067139,369780000,38.34999847412109,54.16999816894531,177.25,0.8225418006406082,1.408004734566608,6.14885498046875,5.501774997711181,1,0,,,,,,
2018-06-21,6.427750110626221,359516000,37.619998931884766,53.494998931884766,175.7100067138672,-1.9823889288126504,1.4092878575607872,6.164289979934693,5.513174998760223,1,0,,,,,,
2018-06-22,6.273749828338623,434160000,38.119998931884766,53.29499816894531,175.32000732421875,-2.3958660439055923,1.4396564187988592,6.172464981079101,5.523817498683929,1,0,,,,,,
2018-06-23,6.273749828338623,0,38.119998931884766,53.29499816894531,175.32000732421875,0.0,1.4396564187988592,6.172464981079101,5.523817498683929,0,0,,,,,,
2018-06-24,6.273749828338623,0,38.119998931884766,53.29499816894531,175.32000732421875,0.0,1.4396564187988592,6.172464981079101,5.523817498683929,0,0,,,,,,
2018-06-25,5.978000164031982,665816000,36.5099983215332,51.369998931884766,171.3699951171875,-4.71408124963375,1.628555168591019,6.17627498626709,5.532884998321533,1,0,,,,,,
2018-06-26,6.049749851226807,478884000,36.459999084472656,51.845001220703125,172.07000732421875,1.200228926498248,1.6459273964687071,6.181524982452393,5.542672498226166,1,0,,,,,,
2018-06-27,5.89300012588501,453892000,35.5099983215332,50.57500076293945,169.72999572753906,-2.591011681417044,1.563707639412951,6.180614986419678,5.551012499332428,1,0,,,,,,
2018-06-28,6.021500110626221,338012000,35.939998626708984,51.084999084472656,171.19000244140625,2.1805528931990725,1.618802172369337,6.182859992980957,5.559918749332428,1,0,,,,,,
2018-06-29,5.922500133514404,392300000,36.560001373291016,51.334999084472656,171.64999389648438,-1.64410820049824,1.6375893348021882,6.1867899990081785,5.56823499917984,1,0,,,,,,
2018-06-30,5.922500133514404,0,36.560001373291016,51.334999084472656,171.64999389648438,0.0,1.6375893348021882,6.1867899990081785,5.56823499917984,0,0,,,,,,
2018-07-01,5.922500133514404,0,36.560001373291016,51.334999084472656,171.64999389648438,0.0,1.6375893348021882,6.1867899990081785,5.56823499917984,0,0,,,,,,
2018-07-02,6.056000232696533,357572000,36.540000915527344,51.35499954223633,172.8000030517578,2.2541172844669832,1.6902449105002886,6.193555002212524,5.5773399996757504,1,0,,,,,,
2018-07-03,5.921000003814697,222732000,36.38999938964844,50.45500183105469,170.8000030517578,-2.229197881350231,1.7335528681952843,6.2000349998474125,5.584431250095367,1,0,,,,,,
2018-07-04,5.921000003814697,0,36.38999938964844,50.45500183105469,170.8000030517578,0.0,1.7335528681952843,6.2000349998474125,5.584431250095367,0,0,,,,,,
2018-07-05,6.068250179290772,306216000,36.59000015258789,51.81499862670898,172.9199981689453,2.48691395678442,1.7923412846603342,6.210799999237061,5.591328752040863,1,0,,,,,,
2018-07-06,6.183249950408936,296352000,37.27000045776367,52.47499847412109,175.61000061035156,1.8951059649884967,1.788656415499331,6.226134996414185,5.598826251029968,1,0,,,,,,
2018-07-07,6.183249950408936,0,37.27000045776367,52.47499847412109,175.61000061035156,0.0,1.788656415499331,6.226134996414185,5.598826251029968,0,0,,,,,,
2018-07-08,6.183249950408936,0,37.27000045776367,52.47499847412109,175.61000061035156,0.0,1.788656415499331,6.226134996414185,5.598826251029968,0,0,,,,,,
2018-07-09,6.231249809265137,303880000,37.83000183105469,52.869998931884766,177.19000244140625,0.7762885091363136,1.794081469211098,6.238149995803833,5.606752500534058,1,0,,,,,,
2018-07-10,6.331250190734863,360016000,37.93000030517578,53.43999862670898,177.32000732421875,1.6048206143338684,1.8137894617970032,6.2516100025177,5.615813751220703,1,0,,,,,,
2018-07-11,6.1882500648498535,367508000,36.970001220703125,51.970001220703125,176.4199981689453,-2.258639630041404,1.86224998004216,6.262925004959106,5.624380002021789,1,0,,,,,,
2018-07-12,6.280749797821045,345508000,37.310001373291016,52.59999847412109,179.4600067138672,1.4947639801533352,1.853902354589268,6.274969997406006,5.634408750534058,1,0,,,,,,
2018-07-13,6.232999801635742,246988000,37.77000045776367,52.4900016784668,179.61000061035156,-0.7602594868827306,1.858227477686373,6.286474990844726,5.644078750610351,1,0,,,,,,
2018-07-14,6.232999801635742,0,37.77000045776367,52.4900016784668,179.61000061035156,0.0,1.858227477686373,6.286474990844726,5.644078750610351,0,0,,,,,,
2018-07-15,6.232999801635742,0,37.77000045776367,52.4900016784668,179.61000061035156,0.0,1.858227477686373,6.286474990844726,5.644078750610351,0,0,,,,,,
2018-07-16,6.204999923706055,197036000,37.790000915527344,52.33000183105469,179.17999267578125,-0.4492199393675511,1.8134191563883664,6.294079990386963,5.653137500286102,1,0,,,,,,
2018-07-17,6.342249870300293,362136000,38.040000915527344,53.02000045776367,180.2700042724609,2.2119250327446105,1.7834703189787326,6.301394987106323,5.662888748645782,1,0,,,,,,
2018-07-18,6.292500019073486,277640000,38.40999984741211,53.560001373291016,179.92999267578125,-0.7844196025731609,1.7869606197917232,6.302904987335205,5.672004997730255,1,0,,,,,,
2018-07-19,6.300749778747559,235752000,39.810001373291016,53.3849983215332,179.02999877929688,0.1311046428139173,1.7874197854880731,6.30371997833252,5.68113374710083,1,0,,,,,,
2018-07-20,6.272250175476074,222352000,40.72999954223633,53.33000183105469,178.99000549316406,-0.452320823271124,1.7835660666314426,6.30127498626709,5.690073747634887,1,0,,,,,,
2018-07-21,6.272250175476074,0,40.72999954223633,53.33000183105469,178.99000549316406,0.0,1.7835660666314426,6.30127498626709,5.690073747634887,0,0,,,,,,
2018-07-22,6.272250175476074,0,40.72999954223633,53.33000183105469,178.99000549316406,0.0,1.7835660666314426,6.30127498626709,5.690073747634887,0,0,,,,,,
2018-07-23,6.235249996185303,301584000,40.7400016784668,53.29499816894531,179.55999755859375,-0.5899027981287941,1.785390840247847,6.295914983749389,5.698641247749329,1,0,,,,,,
2018-07-24,6.217750072479248,354620000,40.38999938964844,52.630001068115234,180.3000030517578,-0.2806611397580094,1.7832765244876223,6.293004989624023,5.707133748531342,1,0,,,,,,
2018-07-25,6.296750068664551,319112000,40.88999938964844,52.89500045776367,182.82000732421875,1.2705559931552868,1.7946997596158725,6.291259994506836,5.7159549999237065,1,0,,,,,,
2018-07-26,6.370999813079834,325124000,40.81999969482422,53.67499923706055,180.0500030517578,1.1791756637250517,1.8103950063366,6.295899991989136,5.724636249542236,1,0,,,,,,
2018-07-27,6.30049991607666,295420000,41.45000076293945,53.40999984741211,177.6199951171875,-1.1065750913763273,1.786852874628908,6.298904991149902,5.73252249956131,1,0,,,,,,
2018-07-28,6.30049991607666,0,41.45000076293945,53.40999984741211,177.6199951171875,0.0,1.786852874628908,6.298904991149902,5.73252249956131,0,0,,,,,,
2018-07-29,6.30049991607666,0,41.45000076293945,53.40999984741211,177.6199951171875,0.0,1.786852874628908,6.298904991149902,5.73252249956131,0,0,,,,,,
2018-07-30,6.103250026702881,340340000,41.09000015258789,53.04499816894531,175.11000061035156,-3.130702198256796,1.865463219647197,6.297114992141724,5.7391712498664855,1,0,,,,,,
2018-07-31,6.121500015258789,283988000,41.209999084472656,52.94499969482422,176.4499969482422,0.2990208245780668,1.8679502957966176,6.296574993133545,5.7458999991416935,1,0,,,,,,
2018-08-01,6.161749839782715,283556000,41.709999084472656,53.17499923706055,177.1199951171875,0.6575157138543952,1.849585654087327,6.2976899909973145,5.75238499879837,1,0,,,,,,
2018-08-02,6.265500068664551,269668000,41.54999923706055,53.709999084472656,179.52999877929688,1.6837786599511515,1.8719661935996688,6.301649990081788,5.75897125005722,1,0,,,,,,
2018-08-03,6.302499771118164,214288000,41.68999862670898,53.79499816894531,180.0800018310547,0.5905307165928964,1.8431161137906784,6.303929986953736,5.765764999389648,1,0,,,,,,
2018-08-04,6.302499771118164,0,41.68999862670898,53.79499816894531,180.0800018310547,0.0,1.8431161137906784,6.303929986953736,5.765764999389648,0,0,,,,,,
2018-08-05,6.302499771118164,0,41.68999862670898,53.79499816894531,180.0800018310547,0.0,1.8431161137906784,6.303929986953736,5.765764999389648,0,0,,,,,,
2018-08-06,6.350749969482422,207508000,41.06999969482422,54.08000183105469,181.13999938964844,0.765572393756675,1.7940317161277135,6.307099990844726,5.772821249961853,1,0,,,,,,
2018-08-07,6.423749923706055,258132000,41.2400016784668,54.44499969482422,181.8000030517578,1.1494698196972577,1.560610560396788,6.310934991836548,5.780214998722077,1,0,,,,,,
2018-08-08,6.4604997634887695,262100000,41.970001220703125,54.6150016784668,182.0200042724609,0.5720932511257049,1.5516352948406271,6.315849990844726,5.787904996871948,1,0,,,,,,
2018-08-09,6.411499977111816,204280000,41.84000015258789,54.084999084472656,181.91000366210932,-0.7584519490871799,1.4706715197019276,6.317584991455078,5.795384995937347,1,0,,,,,,
2018-08-10,6.369750022888184,256396000,41.02999877929688,52.81499862670898,180.5200042724609,-0.6511729606593519,1.4357360646673996,6.318884992599488,5.802398746013641,1,0,,,,,,
2018-08-11,6.369750022888184,0,41.02999877929688,52.81499862670898,180.5200042724609,0.0,1.4357360646673996,6.318884992599488,5.802398746013641,0,0,,,,,,
2018-08-12,6.369750022888184,0,41.02999877929688,52.81499862670898,180.5200042724609,0.0,1.4357360646673996,6.318884992599488,5.802398746013641,0,0,,,,,,
2018-08-13,6.402999877929688,375208000,40.709999084472656,52.875,180.32000732421875,0.5219962309671144,1.3937777218551235,6.318134994506836,5.810206246376038,1,0,,,,,,
2018-08-14,6.535749912261963,466220000,40.90999984741211,52.75,181.4499969482422,2.0732474912243504,1.3852633481712413,6.316424989700318,5.818423745632171,1,0,,,,,,
2018-08-15,6.477000236511231,591136000,40.45000076293945,51.875,179.22999572753906,-0.8988972426945185,1.3225845129530134,6.31342999458313,5.82557624578476,1,0,,,,,,
2018-08-16,6.435999870300293,801260000,40.40999984741211,51.79499816894531,179.82000732421875,-0.6330147400615438,1.2668395936300016,6.309574995040894,5.832276244163513,1,0,,,,,,
2018-08-17,6.120500087738037,1143188000,40.130001068115234,51.415000915527344,179.86000061035156,-4.90210983406274,1.5337049698045149,6.300534992218018,5.837027494907379,1,0,,,,,,
2018-08-18,6.120500087738037,0,40.130001068115234,51.415000915527344,179.86000061035156,0.0,1.5337049698045149,6.300534992218018,5.837027494907379,0,0,,,,,,
2018-08-19,6.120500087738037,0,40.130001068115234,51.415000915527344,179.86000061035156,0.0,1.5337049698045149,6.300534992218018,5.837027494907379,0,0,,,,,,
2018-08-20,6.196000099182129,854388000,40.09999847412109,51.345001220703125,179.6999969482422,1.2335595190227977,1.5441537580540217,6.293314990997314,5.842107496261597,1,0,,,,,,
2018-08-21,6.333000183105469,673988000,40.88999938964844,52.40499877929688,180.3600006103516,2.211105257106505,1.5697350782706436,6.289664993286133,5.848029997348785,1,0,,,,,,
2018-08-22,6.570499897003174,749856000,40.900001525878906,52.59999847412109,181.0599975585937,3.750192752738002,1.6511341892744904,6.289784994125366,5.8547962474823,1,0,,,,,,
2018-08-23,6.671000003814697,720684000,40.68000030517578,52.665000915527344,180.8000030517578,1.5295656097241928,1.6520775491282629,6.292004995346069,5.861947498321533,1,0,,,,,,
2018-08-24,6.805500030517578,531512000,41.2400016784668,53.470001220703125,182.47999572753903,2.0161898759701646,1.6732257372561583,6.294659996032715,5.869471249580383,1,0,,,,,,
2018-08-25,6.805500030517578,0,41.2400016784668,53.470001220703125,182.47999572753903,0.0,1.6732257372561583,6.294659996032715,5.869471249580383,0,0,,,,,,
2018-08-26,6.805500030517578,0,41.2400016784668,53.470001220703125,182.47999572753903,0.0,1.6732257372561583,6.294659996032715,5.869471249580383,0,0,,,,,,
2018-08-27,6.897500038146973,505776000,41.52999877929688,54.30500030517578,184.33999633789065,1.35184787623015,1.6774637968595292,6.299980001449585,5.877813749313354,1,0,,,,,,
2018-08-28,6.859499931335449,475384000,42.34999847412109,54.5099983215332,184.6100006103516,-0.5509257934231515,1.6482707112965165,6.304624996185303,5.886446249485016,1,0,,,,,,
2018-08-29,6.962250232696533,420108000,44.130001068115234,54.81999969482422,186.7400054931641,1.497926997443377,1.650360858465426,6.313784999847412,5.894240000247955,1,0,,,,,,
2018-08-30,6.945250034332275,346608000,43.459999084472656,54.23500061035156,186.41000366210932,-0.2441767790020033,1.6535043005488574,6.321534996032715,5.902387499809265,1,0,,,,,,
2018-08-31,7.017000198364258,306592000,43.59999847412109,54.470001220703125,186.6499938964844,1.0330825193809012,1.651245858490362,6.333319997787475,5.910700001716614,1,0,,,,,,
2018-09-01,7.017000198364258,0,43.59999847412109,54.470001220703125,186.6499938964844,0.0,1.651245858490362,6.333319997787475,5.910700001716614,0,0,,,,,,
2018-09-02,7.017000198364258,0,43.59999847412109,54.470001220703125,186.6499938964844,0.0,1.651245858490362,6.333319997787475,5.910700001716614,0,0,,,,,,
2018-09-03,7.017000198364258,0,43.59999847412109,54.470001220703125,186.6499938964844,0.0,1.651245858490362,6.333319997787475,5.910700001716614,0,0,,,,,,
2018-09-04,7.09250020980835,391720000,44.11000061035156,54.8650016784668,185.8500061035156,1.0759585194495491,1.6452259222656451,6.34969500541687,5.91991500377655,1,0,,,,,,
2018-09-05,6.9604997634887695,393156000,44.220001220703125,54.56499862670898,183.4499969482422,-1.861127140144936,1.6938019846834975,6.369344997406006,5.928266253471374,1,0,,,,,,
2018-09-06,6.817999839782715,322796000,44.04999923706055,53.150001525878906,181.8099975585937,-2.047265692810396,1.742011566011454,6.384709997177124,5.935936253070832,1,0,,,,,,
2018-09-07,6.796500205993652,295420000,44.880001068115234,52.915000915527344,181.1100006103516,-0.3153363786196239,1.7367798107980323,6.402779998779297,5.943158752918244,1,0,,,,,,
2018-09-08,6.796500205993652,0,44.880001068115234,52.915000915527344,181.1100006103516,0.0,1.7367798107980323,6.402779998779297,5.943158752918244,0,0,,,,,,
2018-09-09,6.796500205993652,0,44.880001068115234,52.915000915527344,181.1100006103516,0.0,1.7367798107980323,6.402779998779297,5.943158752918244,0,0,,,,,,
2018-09-10,6.868249893188477,220140000,44.619998931884766,53.43000030517578,181.72000122070312,1.055685794455652,1.7242023468538166,6.419714994430542,5.95049375295639,1,0,,,,,,
2018-09-11,6.820000171661377,243112000,44.54999923706055,52.7599983215332,183.1199951171875,-0.7025038732931144,1.6107390647959785,6.437664995193481,5.957727503776551,1,0,,,,,,
2018-09-12,6.704999923706055,419092000,43.93999862670898,52.15499877929688,182.5800018310547,-1.6862206020635262,1.6545125980328967,6.450644989013672,5.964132504463196,1,0,,,,,,
2018-09-13,6.7835001945495605,305536000,43.43000030517578,52.79499816894531,184.52999877929688,1.170772136267484,1.6607939865338772,6.467894992828369,5.971282505989075,1,0,,,,,,
2018-09-14,6.910749912261963,386936000,44.40999984741211,53.34000015258789,183.9900054931641,1.875871070434188,1.6665362763581877,6.484744987487793,5.979497506618499,1,0,,,,,,
2018-09-15,6.910749912261963,0,44.40999984741211,53.34000015258789,183.9900054931641,0.0,1.6665362763581877,6.484744987487793,5.979497506618499,0,0,,,,,,
2018-09-16,6.910749912261963,0,44.40999984741211,53.34000015258789,183.9900054931641,0.0,1.6665362763581877,6.484744987487793,5.979497506618499,0,0,,,,,,
2018-09-17,6.848249912261963,205528000,43.7599983215332,52.619998931884766,181.33999633789065,-0.9043881024996204,1.681097071549924,6.498044986724853,5.989186255931855,1,0,,,,,,
2018-09-18,6.7754998207092285,299520000,43.560001373291016,53.02000045776367,182.83999633789065,-1.0623165404999857,1.6963574615003685,6.508929986953735,5.997975006103515,1,0,,,,,,
2018-09-19,6.799499988555908,224860000,44.02000045776367,53.13999938964844,182.6999969482422,0.3542198875619906,1.687685523880304,6.518294982910156,6.007262506484985,1,0,,,,,,
2018-09-20,6.6570000648498535,430584000,44.16999816894531,53.82500076293945,184.72000122070312,-2.09574121547016,1.7371564885381852,6.527669982910156,6.017215006351471,1,0,,,,,,
2018-09-21,6.586249828338623,435128000,44.060001373291016,53.55500030517578,183.7100067138672,-1.0627945894848945,1.743308482274334,6.533779983520508,6.026678755283355,1,0,,,,,,
2018-09-22,6.586249828338623,0,44.060001373291016,53.55500030517578,183.7100067138672,0.0,1.743308482274334,6.533779983520508,6.026678755283355,0,0,,,,,,
2018-09-23,6.586249828338623,0,44.060001373291016,53.55500030517578,183.7100067138672,0.0,1.743308482274334,6.533779983520508,6.026678755283355,0,0,,,,,,
2018-09-24,6.642499923706055,293912000,44.88999938964844,53.935001373291016,183.88999938964844,0.8540534725148818,1.7424720084720642,6.541969985961914,6.03623375415802,1,0,,,,,,
2018-09-25,6.710249900817871,280388000,44.16999816894531,53.07500076293945,184.13999938964844,1.0199469761381197,1.7484536753338518,6.552074985504151,6.045786254405975,1,0,,,,,,
2018-09-26,6.672999858856201,268548000,44.27000045776367,52.60499954223633,184.2700042724609,-0.5551215306769719,1.7153985120154909,6.558689985275269,6.055215003490448,1,0,,,,,,
2018-09-27,6.684999942779541,214428000,44.7599983215332,52.935001373291016,185.8300018310547,0.1798304237548231,1.7053701981001852,6.56653998374939,6.064307503700256,1,0,,,,,,
2018-09-28,7.0254998207092285,709396000,44.15999984741211,53.22499847412109,185.7899932861328,5.09349111210482,1.9246215679789,6.581034984588623,6.075580003261567,1,0,,,,,,
2018-09-29,7.0254998207092285,0,44.15999984741211,53.22499847412109,185.7899932861328,0.0,1.9246215679789,6.581034984588623,6.075580003261567,0,0,,,,,,
2018-09-30,7.0254998207092285,0,44.15999984741211,53.22499847412109,185.7899932861328,0.0,1.9246215679789,6.581034984588623,6.075580003261567,0,0,,,,,,
2018-10-01,7.234000205993652,622060000,44.65999984741211,53.3650016784668,186.1699981689453,2.96776586158074,1.7145125619925146,6.600269985198975,6.088477504253388,1,0,,,,,,
2018-10-02,7.162000179290772,383964000,43.619998931884766,53.32500076293945,185.75,-0.9953003131410788,1.7330823778619209,6.618804988861084,6.100978755950928,1,0,,,,,,
2018-10-03,7.16825008392334,320552000,43.959999084472656,53.52999877929688,185.9499969482422,0.0872647930202585,1.7038425282791063,6.637814989089966,6.112875006198883,1,0,,,,,,
2018-10-04,6.982250213623047,391220000,42.43000030517578,52.32500076293945,182.3800048828125,-2.594773733096256,1.6706751026719036,6.651524991989136,6.123048756122589,1,0,,,,,,
2018-10-05,6.746500015258789,426636000,41.630001068115234,51.1349983215332,180.1499938964844,-3.376421513859329,1.7745620498355927,6.659034996032715,6.132267506122589,1,0,,,,,,
2018-10-06,6.746500015258789,0,41.630001068115234,51.1349983215332,180.1499938964844,0.0,1.7745620498355927,6.659034996032715,6.132267506122589,0,0,,,,,,
2018-10-07,6.746500015258789,0,41.630001068115234,51.1349983215332,180.1499938964844,0.0,1.7745620498355927,6.659034996032715,6.132267506122589,0,0,,,,,,
2018-10-08,6.64424991607666,408612000,40.959999084472656,50.53499984741211,179.0500030517578,-1.5156021485343008,1.7568700897943936,6.665909996032715,6.140888755321503,1,0,,,,,,
2018-10-09,6.638500213623047,273500000,40.900001525878906,50.43999862670898,179.6300048828125,-0.0865365169317455,1.7363755689744298,6.676614999771118,6.1495950055122375,1,0,,,,,,
2018-10-10,6.142250061035156,684940000,39.34999847412109,48.150001525878906,171.72999572753906,-7.475335341098921,2.195988839835885,6.677030000686646,6.155897505283356,1,0,,,,,,
2018-10-11,5.8782501220703125,725436000,38.93999862670898,47.72499847412109,169.60000610351562,-4.2980981943342105,2.281658043336227,6.671360006332398,6.160608756542206,1,0,,,,,,
2018-10-12,6.16349983215332,608236000,39.65999984741211,48.66999816894531,174.32000732421875,4.852629679911336,2.484918421237933,6.6693200016021725,6.166780006885529,1,0,,,,,,
2018-10-13,6.16349983215332,0,39.65999984741211,48.66999816894531,174.32000732421875,0.0,2.484918421237933,6.6693200016021725,6.166780006885529,0,0,,,,,,
2018-10-14,6.16349983215332,0,39.65999984741211,48.66999816894531,174.32000732421875,0.0,2.484918421237933,6.6693200016021725,6.166780006885529,0,0,,,,,,
2018-10-15,5.884500026702881,449760000,38.75,48.13999938964844,172.2100067138672,-4.526645786456784,2.582302091714252,6.660960006713867,6.171527507305146,1,0,,,,,,
2018-10-16,6.145750045776367,408712000,40.0099983215332,49.77000045776367,177.22000122070312,4.439629839204295,2.7245522483141107,6.656860008239746,6.17806875705719,1,0,,,,,,
2018-10-17,6.076499938964844,329668000,39.56999969482422,49.525001525878906,177.2899932861328,-1.12679666917328,2.714628213863912,6.649915008544922,6.183532507419586,1,0,,,,,,
2018-10-18,5.988249778747559,524020000,38.540000915527344,48.23500061035156,173.17999267578125,-1.4523189517602342,2.704453269859308,6.640470008850098,6.186915006637573,1,0,,,,,,
2018-10-19,5.729249954223633,613608000,38.45000076293945,47.540000915527344,173.02000427246094,-4.325133955552795,2.7978027298755106,6.626825008392334,6.188862507343292,1,0,,,,,,
2018-10-20,5.729249954223633,0,38.45000076293945,47.540000915527344,173.02000427246094,0.0,2.7978027298755106,6.626825008392334,6.188862507343292,0,0,,,,,,
2018-10-21,5.729249954223633,0,38.45000076293945,47.540000915527344,173.02000427246094,0.0,2.7978027298755106,6.626825008392334,6.188862507343292,0,0,,,,,,
2018-10-22,5.7804999351501465,368844000,38.720001220703125,47.79499816894531,173.91000366210938,0.8945321173975396,2.794806932228984,6.615040006637574,6.190840005874634,1,0,,,,,,
2018-10-23,5.526500225067139,626436000,38.0,47.60499954223633,173.27000427246094,-4.394078590650663,2.88233082061874,6.597510013580322,6.190722506046296,1,0,,,,,,
2018-10-24,4.985249996185303,884288000,36.47999954223633,44.40999984741211,165.33999633789062,-9.793724904358625,3.327722222933603,6.566500015258789,6.187906255722046,1,0,,,,,,
2018-10-25,5.196000099182129,951720000,37.38999938964844,45.665000915527344,171.05999755859375,4.227473108832891,3.4391418236712283,6.540880012512207,6.185926256179809,1,0,,,,,,
2018-10-26,4.957250118255615,664784000,36.66999816894531,44.84000015258789,166.66000366210938,-4.59488022265615,3.466617355524207,6.511305017471313,6.182702505588532,1,0,,,,,,
2018-10-27,4.957250118255615,0,36.66999816894531,44.84000015258789,166.66000366210938,0.0,3.466617355524207,6.511305017471313,6.182702505588532,0,0,,,,,,
2018-10-28,4.957250118255615,0,36.66999816894531,44.84000015258789,166.66000366210938,0.0,3.466617355524207,6.511305017471313,6.182702505588532,0,0,,,,,,
2018-10-29,4.640500068664551,758016000,36.33000183105469,44.32500076293945,163.22999572753906,-6.389632195974892,3.601144706076596,6.481705017089844,6.178032505512237,1,0,,,,,,
2018-10-30,5.074999809265137,807192000,37.77999877929688,46.209999084472656,165.9199981689453,9.363209442331222,4.087575800136301,6.459285011291504,6.175893754959106,1,0,,,,,,
2018-10-31,5.270750045776367,745772000,38.09999847412109,46.72999954223633,169.82000732421875,3.857147662426708,4.173110614420618,6.438040008544922,6.1741575050354,1,0,,,,,,
2018-11-01,5.452750205993652,566528000,39.04999923706055,48.98500061035156,172.05999755859375,3.453022029817721,4.234415220258327,6.415685014724732,6.173366255760193,1,0,,,,,,
2018-11-02,5.373000144958496,452960000,38.77999877929688,48.20500183105469,169.3800048828125,-1.4625658249940554,4.236629188277648,6.389725017547607,6.171467506885529,1,0,,,,,,
2018-11-03,5.373000144958496,0,38.77999877929688,48.20500183105469,169.3800048828125,0.0,4.236629188277648,6.389725017547607,6.171467506885529,0,0,,,,,,
2018-11-04,5.373000144958496,0,38.77999877929688,48.20500183105469,169.3800048828125,0.0,4.236629188277648,6.389725017547607,6.171467506885529,0,0,,,,,,
2018-11-05,5.294250011444092,379332000,38.47999954223633,47.7599983215332,168.9600067138672,-1.4656640869123327,4.230546093184853,6.3595000171661376,6.168727507591248,1,0,,,,,,
2018-11-06,5.276500225067139,299012000,38.72999954223633,48.255001068115234,170.24000549316406,-0.3352653603170386,4.219138206872941,6.327080020904541,6.165246257781982,1,0,,,,,,
2018-11-07,5.344749927520752,483812000,39.18000030517578,48.84999847412109,175.5800018310547,1.2934653566274656,4.234971681527674,6.296785020828247,6.162495007514954,1,0,,,,,,
2018-11-08,5.149750232696533,511352000,38.70000076293945,48.625,174.4600067138672,-3.648434397653333,4.266663941258465,6.260535020828247,6.158700008392334,1,0,,,,,,
2018-11-09,5.141749858856201,413240000,38.06999969482422,47.744998931884766,171.52000427246094,-0.1553545993267069,4.122802422612408,6.2244650173187255,6.153992507457733,1,0,,,,,,
2018-11-10,5.141749858856201,0,38.06999969482422,47.744998931884766,171.52000427246094,0.0,4.122802422612408,6.2244650173187255,6.153992507457733,0,0,,,,,,
2018-11-11,5.141749858856201,0,38.06999969482422,47.744998931884766,171.52000427246094,0.0,4.122802422612408,6.2244650173187255,6.153992507457733,0,0,,,,,,
2018-11-12,4.738500118255615,617116000,37.060001373291016,45.65499877929688,166.3300018310547,-7.842655743083737,4.239131024224122,6.178895015716552,6.146828758716583,1,0,,,,,,
2018-11-13,4.982749938964844,644712000,37.400001525878906,46.244998931884766,166.47000122070312,5.154580871871839,4.400640226994418,6.136700010299682,6.141402509212494,1,0,,,,,,
2018-11-14,4.929749965667725,526580000,37.84000015258789,46.48500061035156,165.1999969482422,-1.063669137450829,4.39487469168845,6.096085014343262,6.1353262591362,1,0,,,,,,
2018-11-15,5.059750080108643,840708000,38.52000045776367,47.95500183105469,168.08999633789062,2.637052900172998,4.438995231713934,6.06092001914978,6.130562510490417,1,0,,,,,,
2018-11-16,4.110750198364258,1963520000,36.869998931884766,47.13999938964844,167.5,-18.755864750616457,5.48992830107487,6.007205018997192,6.121926262378692,1,0,,,,,,
2018-11-17,4.110750198364258,0,36.869998931884766,47.13999938964844,167.5,0.0,5.48992830107487,6.007205018997192,6.121926262378692,0,0,,,,,,
2018-11-18,4.110750198364258,0,36.869998931884766,47.13999938964844,167.5,0.0,5.48992830107487,6.007205018997192,6.121926262378692,0,0,,,,,,
2018-11-19,3.617500066757202,1697820000,36.04999923706055,45.369998931884766,162.05999755859375,-11.99902956407638,5.815943207969473,5.942190022468567,6.113301261663437,1,0,,,,,,
2018-11-20,3.7269999980926514,1692032000,35.63999938964844,45.33000183105469,159.16000366210938,3.0269503611538795,5.8756731969591485,5.880330018997192,6.103738760948181,1,0,,,,,,
2018-11-21,3.6177499294281006,1025496000,36.16999816894531,45.52999877929688,160.3699951171875,-2.9313138910775693,5.780258281841949,5.818585019111634,6.093227511644363,1,0,,,,,,
2018-11-22,3.6177499294281006,0,36.16999816894531,45.52999877929688,160.3699951171875,0.0,5.780258281841949,5.818585019111634,6.093227511644363,0,0,,,,,,
2018-11-23,3.625,411968000,35.959999084472656,45.46500015258789,159.2100067138672,0.2004027562249266,5.765611036346398,5.755415015220642,6.084162510633469,1,0,,,,,,
2018-11-24,3.625,0,35.959999084472656,45.46500015258789,159.2100067138672,0.0,5.765611036346398,5.755415015220642,6.084162510633469,0,0,,,,,,
2018-11-25,3.625,0,35.959999084472656,45.46500015258789,159.2100067138672,0.0,5.765611036346398,5.755415015220642,6.084162510633469,0,0,,,,,,
2018-11-26,3.826250076293945,814832000,36.84000015258789,46.369998931884766,162.88999938964844,5.5517262425915925,5.793221052998845,5.693725018501282,6.074283760786057,1,0,,,,,,
2018-11-27,3.843250036239624,738060000,36.79999923706055,46.43999862670898,163.44000244140625,0.4442981929227318,5.771920840060205,5.633625020980835,6.064996261596679,1,0,,,,,,
2018-11-28,4.0017499923706055,804524000,38.0099983215332,47.66999816894531,168.6999969482422,4.124112525503643,5.761493384444662,5.578150024414063,6.055926260948181,1,0,,,,,,
2018-11-29,3.934000015258789,549172000,37.93000030517578,47.220001220703125,168.14999389648438,-1.693008739700952,5.762002310822471,5.52084002494812,6.04541876077652,1,0,,,,,,
2018-11-30,4.085750102996826,729564000,37.59000015258789,48.375,169.3699951171875,3.857399266635597,5.837239774866405,5.46941502571106,6.035035011768341,1,0,,,,,,
2018-12-01,4.085750102996826,0,37.59000015258789,48.375,169.3699951171875,0.0,5.837239774866405,5.46941502571106,6.035035011768341,0,0,,,,,,
2018-12-02,4.085750102996826,0,37.59000015258789,48.375,169.3699951171875,0.0,5.837239774866405,5.46941502571106,6.035035011768341,0,0,,,,,,
2018-12-03,4.250999927520752,890804000,38.72999954223633,49.22499847412109,172.3300018310547,4.044540668376118,5.877268482801325,5.422710027694702,6.025810010433197,1,0,,,,,,
2018-12-04,3.9277501106262207,812112000,37.43999862670898,46.80500030517578,165.72000122070312,-7.604088976850576,5.995742653239334,5.368415031433106,6.014313759803772,1,0,,,,,,
2018-12-05,3.9277501106262207,0,37.43999862670898,46.80500030517578,165.72000122070312,0.0,5.995742653239334,5.368415031433106,6.014313759803772,0,0,,,,,,
2018-12-06,3.9572501182556152,692308000,36.86000061035156,46.52999877929688,166.88999938964844,0.751066305098802,5.971702332941088,5.313355035781861,6.003911261558533,1,0,,,,,,
2018-12-07,3.690249919891357,681676000,36.52000045776367,44.76499938964844,161.3800048828125,-6.747114546349509,5.840136726767499,5.253700037002563,5.992093760967254,1,0,,,,,,
2018-12-08,3.690249919891357,0,36.52000045776367,44.76499938964844,161.3800048828125,0.0,5.840136726767499,5.253700037002563,5.992093760967254,0,0,,,,,,
2018-12-09,3.690249919891357,0,36.52000045776367,44.76499938964844,161.3800048828125,0.0,5.840136726767499,5.253700037002563,5.992093760967254,0,0,,,,,,
2018-12-10,3.796499967575073,629472000,36.43000030517578,45.28499984741211,163.07000732421875,2.879210080352612,5.805010061546507,5.195930037498474,5.980335010290146,1,0,,,,,,
2018-12-11,3.704750061035156,671912000,36.70000076293945,45.5099983215332,163.61000061035156,-2.4166971506263457,5.770311334245188,5.129515042304993,5.968036259412766,1,0,,,,,,
2018-12-12,3.722500085830689,654136000,37.380001068115234,46.20000076293945,165.0500030517578,0.4791153115082824,5.676203356897212,5.0592850399017335,5.955891258716584,1,0,,,,,,
2018-12-13,3.722249984741211,471384000,37.33000183105469,46.04499816894531,165.10000610351562,-0.0067186322017742,5.359946265767177,4.990490036010742,5.944252507686615,1,0,,,,,,
2018-12-14,3.661250114440918,471820000,36.52999877929688,45.33000183105469,161.0800018310547,-1.6387902626194495,5.285894724387638,4.920350036621094,5.933532507419586,1,0,,,,,,
2018-12-15,3.661250114440918,0,36.52999877929688,45.33000183105469,161.0800018310547,0.0,5.285894724387638,4.920350036621094,5.933532507419586,0,0,,,,,,
2018-12-16,3.661250114440918,0,36.52999877929688,45.33000183105469,161.0800018310547,0.0,5.285894724387638,4.920350036621094,5.933532507419586,0,0,,,,,,
2018-12-17,3.5894999504089355,662868000,36.220001220703125,44.900001525878906,157.42999267578125,-1.959717631663049,5.218403561242464,4.852495031356812,5.921912508010864,1,0,,,,,,
2018-12-18,3.673500061035156,564372000,36.7599983215332,45.43999862670898,158.4199981689453,2.3401619107600524,5.258907490245603,4.7910350322723385,5.910823757648468,1,0,,,,,,
2018-12-19,3.46274995803833,745364000,36.22999954223633,43.470001220703125,154.52999877929688,-5.737038233162273,5.326093556267038,4.727405033111572,5.897867507934571,1,0,,,,,,
2018-12-20,3.377500057220459,749588000,35.880001068115234,42.310001373291016,152.2899932861328,-2.461913272714777,5.327536158537884,4.662185029983521,5.884525008201599,1,0,,,,,,
2018-12-21,3.2392499446868896,863740000,35.709999084472656,41.58000183105469,147.57000732421875,-4.093267511217846,5.326869409798372,4.604125027656555,5.870573757886887,1,0,,,,,,
2018-12-22,3.2392499446868896,0,35.709999084472656,41.58000183105469,147.57000732421875,0.0,5.326869409798372,4.604125027656555,5.870573757886887,0,0,,,,,,
2018-12-23,3.2392499446868896,0,35.709999084472656,41.58000183105469,147.57000732421875,0.0,5.326869409798372,4.604125027656555,5.870573757886887,0,0,,,,,,
2018-12-24,3.177000045776367,463840000,35.290000915527344,40.47999954223633,143.5,-1.921738055830691,5.312262003547182,4.550100026130676,5.855792506933212,1,0,,,,,,
2018-12-25,3.177000045776367,0,35.290000915527344,40.47999954223633,143.5,0.0,5.312262003547182,4.550100026130676,5.855792506933212,0,0,,,,,,
2018-12-26,3.327500104904175,695100000,36.7599983215332,42.755001068115234,152.4600067138672,4.737175226921653,5.427271565145057,4.493380031585693,5.8412100076675415,1,0,,,,,,
2018-12-27,3.279249906539917,637044000,36.77999877929688,43.130001068115234,153.0500030517578,-1.4500434813854768,5.284674151197035,4.441275029182434,5.826642507314682,1,0,,,,,,
2018-12-28,3.341249942779541,628728000,37.13999938964844,43.42499923706055,152.97000122070312,1.890677380701456,5.184651169093087,4.385185027122498,5.812256256341934,1,0,,,,,,
2018-12-29,3.341249942779541,0,37.13999938964844,43.42499923706055,152.97000122070312,0.0,5.184651169093087,4.385185027122498,5.812256256341934,0,0,,,,,,
2018-12-30,3.341249942779541,0,37.13999938964844,43.42499923706055,152.97000122070312,0.0,5.184651169093087,4.385185027122498,5.812256256341934,0,0,,,,,,
2018-12-31,3.337500095367432,465140000,36.90999984741211,43.63999938964844,154.25999450683594,-0.1122288806981619,5.188320497637324,4.3304050302505495,5.797776256799698,1,0,,,,,,
2019-01-01,3.337500095367432,0,36.90999984741211,43.63999938964844,154.25999450683594,0.0,5.188320497637324,4.3304050302505495,5.797776256799698,0,0,,,,,,
2019-01-02,3.4054999351501465,508752000,36.52000045776367,43.959999084472656,154.8800048828125,2.0374483247836084,5.174356216138516,4.278750033378601,5.783493756055832,1,0,,,,,,
2019-01-03,3.1997499465942383,705552000,34.36000061035156,41.31999969482422,149.82000732421875,-6.041697033444127,4.091967973516495,4.228160033226013,5.7693675053119655,1,0,,,,,,
2019-01-04,3.404750108718872,585620000,34.970001220703125,43.244998931884766,156.22999572753906,6.406755701108224,3.708827801710464,4.180645036697388,5.755193755626679,1,0,,,,,,
2019-01-05,3.404750108718872,0,34.970001220703125,43.244998931884766,156.22999572753906,0.0,3.708827801710464,4.180645036697388,5.755193755626679,0,0,,,,,,
2019-01-06,3.404750108718872,0,34.970001220703125,43.244998931884766,156.22999572753906,0.0,3.708827801710464,4.180645036697388,5.755193755626679,0,0,,,,,,
2019-01-07,3.5850000381469727,709160000,35.22999954223633,44.08000183105469,158.08999633789062,5.294072213009615,3.79751015126116,4.141815032958984,5.742048754692077,1,0,,,,,,
2019-01-08,3.4957499504089355,786016000,34.939998626708984,43.82500076293945,159.52000427246094,-2.489542169828507,3.7868305022457625,4.112025032043457,5.729296255111694,1,0,,,,,,
2019-01-09,3.564500093460083,617260000,35.61000061035156,44.94499969482422,160.82000732421875,1.9666779382519817,3.8044592385532168,4.079395031929016,5.7179975044727325,1,0,,,,,,
2019-01-10,3.630749940872192,523156000,36.41999816894531,45.40999984741211,161.27999877929688,1.8586013655508271,3.676709375640101,4.052865028381348,5.705591254234314,1,0,,,,,,
2019-01-11,3.720750093460083,874764000,36.61000061035156,45.78499984741211,160.69000244140625,2.478830931724008,3.7059098668291934,4.034470028877259,5.696005004644394,1,0,,,,,,
2019-01-12,3.720750093460083,0,36.61000061035156,45.78499984741211,160.69000244140625,0.0,3.7059098668291934,4.034470028877259,5.696005004644394,0,0,,,,,,
2019-01-13,3.720750093460083,0,36.61000061035156,45.78499984741211,160.69000244140625,0.0,3.7059098668291934,4.034470028877259,5.696005004644394,0,0,,,,,,
2019-01-14,3.760999917984009,730168000,35.7599983215332,45.0,159.27000427246094,1.0817664049695974,3.6288291917465294,4.008190031051636,5.687141253948211,1,0,,,,,,
2019-01-15,3.7467501163482666,617012000,36.040000915527344,45.119998931884766,162.3800048828125,-0.3788833274790515,3.617378763916549,3.9777100324630736,5.676926254034043,1,0,,,,,,
2019-01-16,3.720999956130981,470104000,35.63999938964844,44.76499938964844,162.35000610351562,-0.6872665488133034,3.5403398841478864,3.94307502746582,5.667900004386902,1,0,,,,,,
2019-01-17,3.7929999828338623,493436000,36.290000915527344,45.31999969482422,163.6300048828125,1.934964459869137,3.472397283455372,3.911475024223328,5.658696254491806,1,0,,,,,,
2019-01-18,3.923249959945679,651336000,36.84000015258789,46.43999862670898,165.25,3.433956701853269,3.2517858385726672,3.8840550231933593,5.650032503604889,1,0,,,,,,
2019-01-19,3.923249959945679,0,36.84000015258789,46.43999862670898,165.25,0.0,3.2517858385726672,3.8840550231933593,5.650032503604889,0,0,,,,,,
2019-01-20,3.923249959945679,0,36.84000015258789,46.43999862670898,165.25,0.0,3.2517858385726672,3.8840550231933593,5.650032503604889,0,0,,,,,,
2019-01-21,3.923249959945679,0,36.84000015258789,46.43999862670898,165.25,0.0,3.2517858385726672,3.8840550231933593,5.650032503604889,0,0,,,,,,
2019-01-22,3.719249963760376,661552000,36.369998931884766,45.095001220703125,161.94000244140625,-5.199770554209793,3.386121627568954,3.852910017967224,5.640956252813339,1,0,,,,,,
2019-01-23,3.732249975204468,591020000,36.4900016784668,44.915000915527344,162.14999389648438,0.3495331470259044,3.148992857823284,3.8206600189208975,5.632836253643036,1,0,,,,,,
2019-01-24,3.946000099182129,708972000,37.63999938964844,47.560001373291016,163.1999969482422,5.727111672522711,3.276454665210182,3.7965850162506105,5.625640003681183,1,0,,,,,,
2019-01-25,4.003749847412109,1154572000,38.13999938964844,48.44499969482422,165.14999389648438,1.4635009320438153,3.246837204191802,3.773825016021728,5.61717000246048,1,0,,,,,,
2019-01-26,4.003749847412109,0,38.13999938964844,48.44499969482422,165.14999389648438,0.0,3.246837204191802,3.773825016021728,5.61717000246048,0,0,,,,,,
2019-01-27,4.003749847412109,0,38.13999938964844,48.44499969482422,165.14999389648438,0.0,3.246837204191802,3.773825016021728,5.61717000246048,0,0,,,,,,
2019-01-28,3.4502499103546143,2511528000,37.43999862670898,47.540000915527344,163.11000061035156,-13.824538449005727,4.146685493015003,3.748060011863709,5.606141251325608,1,0,,,,,,
2019-01-29,3.289999961853028,1153932000,36.33000183105469,46.90999984741211,161.57000732421875,-4.644589599746318,4.226205760260117,3.714205012321472,5.593266252279282,1,0,,,,,,
2019-01-30,3.4347500801086426,974228000,37.380001068115234,48.33000183105469,165.67999267578125,4.39969969404157,4.304370550228923,3.6843050146102905,5.581502503156662,1,0,,,,,,
2019-01-31,3.59375,842852000,37.619998931884766,48.29499816894531,168.16000366210938,4.62915543148712,4.3747864917856365,3.6549850130081176,5.570535002946854,1,0,,,,,,
2019-02-01,3.618249893188477,625048000,37.56999969482422,48.90999984741211,167.4499969482422,0.6817361582880377,4.355935257106808,3.645135006904602,5.558933752775192,1,0,,,,,,
2019-02-02,3.618249893188477,0,37.56999969482422,48.90999984741211,167.4499969482422,0.0,4.355935257106808,3.645135006904602,5.558933752775192,0,0,,,,,,
2019-02-03,3.618249893188477,0,37.56999969482422,48.90999984741211,167.4499969482422,0.0,4.355935257106808,3.645135006904602,5.558933752775192,0,0,,,,,,
2019-02-04,3.7295000553131104,528592000,37.93999862670898,49.150001525878906,169.52999877929688,3.0746953750780737,4.248415946510314,3.64737500667572,5.548035004138947,1,0,,,,,,
2019-02-05,3.7487499713897705,542424000,38.25,49.42499923706055,171.02999877929688,0.5161527226480667,4.215400842626683,3.647810006141664,5.538148754835129,1,0,,,,,,
2019-02-06,3.825000047683716,702464000,38.7400016784668,50.650001525878906,170.52000427246094,2.0340133878194333,4.13600900811263,3.651955008506775,5.528685004711151,1,0,,,,,,
2019-02-07,3.685499906539917,637120000,38.119998931884766,49.560001373291016,168.22999572753906,-3.647062468097884,4.184590121159148,3.653165006637573,5.5191275036335,1,0,,,,,,
2019-02-08,3.70425009727478,461604000,37.790000915527344,49.42499923706055,168.55999755859375,0.5087556969297635,4.11043292997998,3.65072500705719,5.509998753070831,1,0,,,,,,
2019-02-09,3.70425009727478,0,37.790000915527344,49.42499923706055,168.55999755859375,0.0,4.11043292997998,3.65072500705719,5.509998753070831,0,0,,,,,,
2019-02-10,3.70425009727478,0,37.790000915527344,49.42499923706055,168.55999755859375,0.0,4.11043292997998,3.65072500705719,5.509998753070831,0,0,,,,,,
2019-02-11,3.661250114440918,495180000,38.290000915527344,49.63999938964844,168.39999389648438,-1.1608282838541983,4.106176687867063,3.647085008621216,5.501222503185272,1,0,,,,,,
2019-02-12,3.779249906539917,591060000,38.63999938964844,50.744998931884766,170.88999938964844,3.2229372047972715,4.129403113304902,3.642635006904602,5.491966253519058,1,0,,,,,,
2019-02-13,3.822000026702881,605372000,38.130001068115234,50.8650016784668,171.00999450683594,1.1311800283168694,4.129316103273725,3.640395007133484,5.482785004377365,1,0,,,,,,
2019-02-14,3.8632500171661377,827264000,38.060001373291016,51.01499938964844,171.22000122070312,1.0792776079293187,4.121020276449717,3.63594500541687,5.473988754749298,1,0,,,,,,
2019-02-15,3.933500051498413,1516748000,38.09000015258789,51.275001525878906,171.94000244140625,1.8184180164401376,3.9360495718952953,3.629595007896423,5.46526375412941,1,0,,,,,,
2019-02-16,3.933500051498413,0,38.09000015258789,51.275001525878906,171.94000244140625,0.0,3.9360495718952953,3.629595007896423,5.46526375412941,0,0,,,,,,
2019-02-17,3.933500051498413,0,38.09000015258789,51.275001525878906,171.94000244140625,0.0,3.9360495718952953,3.629595007896423,5.46526375412941,0,0,,,,,,
2019-02-18,3.933500051498413,0,38.09000015258789,51.275001525878906,171.94000244140625,0.0,3.9360495718952953,3.629595007896423,5.46526375412941,0,0,,,,,,
2019-02-19,3.9159998893737793,551892000,38.459999084472656,51.21500015258789,172.27999877929688,-0.4449005185081289,3.793831853229205,3.6293600034713744,5.4565550029277805,1,0,,,,,,
2019-02-20,3.963749885559082,540988000,39.0,51.68000030517578,172.25,1.2193564232438892,3.689269632485406,3.629489998817444,5.447250002622605,1,0,,,,,,
2019-02-21,3.89424991607666,448548000,38.97999954223633,51.36000061035156,171.6199951171875,-1.7533893784677843,3.671763861579132,3.63356999874115,5.436838752031326,1,0,,,,,,
2019-02-22,3.979749917984009,401740000,39.38999938964844,52.09000015258789,172.88999938964844,2.1955448096532937,3.675305010910208,3.637234997749329,5.425652501583099,1,0,,,,,,
2019-02-23,3.979749917984009,0,39.38999938964844,52.09000015258789,172.88999938964844,0.0,3.675305010910208,3.637234997749329,5.425652501583099,0,0,,,,,,
2019-02-24,3.979749917984009,0,39.38999938964844,52.09000015258789,172.88999938964844,0.0,3.675305010910208,3.637234997749329,5.425652501583099,0,0,,,,,,
2019-02-25,3.967250108718872,656020000,39.58000183105469,52.56499862670898,173.52000427246094,-0.3140852948737227,3.667716677308957,3.642484998703003,5.414188750982285,1,0,,,,,,
2019-02-26,3.927500009536743,488464000,39.59999847412109,52.22499847412109,173.6999969482422,-1.0019559667985067,3.6535429656196943,3.646584997177124,5.401853752136231,1,0,,,,,,
2019-02-27,3.8852500915527344,500256000,39.45000076293945,51.68999862670898,173.58999633789062,-1.0757458403925613,3.657800025054876,3.6498449993133546,5.388763751983642,1,0,,,,,,
2019-02-28,3.8564999103546143,324944000,39.04999923706055,51.665000915527344,173.19000244140625,-0.739982768693026,3.660283011683112,3.653749995231629,5.376230002641678,1,0,,,,,,
2019-03-01,3.911250114440918,357188000,39.38999938964844,52.13999938964844,174.38999938964844,1.419686382963481,3.663594304080004,3.660184998512268,5.363866254091263,1,0,,,,,,
2019-03-02,3.911250114440918,0,39.38999938964844,52.13999938964844,174.38999938964844,0.0,3.663594304080004,3.660184998512268,5.363866254091263,0,0,,,,,,
2019-03-03,3.911250114440918,0,39.38999938964844,52.13999938964844,174.38999938964844,0.0,3.663594304080004,3.660184998512268,5.363866254091263,0,0,,,,,,
2019-03-04,3.919500112533569,409992000,39.150001525878906,52.165000915527344,174.4199981689453,0.2109299546503296,3.649494170921892,3.665104999542237,5.352768754959106,1,0,,,,,,
2019-03-05,3.913000106811523,362924000,39.02000045776367,51.91999816894531,174.5500030517578,-0.1658376204980993,3.5975228718559884,3.6741100025177,5.341582505702973,1,0,,,,,,
2019-03-06,3.8012499809265137,403524000,38.790000915527344,51.04499816894531,173.55999755859375,-2.8558682043090533,3.503649060435516,3.682585000991821,5.329625005722046,1,0,,,,,,
2019-03-07,3.7314999103546143,450104000,38.630001068115234,50.4900016784668,171.42999267578125,-1.8349245885401768,3.5216918169196023,3.692430000305176,5.317540005445481,1,0,,,,,,
2019-03-08,3.766000032424927,422416000,38.20000076293945,50.47499847412109,171.1699981689453,0.9245644619896076,3.3607855159984474,3.704210000038147,5.305840005874634,1,0,,,,,,
2019-03-09,3.766000032424927,0,38.20000076293945,50.47499847412109,171.1699981689453,0.0,3.3607855159984474,3.704210000038147,5.305840005874634,0,0,,,,,,
2019-03-10,3.766000032424927,0,38.20000076293945,50.47499847412109,171.1699981689453,0.0,3.3607855159984474,3.704210000038147,5.305840005874634,0,0,,,,,,
2019-03-11,4.028500080108643,859728000,38.63999938964844,51.54999923706055,174.72999572753906,6.970261429198454,3.5914676461520303,3.718229999542237,5.295645005702973,1,0,,,,,,
2019-03-12,4.063000202178955,579576000,38.900001525878906,51.80500030517578,175.69000244140625,0.8564011762259183,2.44930566386314,3.733905005455017,5.285017507076264,1,0,,,,,,
2019-03-13,4.215499877929688,768900000,39.209999084472656,52.01499938964844,177.00999450683594,3.7533760315578535,2.307999085490154,3.75139000415802,5.275133757591248,1,0,,,,,,
2019-03-14,4.138999938964844,519384000,38.81999969482422,51.72499847412109,176.7100067138672,-1.8147299532698449,2.2572094298385466,3.767420001029968,5.264668757915497,1,0,,,,,,
2019-03-15,4.245250225067139,661484000,39.650001525878906,53.11000061035156,178.35000610351562,2.567052130202918,2.161144841195521,3.784215006828308,5.254821259975433,1,0,,,,,,
2019-03-16,4.245250225067139,0,39.650001525878906,53.11000061035156,178.35000610351562,0.0,2.161144841195521,3.784215006828308,5.254821259975433,0,0,,,,,,
2019-03-17,4.245250225067139,0,39.650001525878906,53.11000061035156,178.35000610351562,0.0,2.161144841195521,3.784215006828308,5.254821259975433,0,0,,,,,,
2019-03-18,4.223750114440918,486992000,39.84999847412109,52.96500015258789,178.4499969482422,-0.5064509625196667,2.170069532145184,3.8046950101852417,5.244316260814667,1,0,,,,,,
2019-03-19,4.392749786376953,854972000,39.7599983215332,53.57500076293945,179.0500030517578,4.001175906648191,2.21354848551096,3.8244550037384033,5.234756259918213,1,0,,,,,,
2019-03-20,4.360000133514404,719148000,39.84999847412109,53.1150016784668,179.75999450683594,-0.745538773096388,2.226563078215145,3.839955005645752,5.224353761672973,1,0,,,,,,
2019-03-21,4.598499774932861,824312000,41.040000915527344,54.94499969482422,182.57000732421875,5.470175094380392,2.38913266388393,3.862010002136232,5.214240009784699,1,0,,,,,,
2019-03-22,4.4375,747644000,40.43000030517578,53.375,178.55999755859375,-3.501136953632056,2.380229186792145,3.8794700002670286,5.203293759822845,1,0,,,,,,
2019-03-23,4.4375,0,40.43000030517578,53.375,178.55999755859375,0.0,2.380229186792145,3.8794700002670286,5.203293759822845,0,0,,,,,,
2019-03-24,4.4375,0,40.43000030517578,53.375,178.55999755859375,0.0,2.380229186792145,3.8794700002670286,5.203293759822845,0,0,,,,,,
2019-03-25,4.3445000648498535,525212000,39.91999816894531,52.70000076293945,178.22000122070312,-2.095773186482175,2.432402890716183,3.893745002746582,5.191872510910034,1,0,,,,,,
2019-03-26,4.421750068664551,703508000,40.400001525878906,53.18999862670898,179.0500030517578,1.778110315608128,2.419816484646023,3.907765002250672,5.181118760108948,1,0,,,,,,
2019-03-27,4.412499904632568,474372000,40.20000076293945,52.415000915527344,177.89999389648438,-0.2091968991539183,2.3751352380813926,3.9207950019836426,5.170396258831024,1,0,,,,,,
2019-03-28,4.431250095367432,480264000,40.34000015258789,52.31499862670898,178.30999755859375,0.4249335102574747,2.3726187908542147,3.934485001564026,5.159975008964539,1,0,,,,,,
2019-03-29,4.488999843597412,456896000,40.959999084472656,53.165000915527344,179.66000366210938,1.3032382959010658,2.3747873413304244,3.9498449993133535,5.149597508907318,1,0,,,,,,
2019-03-30,4.488999843597412,0,40.959999084472656,53.165000915527344,179.66000366210938,0.0,2.3747873413304244,3.9498449993133535,5.149597508907318,0,0,,,,,,
2019-03-31,4.488999843597412,0,40.959999084472656,53.165000915527344,179.66000366210938,0.0,2.3747873413304244,3.9498449993133535,5.149597508907318,0,0,,,,,,
2019-04-01,4.557000160217285,483824000,41.369998931884766,54.47499847412109,182.0399932861328,1.5148210957694808,2.3697422736009326,3.965125002861023,5.139582509994507,1,0,,,,,,
2019-04-02,4.574999809265137,440920000,41.27000045776367,54.52000045776367,182.72999572753903,0.3949889930878081,2.362921549692503,3.978159999847412,5.129093759059906,1,0,,,,,,
2019-04-03,4.715499877929688,783504000,41.790000915527344,55.790000915527344,183.77999877929688,3.071039880264359,2.404919106183208,3.9980849981307984,5.119513759613037,1,0,,,,,,
2019-04-04,4.706500053405762,457376000,42.040000915527344,55.84999847412109,183.7100067138672,-0.1908562136974767,2.3686595494683984,4.017569999694825,5.109910008907318,1,0,,,,,,
2019-04-05,4.773749828338623,481744000,42.22999954223633,56.27000045776367,184.66000366210932,1.4288701618986988,2.3556226187666938,4.0341249942779545,5.101257507801056,1,0,,,,,,
2019-04-06,4.773749828338623,0,42.22999954223633,56.27000045776367,184.66000366210932,0.0,2.3556226187666938,4.0341249942779545,5.101257507801056,0,0,,,,,,
2019-04-07,4.773749828338623,0,42.22999954223633,56.27000045776367,184.66000366210932,0.0,2.3556226187666938,4.0341249942779545,5.101257507801056,0,0,,,,,,
2019-04-08,4.794750213623047,424192000,42.38999938964844,56.3849983215332,185.1300048828125,0.4399138212010767,2.3491653045313248,4.049945001602173,5.092442507743836,1,0,,,,,,
2019-04-09,4.731500148773193,439972000,42.209999084472656,55.77000045776367,184.47999572753903,-1.3191524486540485,2.35760080649735,4.075570006370544,5.08396125793457,1,0,,,,,,
2019-04-10,4.802499771118164,444772000,42.369998931884766,56.220001220703125,185.47000122070312,1.5005731821308377,2.3394561741099933,4.105820002555848,5.076605007648468,1,0,,,,,,
2019-04-11,4.78849983215332,374600000,42.09999847412109,56.165000915527344,185.02999877929688,-0.2915135790122924,2.331123988944608,4.132894997596741,5.070657505989074,1,0,,,,,,
2019-04-12,4.750249862670898,471708000,42.58000183105469,56.95500183105469,185.8300018310547,-0.7987881554382681,2.344296929986006,4.156024994850159,5.064160006046295,1,0,,,,,,
2019-04-13,4.750249862670898,0,42.58000183105469,56.95500183105469,185.8300018310547,0.0,2.344296929986006,4.156024994850159,5.064160006046295,0,0,,,,,,
2019-04-14,4.750249862670898,0,42.58000183105469,56.95500183105469,185.8300018310547,0.0,2.344296929986006,4.156024994850159,5.064160006046295,0,0,,,,,,
2019-04-15,4.617499828338623,440092000,42.61000061035156,56.54499816894531,185.8600006103516,-2.794590561971721,2.427598857588241,4.176009993553162,5.057782504558563,1,0,,,,,,
2019-04-16,4.705249786376953,394964000,43.0099983215332,57.92499923706055,186.5,1.9003781548575072,2.4351298640514285,4.195524988174438,5.051201252937317,1,0,,,,,,
2019-04-17,4.682250022888184,351004000,44.38999938964844,58.77999877929688,187.1499938964844,-0.4888106802610203,2.354818345660192,4.214194989204406,5.045000002384186,1,0,,,,,,
2019-04-18,4.65749979019165,380988000,45.400001525878906,58.8650016784668,187.38999938964844,-0.5285969902407373,2.317660415138465,4.230844984054565,5.038007500171662,1,0,,,,,,
2019-04-19,4.65749979019165,0,45.400001525878906,58.8650016784668,187.38999938964844,0.0,2.317660415138465,4.230844984054565,5.038007500171662,0,0,,,,,,
2019-04-20,4.65749979019165,0,45.400001525878906,58.8650016784668,187.38999938964844,0.0,2.317660415138465,4.230844984054565,5.038007500171662,0,0,,,,,,
2019-04-21,4.65749979019165,0,45.400001525878906,58.8650016784668,187.38999938964844,0.0,2.317660415138465,4.230844984054565,5.038007500171662,0,0,,,,,,
2019-04-22,4.711750030517578,279936000,45.150001525878906,58.81999969482422,187.9199981689453,1.1647931888300933,2.3186378099066096,4.251369986534119,5.031961250305176,1,0,,,,,,
2019-04-23,4.766749858856201,346856000,45.41999816894531,59.29499816894531,190.3099975585937,1.1672908788113556,2.004808227053682,4.272619981765747,5.025453748703003,1,0,,,,,,
2019-04-24,4.779250144958496,318204000,45.40999984741211,59.79999923706055,189.7100067138672,0.2622391875476859,2.004936073622172,4.294979982376098,5.018433749675751,1,0,,,,,,
2019-04-25,4.672749996185303,499296000,44.47999954223633,58.619998931884766,190.47999572753903,-2.228386159814999,1.9738033085451547,4.312849984169007,5.010641250610352,1,0,,,,,,
2019-04-26,4.452250003814697,868988000,43.93999862670898,57.90499877929688,190.6499938964844,-4.718848484310422,2.147813122989662,4.325454983711243,5.00124624967575,1,0,,,,,,
2019-04-27,4.452250003814697,0,43.93999862670898,57.90499877929688,190.6499938964844,0.0,2.147813122989662,4.325454983711243,5.00124624967575,0,0,,,,,,
2019-04-28,4.452250003814697,0,43.93999862670898,57.90499877929688,190.6499938964844,0.0,2.147813122989662,4.325454983711243,5.00124624967575,0,0,,,,,,
2019-04-29,4.483250141143799,391920000,43.83000183105469,57.59999847412109,191.0200042724609,0.69628024712316,2.1054328101027044,4.337854986190796,4.992721250057221,1,0,,,,,,
2019-04-30,4.525000095367432,362920000,43.81999969482422,58.125,189.5399932861328,0.9312430247976566,2.1050810363028574,4.349684987068176,4.983942501544952,1,0,,,,,,
2019-05-01,4.511750221252441,354280000,43.81999969482422,57.68000030517578,188.92999267578125,-0.2928148913975748,1.9838091466039944,4.36159999370575,4.975336253643036,1,0,,,,,,
2019-05-02,4.579750061035156,394684000,44.400001525878906,58.22499847412109,188.1100006103516,1.507172082851671,1.9929939939707573,4.373919997215271,4.967210004329681,1,0,,,,,,
2019-05-03,4.575250148773193,336824000,44.709999084472656,58.744998931884766,191.1100006103516,-0.0982567214802498,1.7248973015856477,4.387540001869201,4.958375005722046,1,0,,,,,,
2019-05-04,4.575250148773193,0,44.709999084472656,58.744998931884766,191.1100006103516,0.0,1.7248973015856477,4.387540001869201,4.958375005722046,0,0,,,,,,
2019-05-05,4.575250148773193,0,44.709999084472656,58.744998931884766,191.1100006103516,0.0,1.7248973015856477,4.387540001869201,4.958375005722046,0,0,,,,,,
2019-05-06,4.496250152587891,422176000,43.7599983215332,57.80500030517578,189.94000244140625,-1.7266814625750193,1.6285146871569034,4.39787000656128,4.949393756389618,1,0,,,,,,
2019-05-07,4.327750205993652,555220000,43.7599983215332,56.48500061035156,186.2400054931641,-3.747566102327637,1.728646903583631,4.405080008506775,4.9395287585258485,1,0,,,,,,
2019-05-08,4.3480000495910645,419168000,43.70000076293945,56.08000183105469,185.7700042724609,0.4679069408711989,1.6985079640482876,4.4134900093078615,4.929907507896424,1,0,,,,,,
2019-05-09,4.254749774932861,660248000,43.25,55.290000915527344,184.7700042724609,-2.1446705058564497,1.7412991495741206,4.420880002975464,4.920005006790161,1,0,,,,,,
2019-05-10,4.2204999923706055,569500000,42.83000183105469,55.22999954223633,185.0,-0.804977598542711,1.7428343943452826,4.428160004615783,4.910018756389618,1,0,,,,,,
2019-05-11,4.2204999923706055,0,42.83000183105469,55.22999954223633,185.0,0.0,1.7428343943452826,4.428160004615783,4.910018756389618,0,0,,,,,,
2019-05-12,4.2204999923706055,0,42.83000183105469,55.22999954223633,185.0,0.0,1.7428343943452826,4.428160004615783,4.910018756389618,0,0,,,,,,
2019-05-13,3.961250066757202,656912000,40.9900016784668,52.66999816894531,178.5800018310547,-6.142635376899641,2.03483683130126,4.429160003662109,4.898341256380081,1,0,,,,,,
2019-05-14,4.051000118255615,524880000,41.970001220703125,54.02000045776367,180.5399932861328,2.265700220533806,2.063562077136558,4.43179000377655,4.88674125790596,1,0,,,,,,
2019-05-15,3.989500045776367,502320000,41.970001220703125,54.52000045776367,183.08999633789065,-1.5181454130820948,2.0686410641420125,4.433320002555847,4.875186258554459,1,0,,,,,,
2019-05-16,4.004749774932861,781088000,41.52999877929688,53.75,184.92999267578125,0.3822466219204345,1.967291463288127,4.437389998435974,4.864693757295608,1,0,,,,,,
2019-05-17,3.913249969482422,1022068000,40.25,52.71500015258789,183.0399932861328,-2.284782086091097,1.9920528125612893,4.441024999618531,4.853652507066727,1,0,,,,,,
2019-05-18,3.913249969482422,0,40.25,52.71500015258789,183.0399932861328,0.0,1.9920528125612893,4.441024999618531,4.853652507066727,0,0,,,,,,
2019-05-19,3.913249969482422,0,40.25,52.71500015258789,183.0399932861328,0.0,1.9920528125612893,4.441024999618531,4.853652507066727,0,0,,,,,,
2019-05-20,3.793750047683716,572064000,38.65999984741211,50.619998931884766,179.9499969482422,-3.0537257453684075,2.003187347348592,4.441579999923706,4.841812508106232,1,0,,,,,,
2019-05-21,3.876499891281128,361848000,39.29999923706055,51.775001525878906,181.8300018310547,2.181214960324951,2.0629869573422845,4.438539996147155,4.829867507219315,1,0,,,,,,
2019-05-22,3.805000066757202,325868000,38.900001525878906,50.8650016784668,181.0200042724609,-1.8444428357844207,2.070767759750803,4.433379993438721,4.817380008697509,1,0,,,,,,
2019-05-23,3.683000087738037,591844000,38.06999969482422,50.02000045776367,178.25,-3.2063068824894736,2.076380947120336,4.422729997634888,4.804041259288788,1,0,,,,,,
2019-05-24,3.628750085830689,357584000,38.20000076293945,49.71500015258789,178.16000366210938,-1.472983997148558,2.076438928348452,4.412525000572205,4.790066260099411,1,0,,,,,,
2019-05-25,3.628750085830689,0,38.20000076293945,49.71500015258789,178.16000366210938,0.0,2.076438928348452,4.412525000572205,4.790066260099411,0,0,,,,,,
2019-05-26,3.628750085830689,0,38.20000076293945,49.71500015258789,178.16000366210938,0.0,2.076438928348452,4.412525000572205,4.790066260099411,0,0,,,,,,
2019-05-27,3.628750085830689,0,38.20000076293945,49.71500015258789,178.16000366210938,0.0,2.076438928348452,4.412525000572205,4.790066260099411,0,0,,,,,,
2019-05-28,3.583250045776367,428356000,37.650001525878906,49.275001525878906,177.49000549316406,-1.2538763755593707,2.077343837777544,4.399284996986389,4.775680011510849,1,0,,,,,,
2019-05-29,3.508500099182129,559800000,37.68999862670898,49.43999862670898,176.02999877929688,-2.086093508387654,2.0591765520254968,4.3849799966812135,4.7611650121212,1,0,,,,,,
2019-05-30,3.477750062942505,394300000,38.040000915527344,49.81999969482422,176.77000427246094,-0.8764439324596918,1.990667846223608,4.366680002212524,4.746705012321472,1,0,,,,,,
2019-05-31,3.3864998817443848,389720000,38.34999847412109,49.1150016784668,173.9499969482422,-2.623828036708132,2.010453070590645,4.347209997177124,4.731622512340546,1,0,,,,,,
2019-06-01,3.3864998817443848,0,38.34999847412109,49.1150016784668,173.9499969482422,0.0,2.010453070590645,4.347209997177124,4.731622512340546,0,0,,,,,,
2019-06-02,3.3864998817443848,0,38.34999847412109,49.1150016784668,173.9499969482422,0.0,2.010453070590645,4.347209997177124,4.731622512340546,0,0,,,,,,
2019-06-03,3.344500064849853,478644000,38.81999969482422,49.060001373291016,170.1199951171875,-1.2402131510749426,2.008233858139453,4.322130002975464,4.715666263103485,1,0,,,,,,
2019-06-04,3.575000047683716,641836000,39.060001373291016,51.06999969482422,174.91000366210938,6.891911447584631,2.4519729956648697,4.304880003929139,4.701156262159348,1,0,,,,,,
2019-06-05,3.532000064849853,511616000,38.22999954223633,50.68000030517578,176.2100067138672,-1.2027967065824985,2.421491115330154,4.288630003929138,4.686636263132096,1,0,,,,,,
2019-06-06,3.594500064849853,408140000,38.43999862670898,51.380001068115234,177.61000061035156,1.7695356413493402,2.4631355620935222,4.272085003852844,4.674006263017654,1,0,,,,,,
2019-06-07,3.637500047683716,348856000,38.81999969482422,52.04499816894531,181.0399932861328,1.196271583198838,2.479511750751859,4.256585006713867,4.661213762760163,1,0,,,,,,
2019-06-08,3.637500047683716,0,38.81999969482422,52.04499816894531,181.0399932861328,0.0,2.479511750751859,4.256585006713867,4.661213762760163,0,0,,,,,,
2019-06-09,3.637500047683716,0,38.81999969482422,52.04499816894531,181.0399932861328,0.0,2.479511750751859,4.256585006713867,4.661213762760163,0,0,,,,,,
2019-06-10,3.710750102996826,402780000,39.619998931884766,53.345001220703125,183.1499938964844,2.0137471987046185,2.4166303363405537,4.242175006866455,4.648102512359619,1,0,,,,,,
2019-06-11,3.768749952316284,383872000,39.959999084472656,53.540000915527344,183.3999938964844,1.5630222383505863,2.4374721035756206,4.2277700090408326,4.634093762636184,1,0,,,,,,
2019-06-12,3.6549999713897705,358892000,39.459999084472656,52.380001068115234,182.33999633789065,-3.018241654811904,2.461341493406305,4.209730005264282,4.61901376247406,1,0,,,,,,
2019-06-13,3.7065000534057617,308080000,39.45000076293945,52.63999938964844,183.4199981689453,1.4090309827392122,2.49001826272183,4.192360010147095,4.603518762588501,1,0,,,,,,
2019-06-14,3.615999937057495,394428000,37.84000015258789,51.33000183105469,182.63999938964844,-2.441659653157413,2.4778557643718018,4.170370011329651,4.587111262083053,1,0,,,,,,
2019-06-15,3.615999937057495,0,37.84000015258789,51.33000183105469,182.63999938964844,0.0,2.4778557643718018,4.170370011329651,4.587111262083053,0,0,,,,,,
2019-06-16,3.615999937057495,0,37.84000015258789,51.33000183105469,182.63999938964844,0.0,2.4778557643718018,4.170370011329651,4.587111262083053,0,0,,,,,,
2019-06-17,3.6257500648498535,276040000,37.65999984741211,51.01499938964844,183.7400054931641,0.2696384945264363,2.482124450169436,4.148755011558532,4.570942512750626,1,0,,,,,,
2019-06-18,3.822000026702881,581920000,39.209999084472656,53.09000015258789,186.41000366210932,5.412672091096127,2.715778517186448,4.129720015525818,4.555241261720657,1,0,,,,,,
2019-06-19,3.828000068664551,331644000,39.400001525878906,53.21500015258789,187.1100006103516,0.1569869680730029,2.6477151361057443,4.110385012626648,4.539655011892319,1,0,,,,,,
2019-06-20,3.8524999618530273,350168000,40.5099983215332,53.83000183105469,188.8500061035156,0.6400180968916258,2.649789117744477,4.092805008888245,4.523832510709763,1,0,,,,,,
2019-06-21,3.7939999103546143,434428000,40.52000045776367,53.57500076293945,188.57000732421875,-1.5184958358902878,2.6377569892719355,4.072635011672974,4.507340009212494,1,0,,,,,,
2019-06-22,3.7939999103546143,0,40.52000045776367,53.57500076293945,188.57000732421875,0.0,2.6377569892719355,4.072635011672974,4.507340009212494,0,0,,,,,,
2019-06-23,3.7939999103546143,0,40.52000045776367,53.57500076293945,188.57000732421875,0.0,2.6377569892719355,4.072635011672974,4.507340009212494,0,0,,,,,,
2019-06-24,3.816499948501587,282948000,39.97999954223633,53.67499923706055,188.16000366210932,0.5930426641699515,2.6417500819362405,4.053195013999939,4.491620010137558,1,0,,,,,,
2019-06-25,3.786999940872192,311868000,38.91999816894531,52.744998931884766,184.92999267578125,-0.7729597282184364,2.4034948521918205,4.033930015563965,4.476465010643006,1,0,,,,,,
2019-06-26,3.9814999103546143,584072000,39.08000183105469,54.30500030517578,185.7899932861328,5.135990824378678,2.5542356912686266,4.021210017204285,4.46239000916481,1,0,,,,,,
2019-06-27,4.080749988555908,445440000,39.59000015258789,55.03499984741211,186.5,2.4927811235955666,2.5783331083341747,4.008720021247864,4.448452509641648,1,0,,,,,,
2019-06-28,4.10575008392334,397668000,39.16999816894531,55.09000015258789,186.7400054931641,0.6126348204997134,2.5795239077002305,3.997190022468567,4.434881259202957,1,0,,,,,,
2019-06-29,4.10575008392334,0,39.16999816894531,55.09000015258789,186.7400054931641,0.0,2.5795239077002305,3.997190022468567,4.434881259202957,0,0,,,,,,
2019-06-30,4.10575008392334,0,39.16999816894531,55.09000015258789,186.7400054931641,0.0,2.5795239077002305,3.997190022468567,4.434881259202957,0,0,,,,,,
2019-07-01,4.154250144958496,709756000,41.380001068115234,56.64500045776367,189.259994506836,1.1812716323154948,2.545745768214104,3.987125029563904,4.42212751030922,1,0,,,,,,
2019-07-02,4.055749893188477,400228000,40.79999923706055,55.97999954223633,190.009994506836,-2.3710717538171666,2.518282522544904,3.9740050268173217,4.408488758802414,1,0,,,,,,
2019-07-03,4.068749904632568,246636000,40.33000183105469,55.775001525878906,191.44000244140625,0.3205328678162589,2.4919307460232414,3.960045027732849,4.394278758764267,1,0,,,,,,
2019-07-04,4.068749904632568,0,40.33000183105469,55.775001525878906,191.44000244140625,0.0,2.4919307460232414,3.960045027732849,4.394278758764267,0,0,,,,,,
2019-07-05,4.005750179290772,396552000,39.93000030517578,55.3650016784668,191.0500030517578,-1.548380382634651,2.48416604809203,3.944575028419495,4.380066260099411,1,0,,,,,,
2019-07-06,4.005750179290772,0,39.93000030517578,55.3650016784668,191.0500030517578,0.0,2.48416604809203,3.944575028419495,4.380066260099411,0,0,,,,,,
2019-07-07,4.005750179290772,0,39.93000030517578,55.3650016784668,191.0500030517578,0.0,2.48416604809203,3.944575028419495,4.380066260099411,0,0,,,,,,
2019-07-08,3.9302499294281006,329788000,39.31999969482422,55.005001068115234,189.7100067138672,-1.8847967667329324,2.4328521522123405,3.929725027084351,4.365840010643005,1,0,,,,,,
2019-07-09,3.93274998664856,342860000,39.66999816894531,55.38999938964844,190.66000366210932,0.0636106422072346,2.411519260861433,3.919335026741028,4.351506260633468,1,0,,,,,,
2019-07-10,4.001500129699707,452076000,40.709999084472656,55.93999862670898,192.5599975585937,1.748144257441986,2.40726459613288,3.909700026512146,4.338228760957718,1,0,,,,,,
2019-07-11,4.1570000648498535,682560000,40.900001525878906,56.095001220703125,192.4199981689453,3.886040987378792,2.4416016956864195,3.902340025901794,4.326082512140274,1,0,,,,,,
2019-07-12,4.190249919891357,506392000,41.22999954223633,57.125,193.52999877929688,0.7998521655713464,2.4258905526466954,3.895910019874573,4.3138212621212,1,0,,,,,,
2019-07-13,4.190249919891357,0,41.22999954223633,57.125,193.52999877929688,0.0,2.4258905526466954,3.895910019874573,4.3138212621212,0,0,,,,,,
2019-07-14,4.190249919891357,0,41.22999954223633,57.125,193.52999877929688,0.0,2.4258905526466954,3.895910019874573,4.3138212621212,0,0,,,,,,
2019-07-15,4.1817498207092285,289840000,41.81999969482422,57.584999084472656,194.1499938964844,-0.2028542293331603,2.352342260749212,3.8879500150680544,4.301178761720657,1,0,,,,,,
2019-07-16,4.177000045776367,341444000,41.77000045776367,56.9900016784668,193.1499938964844,-0.1135834312550043,2.328647243441462,3.8799850130081177,4.288698762655258,1,0,,,,,,
2019-07-17,4.24275016784668,348204000,41.630001068115234,57.19499969482422,192.1999969482422,1.574099146510588,2.029736364622325,3.874915013313293,4.2764875137805936,1,0,,,,,,
2019-07-18,4.254499912261963,442192000,43.18999862670898,58.22499847412109,192.4199981689453,0.2769369854564552,2.0024092480294216,3.87345000743866,4.262632514238358,1,0,,,,,,
2019-07-19,4.210999965667725,344896000,43.83000183105469,58.22999954223633,191.009994506836,-1.0224455868212967,2.013025112106541,3.870710005760193,4.247517513036728,1,0,,,,,,
2019-07-20,4.210999965667725,0,43.83000183105469,58.22999954223633,191.009994506836,0.0,2.013025112106541,3.870710005760193,4.247517513036728,0,0,,,,,,
2019-07-21,4.210999965667725,0,43.83000183105469,58.22999954223633,191.009994506836,0.0,2.013025112106541,3.870710005760193,4.247517513036728,0,0,,,,,,
2019-07-22,4.2829999923706055,315940000,44.59999847412109,59.39500045776367,192.52999877929688,1.7098082947019089,2.0208924242366595,3.871275010108948,4.233122512102127,1,0,,,,,,
2019-07-23,4.391499996185303,428176000,44.41999816894531,60.05500030517578,193.7899932861328,2.5332711652573003,2.035900827109184,3.8746950101852415,4.219238761663437,1,0,,,,,,
2019-07-24,4.46649980545044,366236000,44.540000915527344,61.65499877929688,195.1499938964844,1.7078403581984647,2.0384751365480205,3.8848000049591054,4.206660009622574,1,0,,,,,,
2019-07-25,4.334499835968018,392700000,43.619998931884766,60.540000915527344,193.3000030517578,-2.955333599731569,2.0346667178667817,3.890469999313354,4.19460000872612,1,0,,,,,,
2019-07-26,4.3767499923706055,274160000,43.459999084472656,60.415000915527344,195.2899932861328,0.9747412158605416,2.030176690944614,3.898214998245239,4.18326250910759,1,0,,,,,,
2019-07-27,4.3767499923706055,0,43.459999084472656,60.415000915527344,195.2899932861328,0.0,2.030176690944614,3.898214998245239,4.18326250910759,0,0,,,,,,
2019-07-28,4.3767499923706055,0,43.459999084472656,60.415000915527344,195.2899932861328,0.0,2.030176690944614,3.898214998245239,4.18326250910759,0,0,,,,,,
2019-07-29,4.370500087738037,248160000,43.93999862670898,60.619998931884766,194.6199951171875,-0.1427978441414956,1.954344997453931,3.905530004501343,4.171922508478165,1,0,,,,,,
2019-07-30,4.386250019073486,197772000,43.11000061035156,60.34999847412109,193.77999877929688,0.3603690886458954,1.9538031659947728,3.914990005493164,4.163142508268356,1,0,,,,,,
2019-07-31,4.2179999351501465,359416000,42.630001068115234,58.54499816894531,191.1000061035156,-3.835852566354148,1.9062774552085693,3.9234750032424928,4.154841257333755,1,0,,,,,,
2019-08-01,4.123000144958496,421212000,41.869998931884766,57.3650016784668,190.1499938964844,-2.2522473127603027,1.964404949757632,3.92840500831604,4.1446387588977815,1,0,,,,,,
2019-08-02,4.029749870300293,428348000,41.650001525878906,56.584999084472656,187.3500061035156,-2.261709225798292,2.0161284275299614,3.932900004386902,4.135365008115769,1,0,,,,,,
2019-08-03,4.029749870300293,0,41.650001525878906,56.584999084472656,187.3500061035156,0.0,2.0161284275299614,3.932900004386902,4.135365008115769,0,0,,,,,,
2019-08-04,4.029749870300293,0,41.650001525878906,56.584999084472656,187.3500061035156,0.0,2.0161284275299614,3.932900004386902,4.135365008115769,0,0,,,,,,
2019-08-05,3.7697501182556152,589156000,39.869998931884766,54.14500045776367,180.72999572753903,-6.452007206722799,2.334621601143511,3.934635004997253,4.1234850084781645,1,0,,,,,,
2019-08-06,3.808749914169312,361272000,41.2599983215332,55.005001068115234,183.259994506836,1.0345459165803428,2.339840921827426,3.938235001564026,4.112146258354187,1,0,,,,,,
2019-08-07,3.847249984741211,372560000,41.2599983215332,55.30500030517578,184.25,1.010832200577716,2.341662646105102,3.943515000343323,4.101441259384155,1,0,,,,,,
2019-08-08,3.9565000534057617,309300000,41.900001525878906,56.720001220703125,188.259994506836,2.839692484186207,2.2041669019134567,3.9524749994277952,4.092577509880066,1,0,,,,,,
2019-08-09,3.8545000553131104,341816000,41.40999984741211,55.7400016784668,186.4900054931641,-2.578036060048816,2.2010638301920364,3.960009999275208,4.082947510480881,1,0,,,,,,
2019-08-10,3.8545000553131104,0,41.40999984741211,55.7400016784668,186.4900054931641,0.0,2.2010638301920364,3.960009999275208,4.082947510480881,0,0,,,,,,
2019-08-11,3.8545000553131104,0,41.40999984741211,55.7400016784668,186.4900054931641,0.0,2.2010638301920364,3.960009999275208,4.082947510480881,0,0,,,,,,
2019-08-12,3.786250114440918,279200000,40.959999084472656,55.08000183105469,184.3500061035156,-1.7706561134462897,2.2149491763043567,3.968005003929138,4.07424625992775,1,0,,,,,,
2019-08-13,3.901249885559082,351956000,41.84000015258789,56.65999984741211,188.38999938964844,3.037299904714441,2.281113664235212,3.979140000343323,4.068826259374618,1,0,,,,,,
2019-08-14,3.7517499923706055,419880000,40.43000030517578,54.834999084472656,182.759994506836,-3.83210246905401,2.344146719074552,3.982674999237061,4.061605008840561,1,0,,,,,,
2019-08-15,3.719249963760376,477200000,40.86000061035156,54.775001525878906,182.5500030517578,-0.8662631752201055,2.3445059596058755,3.986419997215271,4.055415008068085,1,0,,,,,,
2019-08-16,3.989000082015991,1007960000,41.540000915527344,56.1150016784668,185.47999572753903,7.25280959559067,2.702599522220108,3.994309997558594,4.052157508134842,1,0,,,,,,
2019-08-17,3.989000082015991,0,41.540000915527344,56.1150016784668,185.47999572753903,0.0,2.702599522220108,3.994309997558594,4.052157508134842,0,0,,,,,,
2019-08-18,3.989000082015991,0,41.540000915527344,56.1150016784668,185.47999572753903,0.0,2.702599522220108,3.994309997558594,4.052157508134842,0,0,,,,,,
2019-08-19,4.269499778747559,815112000,41.77999877929688,57.040000915527344,188.42999267578125,7.031829806075263,2.963462982700128,4.00694999217987,4.048130007982254,1,0,,,,,,
2019-08-20,4.196750164031982,463188000,41.93999862670898,56.71500015258789,186.97000122070312,-1.7039376621519997,2.986189566571221,4.016669993400574,4.0427600085735325,1,0,,,,,,
2019-08-21,4.280749797821045,427244000,42.58000183105469,57.29499816894531,188.6300048828125,2.001540013245884,2.990899769688677,4.026909990310669,4.036900006532669,1,0,,,,,,
2019-08-22,4.287000179290772,303488000,42.130001068115234,57.220001220703125,188.0200042724609,0.1460113710198163,2.9117939786666582,4.039549994468689,4.03147000670433,1,0,,,,,,
2019-08-23,4.060999870300293,568056000,40.95000076293945,54.84999847412109,182.07000732421875,-5.271758794931225,3.071233834363306,4.04663999080658,4.025303755998611,1,0,,,,,,
2019-08-24,4.060999870300293,0,40.95000076293945,54.84999847412109,182.07000732421875,0.0,3.071233834363306,4.04663999080658,4.025303755998611,0,0,,,,,,
2019-08-25,4.060999870300293,0,40.95000076293945,54.84999847412109,182.07000732421875,0.0,3.071233834363306,4.04663999080658,4.025303755998611,0,0,,,,,,
2019-08-26,4.136250019073486,318208000,41.34000015258789,55.415000915527344,184.82000732421875,1.8529955965654648,3.090787111408064,4.057044992446899,4.019602504968643,1,0,,,,,,
2019-08-27,4.045000076293945,290968000,41.34999847412109,55.28499984741211,184.42999267578125,-2.2061031697494182,3.1171599682820954,4.0654299926757815,4.0131037557125095,1,0,,,,,,
2019-08-28,4.0304999351501465,255612000,41.650001525878906,55.63999938964844,185.08999633789065,-0.3584707260891773,3.102153636888376,4.069599990844727,4.007507504224777,1,0,,,,,,
2019-08-29,4.175000190734863,357976000,42.27999877929688,56.845001220703125,187.9199981689453,3.585169530075527,3.174868811443272,4.076539993286133,4.002673755884171,1,0,,,,,,
2019-08-30,4.187749862670898,290616000,42.630001068115234,57.209999084472656,187.47000122070312,0.3053813497860158,3.169581767786908,4.08324499130249,3.999920004606247,1,0,,,,,,
2019-08-31,4.187749862670898,0,42.630001068115234,57.209999084472656,187.47000122070312,0.0,3.169581767786908,4.08324499130249,3.999920004606247,0,0,,,,,,
2019-09-01,4.187749862670898,0,42.630001068115234,57.209999084472656,187.47000122070312,0.0,3.169581767786908,4.08324499130249,3.999920004606247,0,0,,,,,,
2019-09-02,4.187749862670898,0,42.630001068115234,57.209999084472656,187.47000122070312,0.0,3.169581767786908,4.08324499130249,3.999920004606247,0,0,,,,,,
2019-09-03,4.104249954223633,296140000,41.720001220703125,56.30500030517578,185.6499938964844,-1.993908690477764,3.174019717807512,4.089449992179871,3.9955275046825407,1,0,,,,,,
2019-09-04,4.218999862670898,227728000,43.150001525878906,57.96500015258789,188.3300018310547,2.79588011761267,3.1818665000799013,4.097499990463257,3.9919737541675566,1,0,,,,,,
2019-09-05,4.493500232696533,695676000,44.2400016784668,59.72499847412109,191.77999877929688,6.506290091506628,3.3889548901040603,4.111629996299744,3.989142504930496,1,0,,,,,,
2019-09-06,4.466249942779541,376976000,43.709999084472656,59.775001525878906,191.58999633789065,-0.6064379326990554,3.34335320769912,4.121324996948243,3.990920003652573,1,0,,,,,,
2019-09-07,4.466249942779541,0,43.709999084472656,59.775001525878906,191.58999633789065,0.0,3.34335320769912,4.121324996948243,3.990920003652573,0,0,,,,,,
2019-09-08,4.466249942779541,0,43.709999084472656,59.775001525878906,191.58999633789065,0.0,3.34335320769912,4.121324996948243,3.990920003652573,0,0,,,,,,
2019-09-09,4.512499809265137,417524000,43.84999847412109,60.005001068115234,191.19000244140625,1.0355413843411654,3.343886618595476,4.1299599933624265,3.995395002365112,1,0,,,,,,
2019-09-10,4.579500198364258,352812000,44.09999847412109,60.125,190.63999938964844,1.484773228390046,3.352073775818438,4.1394349956512455,3.9996575033664703,1,0,,,,,,
2019-09-11,4.608250141143799,361512000,44.220001220703125,60.88999938964844,192.42999267578125,0.6277965178342004,3.3528437265091804,4.148514995574951,4.004610004425049,1,0,,,,,,
2019-09-12,4.606750011444092,327840000,44.06999969482422,60.98500061035156,193.22999572753903,-0.03255313087962,3.265004439005207,4.159534997940064,4.0095187544822695,1,0,,,,,,
2019-09-13,4.548500061035156,324592000,44.7400016784668,60.95500183105469,192.5399932861328,-1.264447826867765,3.2428099040999943,4.169130001068115,4.013130004405976,1,0,,,,,,
2019-09-14,4.548500061035156,0,44.7400016784668,60.95500183105469,192.5399932861328,0.0,3.2428099040999943,4.169130001068115,4.013130004405976,0,0,,,,,,
2019-09-15,4.548500061035156,0,44.7400016784668,60.95500183105469,192.5399932861328,0.0,3.2428099040999943,4.169130001068115,4.013130004405976,0,0,,,,,,
2019-09-16,4.505249977111816,231832000,44.59999847412109,60.54499816894531,191.67999267578125,-0.95086475416023,3.214720088381685,4.179119997024536,4.016440004110336,1,0,,,,,,
2019-09-17,4.526750087738037,223048000,45.130001068115234,60.790000915527344,192.6000061035156,0.4772234778413819,2.941079695185339,4.191050000190735,4.019065004587174,1,0,,,,,,
2019-09-18,4.499499797821045,258152000,45.040000915527344,60.85499954223633,192.5200042724609,-0.6019835287750297,2.9489254815547308,4.202384996414184,4.021892503499985,1,0,,,,,,
2019-09-19,4.423500061035156,245476000,44.900001525878906,60.61000061035156,192.83999633789065,-1.6890707901063284,2.9769713885452287,4.210824995040894,4.0235812532901765,1,0,,,,,,
2019-09-20,4.317249774932861,350244000,43.869998931884766,59.47499847412109,190.8000030517578,-2.4019505965018784,2.989224108197252,4.214029989242554,4.023912502527237,1,0,,,,,,
2019-09-21,4.317249774932861,0,43.869998931884766,59.47499847412109,190.8000030517578,0.0,2.989224108197252,4.214029989242554,4.023912502527237,0,0,,,,,,
2019-09-22,4.317249774932861,0,43.869998931884766,59.47499847412109,190.8000030517578,0.0,2.989224108197252,4.214029989242554,4.023912502527237,0,0,,,,,,
2019-09-23,4.370999813079834,249712000,44.06999969482422,59.98500061035156,190.5,1.2450064496861035,2.9419275431331515,4.217644987106323,4.026128751039505,1,0,,,,,,
2019-09-24,4.3132500648498535,317268000,44.119998931884766,59.095001220703125,187.97000122070312,-1.3212022580547655,2.931295251355284,4.220274991989136,4.027908750772476,1,0,,,,,,
2019-09-25,4.455749988555908,308432000,45.0099983215332,60.10499954223633,190.0800018310547,3.3037714383252537,2.9397152750645983,4.225849990844727,4.031736251115799,1,0,,,,,,
2019-09-26,4.433499813079834,234564000,46.459999084472656,60.31499862670898,189.3800048828125,-0.499358705789632,2.8319421003660272,4.22966498374939,4.034921250343323,1,0,,,,,,
2019-09-27,4.294000148773193,362056000,45.5099983215332,58.8849983215332,187.02999877929688,-3.1464908128581603,2.902271754247353,4.230454988479615,4.037867500782013,1,0,,,,,,
2019-09-28,4.294000148773193,0,45.5099983215332,58.8849983215332,187.02999877929688,0.0,2.902271754247353,4.230454988479615,4.037867500782013,0,0,,,,,,
2019-09-29,4.294000148773193,0,45.5099983215332,58.8849983215332,187.02999877929688,0.0,2.902271754247353,4.230454988479615,4.037867500782013,0,0,,,,,,
2019-09-30,4.351749897003174,186184000,46.47999954223633,59.56499862670898,188.8099975585937,1.3448939503758472,2.615997901951056,4.233269987106323,4.041013749837876,1,0,,,,,,
2019-10-01,4.349999904632568,366008000,47.18999862670898,59.15999984741211,187.2700042724609,-0.0402135327632335,2.288795267396588,4.234609985351563,4.044152499437332,1,0,,,,,,
2019-10-02,4.326000213623047,293372000,46.43000030517578,58.19499969482422,184.0500030517578,-0.5517170467972399,2.26726433105145,4.233299989700317,4.047476249933243,1,0,,,,,,
2019-10-03,4.532750129699707,450588000,47.130001068115234,59.09000015258789,186.07000732421875,4.779239617824849,2.3993729694153747,4.234624996185302,4.052192500829697,1,0,,,,,,
2019-10-04,4.54925012588501,265524000,47.41999816894531,60.130001068115234,188.8099975585937,0.3640173341387331,2.399476148747196,4.238920001983643,4.056571251153946,1,0,,,,,,
2019-10-05,4.54925012588501,0,47.41999816894531,60.130001068115234,188.8099975585937,0.0,2.399476148747196,4.238920001983643,4.056571251153946,0,0,,,,,,
2019-10-06,4.54925012588501,0,47.41999816894531,60.130001068115234,188.8099975585937,0.0,2.399476148747196,4.238920001983643,4.056571251153946,0,0,,,,,,
2019-10-07,4.608250141143799,480984000,47.95000076293945,59.83000183105469,188.2400054931641,1.2969173737685136,2.1691734880163853,4.243550004959107,4.0622987520694736,1,0,,,,,,
2019-10-08,4.430749893188477,444436000,47.86000061035156,58.2599983215332,185.4199981689453,-3.851792817636968,2.288242026012787,4.244755001068115,4.067565001249314,1,0,,,,,,
2019-10-09,4.517749786376953,292412000,48.68000030517578,59.28499984741211,187.22999572753903,1.9635478256677,2.260089605918924,4.247384996414184,4.073957500457763,1,0,,,,,,
2019-10-10,4.57574987411499,309124000,48.93000030517578,59.84999847412109,188.67999267578125,1.2838269156236537,2.2611369170855253,4.254539995193482,4.080951249599456,1,0,,,,,,
2019-10-11,4.649750232696533,446404000,49.41999816894531,61.21500015258789,191.1100006103516,1.617229101620321,2.194559034167939,4.265074996948242,4.087562500238419,1,0,,,,,,
2019-10-12,4.649750232696533,0,49.41999816894531,61.21500015258789,191.1100006103516,0.0,2.194559034167939,4.265074996948242,4.087562500238419,0,0,,,,,,
2019-10-13,4.649750232696533,0,49.41999816894531,61.21500015258789,191.1100006103516,0.0,2.194559034167939,4.265074996948242,4.087562500238419,0,0,,,,,,
2019-10-14,4.663249969482422,200040000,49.90999984741211,61.30500030517578,191.08999633789065,0.2903325148727376,2.194579023703294,4.277744998931885,4.094482500553131,1,0,,,,,,
2019-10-15,4.909249782562256,664124000,50.38999938964844,62.525001525878906,193.5200042724609,5.275286864091,2.320857414665476,4.300534992218018,4.102322499752045,1,0,,,,,,
2019-10-16,4.855249881744385,428944000,50.130001068115234,61.6150016784668,193.0399932861328,-1.0999623814147652,2.304101008332473,4.321464991569519,4.10991124868393,1,0,,,,,,
2019-10-17,4.857250213623047,263436000,49.75,61.65499877929688,193.5500030517578,0.0411993600202498,2.005417819506515,4.341664996147156,4.117170000076294,1,0,,,,,,
2019-10-18,4.762249946594238,307440000,49.27999877929688,61.04999923706055,191.69000244140625,-1.9558446209413487,2.0407856995810185,4.357779994010925,4.124982500076294,1,0,,,,,,
2019-10-19,4.762249946594238,0,49.27999877929688,61.04999923706055,191.69000244140625,0.0,2.0407856995810185,4.357779994010925,4.124982500076294,0,0,,,,,,
2019-10-20,4.762249946594238,0,49.27999877929688,61.04999923706055,191.69000244140625,0.0,2.0407856995810185,4.357779994010925,4.124982500076294,0,0,,,,,,
2019-10-21,4.90024995803833,261868000,50.0,62.19499969482422,193.38999938964844,2.8977901830369746,2.093641451246944,4.37869499206543,4.132459999322891,1,0,,,,,,
2019-10-22,4.890250205993652,328720000,50.63999938964844,61.72499847412109,191.8500061035156,-0.2040661625489992,2.0832593903425525,4.400774993896484,4.138986250162125,1,0,,,,,,
2019-10-23,4.8772501945495605,279916000,50.16999816894531,60.650001525878906,192.22000122070312,-0.2658353028268112,2.083910282893636,4.420295000076294,4.145893751382828,1,0,,,,,,
2019-10-24,4.921500205993652,232020000,50.95000076293945,62.255001068115234,194.08999633789065,0.9072737644983286,2.0871983587922456,4.443690004348755,4.152678751945496,1,0,,,,,,
2019-10-25,5.113500118255615,423092000,51.130001068115234,63.51499938964844,195.63999938964844,3.9012476729785694,2.1701158370459743,4.47157500743866,4.160092502832413,1,0,,,,,,
2019-10-26,5.113500118255615,0,51.130001068115234,63.51499938964844,195.63999938964844,0.0,2.1701158370459743,4.47157500743866,4.160092502832413,0,0,,,,,,
2019-10-27,5.113500118255615,0,51.130001068115234,63.51499938964844,195.63999938964844,0.0,2.1701158370459743,4.47157500743866,4.160092502832413,0,0,,,,,,
2019-10-28,5.169750213623047,330792000,51.310001373291016,64.4800033569336,197.57000732421875,1.1000311736889312,2.157919143984421,4.495190010070801,4.167337503433227,1,0,,,,,,
2019-10-29,5.072999954223633,211236000,51.470001220703125,64.04000091552734,196.0399932861328,-1.871468744166072,2.20028718663118,4.511260013580323,4.173897503614426,1,0,,,,,,
2019-10-30,5.074999809265137,205960000,51.90999984741211,64.11000061035156,196.9900054931641,0.0394215466104741,2.193283228351985,4.528825006484985,4.18053875207901,1,0,,,,,,
2019-10-31,5.0254998207092285,209732000,51.630001068115234,63.744998931884766,197.0800018310547,-0.9753692692862526,2.1733409057086144,4.543720006942749,4.187061251401901,1,0,,,,,,
2019-11-01,5.0647501945495605,283640000,52.09999847412109,65.05999755859375,198.8699951171875,0.7810242809797252,2.106021084762552,4.5592750072479244,4.19342000246048,1,0,,,,,,
2019-11-02,5.0647501945495605,0,52.09999847412109,65.05999755859375,198.8699951171875,0.0,2.106021084762552,4.5592750072479244,4.19342000246048,0,0,,,,,,
2019-11-03,5.0647501945495605,0,52.09999847412109,65.05999755859375,198.8699951171875,0.0,2.106021084762552,4.5592750072479244,4.19342000246048,0,0,,,,,,
2019-11-04,5.262499809265137,376716000,53.4900016784668,66.44499969482422,200.1000061035156,3.904429776781182,2.190350810148522,4.583305006027222,4.200116251707077,1,0,,,,,,
2019-11-05,5.240250110626221,300868000,53.54999923706055,66.4800033569336,200.2100067138672,-0.4227971391038032,2.168594845402302,4.605385007858277,4.207721252441406,1,0,,,,,,
2019-11-06,5.1907501220703125,269012000,53.63999938964844,66.07499694824219,199.759994506836,-0.9446111828809832,2.1292711907502384,4.628300008773803,4.215013753175736,1,0,,,,,,
2019-11-07,5.208499908447266,280340000,53.66999816894531,66.46499633789062,200.42999267578125,0.3419503146854241,2.120743241886536,4.651860008239746,4.221326252222061,1,0,,,,,,
2019-11-08,5.194499969482422,189100000,52.83000183105469,66.6050033569336,201.22999572753903,-0.2687902315624213,2.009476541816861,4.672250003814697,4.227280002832413,1,0,,,,,,
2019-11-09,5.194499969482422,0,52.83000183105469,66.6050033569336,201.22999572753903,0.0,2.009476541816861,4.672250003814697,4.227280002832413,0,0,,,,,,
2019-11-10,5.194499969482422,0,52.83000183105469,66.6050033569336,201.22999572753903,0.0,2.009476541816861,4.672250003814697,4.227280002832413,0,0,,,,,,
2019-11-11,5.204500198364258,243436000,52.59999847412109,66.33499908447266,200.9600067138672,0.1925157174047065,2.006864464198479,4.692585010528564,4.236051254272461,1,0,,,,,,
2019-11-12,5.240250110626221,283504000,52.150001525878906,66.4749984741211,201.5399932861328,0.686903850502274,2.003034421363146,4.715305013656616,4.245802505016327,1,0,,,,,,
2019-11-13,5.214250087738037,300188000,52.880001068115234,66.58999633789062,201.58999633789065,-0.4961599606755462,2.001918343889053,4.735210018157959,4.254700005054474,1,0,,,,,,
2019-11-14,5.244750022888184,518080000,52.47999954223633,66.47000122070312,201.42999267578125,0.584934259710157,1.843310471272044,4.750235013961792,4.262955005168915,1,0,,,,,,
2019-11-15,5.104750156402588,1053628000,53.290000915527344,67.1449966430664,202.91000366210932,-2.669333445343125,1.932288042825432,4.763005018234253,4.270387506484985,1,0,,,,,,
2019-11-16,5.104750156402588,0,53.290000915527344,67.1449966430664,202.91000366210932,0.0,1.932288042825432,4.763005018234253,4.270387506484985,0,0,,,,,,
2019-11-17,5.104750156402588,0,53.290000915527344,67.1449966430664,202.91000366210932,0.0,1.932288042825432,4.763005018234253,4.270387506484985,0,0,,,,,,
2019-11-18,5.307000160217285,574588000,53.41999816894531,67.18499755859375,203.07000732421875,3.96199613336663,2.0334342652021657,4.778895025253296,4.278275007009507,1,0,,,,,,
2019-11-19,5.199749946594238,414564000,53.7599983215332,66.95500183105469,203.3699951171875,-2.020919735918303,1.9230644303036948,4.791300020217896,4.285530006885528,1,0,,,,,,
2019-11-20,5.2795000076293945,472588000,53.5,66.30000305175781,202.1499938964844,1.533728772618992,1.91376813281642,4.804725017547607,4.292802506685257,1,0,,,,,,
2019-11-21,5.254499912261963,288388000,52.97999954223633,65.57499694824219,201.6999969482422,-0.4735314959997017,1.9170508852985348,4.8176800155639645,4.300647506713867,1,0,,,,,,
2019-11-22,5.272250175476074,224100000,52.790000915527344,65.45999908447266,201.8300018310547,0.3378107053097379,1.9050643122490976,4.832155017852784,4.308487507104874,1,0,,,,,,
2019-11-23,5.272250175476074,0,52.790000915527344,65.45999908447266,201.8300018310547,0.0,1.9050643122490976,4.832155017852784,4.308487507104874,0,0,,,,,,
2019-11-24,5.272250175476074,0,52.790000915527344,65.45999908447266,201.8300018310547,0.0,1.9050643122490976,4.832155017852784,4.308487507104874,0,0,,,,,,
2019-11-25,5.530250072479248,506476000,53.7599983215332,66.97000122070312,204.22000122070312,4.89354428215989,2.070998737706582,4.852655019760132,4.317832506895066,1,0,,,,,,
2019-11-26,5.425000190734863,385244000,53.630001068115234,66.75499725341797,204.6100006103516,-1.903166771212584,1.9202573948274984,4.870620021820068,4.32606125831604,1,0,,,,,,
2019-11-27,5.455999851226807,215784000,53.88999938964844,67.20500183105469,206.0399932861328,0.57142229312519,1.9008528248768763,4.889750022888183,4.33423125743866,1,0,,,,,,
2019-11-28,5.455999851226807,0,53.88999938964844,67.20500183105469,206.0399932861328,0.0,1.9008528248768763,4.889750022888183,4.33423125743866,0,0,,,,,,
2019-11-29,5.418499946594238,141556000,53.09000015258789,66.45500183105469,205.1000061035156,-0.6873149863472983,1.9103150097687336,4.909650020599365,4.3420075070858,1,0,,,,,,
2019-11-30,5.418499946594238,0,53.09000015258789,66.45500183105469,205.1000061035156,0.0,1.9103150097687336,4.909650020599365,4.3420075070858,0,0,,,,,,
2019-12-01,5.418499946594238,0,53.09000015258789,66.45500183105469,205.1000061035156,0.0,1.9103150097687336,4.909650020599365,4.3420075070858,0,0,,,,,,
2019-12-02,5.231249809265137,372036000,52.97999954223633,65.58999633789062,203.0,-3.455756005807409,1.9915281230156483,4.927930021286011,4.348496255874633,1,0,,,,,,
2019-12-03,5.191500186920166,465232000,52.77999877929688,64.66999816894531,201.41000366210932,-0.7598494393169619,1.9403730297864143,4.944340028762817,4.354873757362366,1,0,,,,,,
2019-12-04,5.235499858856201,273424000,53.18000030517578,65.62000274658203,202.42999267578125,0.8475328970783957,1.942120793810163,4.962785024642944,4.361232507228851,1,0,,,,,,
2019-12-05,5.218500137329102,184884000,54.400001525878906,66.01499938964844,202.8300018310547,-0.3247010215909673,1.942685087029217,4.978040027618408,4.367853758335113,1,0,,,,,,
2019-12-06,5.3042497634887695,232236000,54.93999862670898,66.99500274658203,205.0,1.6431852812704095,1.9559534479854723,4.995455026626587,4.3744762575626375,1,0,,,,,,
2019-12-07,5.3042497634887695,0,54.93999862670898,66.99500274658203,205.0,0.0,1.9559534479854723,4.995455026626587,4.3744762575626375,0,0,,,,,,
2019-12-08,5.3042497634887695,0,54.93999862670898,66.99500274658203,205.0,0.0,1.9559534479854723,4.995455026626587,4.3744762575626375,0,0,,,,,,
2019-12-09,5.3042497634887695,211880000,54.459999084472656,66.54499816894531,204.07000732421875,0.0,1.831834682961217,5.015660018920898,4.381161255836487,1,0,,,,,,
2019-12-10,5.349500179290772,256388000,54.52000045776367,66.80999755859375,203.8999938964844,0.8530973807733933,1.8279144727975405,5.03561502456665,4.388271256685257,1,0,,,,,,
2019-12-11,5.433499813079834,233796000,55.900001525878906,68.23999786376953,204.97999572753903,1.5702333110342748,1.8058380589508216,5.057285022735596,4.396012505292893,1,0,,,,,,
2019-12-12,5.601749897003174,404348000,58.61000061035156,70.19999694824219,206.509994506836,3.09653243234349,1.8786428720279225,5.082800016403199,4.404738755226135,1,0,,,,,,
2019-12-13,5.59975004196167,454704000,58.25,69.93000030517578,207.19000244140625,-0.0357005414071354,1.8636149212345523,5.104140014648437,4.413181254863739,1,0,,,,,,
2019-12-14,5.59975004196167,0,58.25,69.93000030517578,207.19000244140625,0.0,1.8636149212345523,5.104140014648437,4.413181254863739,0,0,,,,,,
2019-12-15,5.59975004196167,0,58.25,69.93000030517578,207.19000244140625,0.0,1.8636149212345523,5.104140014648437,4.413181254863739,0,0,,,,,,
2019-12-16,5.628749847412109,320976000,58.540000915527344,70.5,209.2700042724609,0.5178767843766252,1.862271082728224,5.125730009078979,4.421727503538132,1,0,,,,,,
2019-12-17,5.707250118255615,321196000,59.22999954223633,70.9000015258789,209.38999938964844,1.3946306546132492,1.7510300988604666,5.147710008621216,4.430698753595352,1,0,,,,,,
2019-12-18,5.737750053405762,343548000,59.09999847412109,70.65499877929688,209.5500030517578,0.5344068424929738,1.7463933028575696,5.173850011825562,4.4403812539577485,1,0,,,,,,
2019-12-19,5.886499881744385,445360000,57.959999084472656,71.06500244140625,210.8600006103516,2.592476614597894,1.777376560626691,5.20122501373291,4.451156253814697,1,0,,,,,,
2019-12-20,5.984250068664551,603044000,57.93000030517578,71.75,211.7100067138672,1.6605825003635166,1.7912387379823884,5.229395017623902,4.462247503995895,1,0,,,,,,
2019-12-21,5.984250068664551,0,57.93000030517578,71.75,211.7100067138672,0.0,1.7912387379823884,5.229395017623902,4.462247503995895,0,0,,,,,,
2019-12-22,5.984250068664551,0,57.93000030517578,71.75,211.7100067138672,0.0,1.7912387379823884,5.229395017623902,4.462247503995895,0,0,,,,,,
2019-12-23,5.9704999923706055,355060000,58.220001220703125,71.04000091552734,211.8099975585937,-0.2297710847002365,1.7906909131861233,5.255810012817383,4.471957503557205,1,0,,,,,,
2019-12-24,5.965499877929688,138864000,57.7599983215332,71.18499755859375,211.9199981689453,-0.0837469968563375,1.7929323003337956,5.2818550109863285,4.481470001935959,1,0,,,,,,
2019-12-25,5.965499877929688,0,57.7599983215332,71.18499755859375,211.9199981689453,0.0,1.7929323003337956,5.2818550109863285,4.481470001935959,0,0,,,,,,
2019-12-26,5.979750156402588,182852000,58.25,71.375,213.7899932861328,0.2388781957002761,1.7929409744550682,5.303265018463135,4.490291253328324,1,0,,,,,,
2019-12-27,5.921750068664551,254644000,58.459999084472656,71.12999725341797,213.6100006103516,-0.9699416567753416,1.803675457554856,5.324595022201538,4.499205003976822,1,0,,,,,,
2019-12-28,5.921750068664551,0,58.459999084472656,71.12999725341797,213.6100006103516,0.0,1.803675457554856,5.324595022201538,4.499205003976822,0,0,,,,,,
2019-12-29,5.921750068664551,0,58.459999084472656,71.12999725341797,213.6100006103516,0.0,1.803675457554856,5.324595022201538,4.499205003976822,0,0,,,,,,
2019-12-30,5.808000087738037,258056000,57.84999847412109,70.61499786376953,212.2100067138672,-1.9208845291940224,1.8540800476811408,5.343610019683838,4.507018753290176,1,0,,,,,,
2019-12-31,5.882500171661377,231004000,58.09999847412109,70.70500183105469,212.6100006103516,1.2827149242064628,1.7701308052882097,5.366015024185181,4.515312503576279,1,0,,,,,,
2020-01-01,5.882500171661377,0,58.09999847412109,70.70500183105469,212.6100006103516,0.0,1.7701308052882097,5.366015024185181,4.515312503576279,0,0,,,,,,
2020-01-02,5.99774980545044,237536000,60.040000915527344,72.33999633789062,216.16000366210932,1.9591947373715608,1.6695340410169237,5.387965021133423,4.523337503671646,1,0,,,,,,
2020-01-03,5.901750087738037,205384000,58.060001373291016,71.15499877929688,214.17999267578125,-1.6005955704448185,1.6499743841017205,5.408195018768311,4.5310462534427645,1,0,,,,,,
2020-01-04,5.901750087738037,0,58.060001373291016,71.15499877929688,214.17999267578125,0.0,1.6499743841017205,5.408195018768311,4.5310462534427645,0,0,,,,,,
2020-01-05,5.901750087738037,0,58.060001373291016,71.15499877929688,214.17999267578125,0.0,1.6499743841017205,5.408195018768311,4.5310462534427645,0,0,,,,,,
2020-01-06,5.926499843597412,262636000,57.38999938964844,70.3949966430664,215.5599975585937,0.4193629938820553,1.636903487526017,5.429180011749268,4.537686253786087,1,0,,,,,,
2020-01-07,5.9982500076293945,314856000,58.31999969482422,71.56999969482422,215.52999877929688,1.2106667666497373,1.6348283111374475,5.450715007781983,4.545490003824234,1,0,,,,,,
2020-01-08,6.009500026702881,277108000,58.75,71.69000244140625,217.1499938964844,0.1875550212008025,1.6354300582056305,5.468635005950928,4.553815003633499,1,0,,,,,,
2020-01-09,6.075500011444092,255112000,59.22999954223633,72.0999984741211,218.9900054931641,1.0982608278216732,1.4112840038950407,5.486750001907349,4.562083753347397,1,0,,,,,,
2020-01-10,6.107999801635742,316296000,58.86000061035156,71.5,218.42999267578125,0.5349319419049037,1.3473871699866038,5.507449998855591,4.570561252832412,1,0,,,,,,
2020-01-11,6.107999801635742,0,58.86000061035156,71.5,218.42999267578125,0.0,1.3473871699866038,5.507449998855591,4.570561252832412,0,0,,,,,,
2020-01-12,6.107999801635742,0,58.86000061035156,71.5,218.42999267578125,0.0,1.3473871699866038,5.507449998855591,4.570561252832412,0,0,,,,,,
2020-01-13,6.299499988555908,319840000,60.060001373291016,72.5,220.9499969482422,3.1352356440627505,1.4366664684016413,5.531940002441406,4.579902502298356,1,0,,,,,,
2020-01-14,6.182000160217285,359088000,60.31999969482422,72.6500015258789,220.0800018310547,-1.8652246773883767,1.485235189608198,5.555070009231567,4.588367503881455,1,0,,,,,,
2020-01-15,6.139249801635742,263104000,58.38999938964844,71.57499694824219,220.1699981689453,-0.6915295612033856,1.309902579971567,5.576560001373291,4.596278752088547,1,0,,,,,,
2020-01-16,6.223249912261963,284192000,58.75,72.7300033569336,222.27999877929688,1.368247152996438,1.2944361978340508,5.595775003433228,4.604520002603531,1,0,,,,,,
2020-01-17,6.23199987411499,253792000,58.58000183105469,73.02999877929688,223.3800048828125,0.140601164606724,1.2964735027717358,5.615609998703003,4.612102502584458,1,0,,,,,,
2020-01-18,6.23199987411499,0,58.58000183105469,73.02999877929688,223.3800048828125,0.0,1.2964735027717358,5.615609998703003,4.612102502584458,0,0,,,,,,
2020-01-19,6.23199987411499,0,58.58000183105469,73.02999877929688,223.3800048828125,0.0,1.2964735027717358,5.615609998703003,4.612102502584458,0,0,,,,,,
2020-01-20,6.23199987411499,0,58.58000183105469,73.02999877929688,223.3800048828125,0.0,1.2964735027717358,5.615609998703003,4.612102502584458,0,0,,,,,,
2020-01-21,6.198500156402588,217916000,58.2400016784668,73.08999633789062,223.27999877929688,-0.5375436198506001,1.3022244171623687,5.635764999389648,4.619562503099441,1,0,,,,,,
2020-01-22,6.252749919891357,239240000,58.34999847412109,73.69000244140625,223.8699951171875,0.8752079070730279,1.2881462307390452,5.65664999961853,4.626957503557205,1,0,,,,,,
2020-01-23,6.321499824523926,244516000,57.47999954223633,74.1500015258789,224.58999633789065,1.09951470174523,1.2873681811649658,5.67918999671936,4.63459125161171,1,0,,,,,,
2020-01-24,6.26200008392334,373512000,57.72999954223633,73.82499694824219,222.6999969482422,-0.9412282251398564,1.3162969078880336,5.700339994430542,4.64224375128746,1,0,,,,,,
2020-01-25,6.26200008392334,0,57.72999954223633,73.82499694824219,222.6999969482422,0.0,1.3162969078880336,5.700339994430542,4.64224375128746,0,0,,,,,,
2020-01-26,6.26200008392334,0,57.72999954223633,73.82499694824219,222.6999969482422,0.0,1.3162969078880336,5.700339994430542,4.64224375128746,0,0,,,,,,
2020-01-27,6.005000114440918,470536000,55.2599983215332,70.8499984741211,218.1000061035156,-4.104119547079332,1.5494104501262151,5.715634994506836,4.6482562530040745,1,0,,,,,,
2020-01-28,6.199250221252441,310976000,57.09000015258789,72.625,221.4499969482422,3.234806046787364,1.5580576716863492,5.735334997177124,4.65531000494957,1,0,,,,,,
2020-01-29,6.138500213623047,258848000,57.18999862670898,71.5199966430664,221.8099975585937,-0.9799573409882688,1.5755609263332937,5.753210000991821,4.66225125670433,1,0,,,,,,
2020-01-30,6.145249843597412,290504000,55.79999923706055,71.3550033569336,222.6000061035156,0.1099556852565797,1.5755428210158824,5.774019994735718,4.669890006780625,1,0,,,,,,
2020-01-31,5.910749912261963,370420000,53.93999862670898,68.78500366210938,219.07000732421875,-3.815954392477128,1.7308421052213825,5.786094989776611,4.675917507410049,1,0,,,,,,
2020-02-01,5.910749912261963,0,53.93999862670898,68.78500366210938,219.07000732421875,0.0,1.7308421052213825,5.786094989776611,4.675917507410049,0,0,,,,,,
2020-02-02,5.910749912261963,0,53.93999862670898,68.78500366210938,219.07000732421875,0.0,1.7308421052213825,5.786094989776611,4.675917507410049,0,0,,,,,,
2020-02-03,6.008250236511231,255564000,54.77000045776367,69.7249984741211,222.3800048828125,1.6495423710450208,1.7516445535831555,5.802264995574952,4.682547508478165,1,0,,,,,,
2020-02-04,6.178249835968018,271544000,57.52000045776367,71.97000122070312,227.47000122070312,2.829436071482605,1.7634459970953809,5.820239992141723,4.690151258707046,1,0,,,,,,
2020-02-05,6.269000053405762,208220000,57.91999816894531,73.4000015258789,228.22000122070312,1.4688661003869008,1.7582219230977325,5.8405299949646,4.697937508821488,1,0,,,,,,
2020-02-06,6.356249809265137,218284000,58.02000045776367,73.44999694824219,230.19000244140625,1.3917651159051303,1.770388272991379,5.862209987640381,4.705885008573532,1,0,,,,,,
2020-02-07,6.289750099182129,189752000,56.20000076293945,71.7699966430664,229.1999969482422,-1.0462098262103423,1.7848217259207206,5.877399988174439,4.713437508344651,1,0,,,,,,
2020-02-08,6.289750099182129,0,56.20000076293945,71.7699966430664,229.1999969482422,0.0,1.7848217259207206,5.877399988174439,4.713437508344651,0,0,,,,,,
2020-02-09,6.289750099182129,0,56.20000076293945,71.7699966430664,229.1999969482422,0.0,1.7848217259207206,5.877399988174439,4.713437508344651,0,0,,,,,,
2020-02-10,6.574250221252441,529608000,57.02000045776367,72.9000015258789,231.97000122070312,4.523234112390351,1.9522503349859093,5.90038498878479,4.722945009469986,1,0,,,,,,
2020-02-11,6.697249889373779,638556000,58.65999984741211,74.44000244140625,232.009994506836,1.87093073707052,1.9556736757928723,5.92520998954773,4.734170008897781,1,0,,,,,,
2020-02-12,6.813499927520752,374644000,59.630001068115234,75.48999786376953,234.2700042724609,1.73578767504885,1.917712927851924,5.95310998916626,4.745821257829666,1,0,,,,,,
2020-02-13,6.769499778747559,528016000,59.33000183105469,75.66999816894531,233.97000122070312,-0.6457789570888495,1.9246647420289127,5.983874988555908,4.757043756246567,1,0,,,,,,
2020-02-14,7.244750022888184,1041924000,58.18999862670898,75.34500122070312,234.63999938964844,7.020463249480335,2.2521172118917057,6.024939985275268,4.770708755254746,1,0,,,,,,
2020-02-15,7.244750022888184,0,58.18999862670898,75.34500122070312,234.63999938964844,0.0,2.2521172118917057,6.024939985275268,4.770708755254746,0,0,,,,,,
2020-02-16,7.244750022888184,0,58.18999862670898,75.34500122070312,234.63999938964844,0.0,2.2521172118917057,6.024939985275268,4.770708755254746,0,0,,,,,,
2020-02-17,7.244750022888184,0,58.18999862670898,75.34500122070312,234.63999938964844,0.0,2.2521172118917057,6.024939985275268,4.770708755254746,0,0,,,,,,
2020-02-18,7.414249897003174,620164000,56.18000030517578,74.21499633789062,234.72999572753903,2.339623500872956,2.2307782020458937,6.068514986038208,4.784881254434586,1,0,,,,,,
2020-02-19,7.867499828338623,694332000,57.63999938964844,76.125,236.97999572753903,6.113227064529503,2.431582360793896,6.121494979858398,4.801342502832413,1,0,,,,,,
2020-02-20,7.71750020980835,810052000,56.47999954223633,74.92500305175781,234.77999877929688,-1.9065728859627875,2.487220730175389,6.16975998878479,4.817448753118515,1,0,,,,,,
2020-02-21,7.351749897003174,768180000,55.59000015258789,72.7249984741211,230.2700042724609,-4.739232949295358,2.6885515077156983,6.210709991455079,4.832568751573563,1,0,,,,,,
2020-02-22,7.351749897003174,0,55.59000015258789,72.7249984741211,230.2700042724609,0.0,2.6885515077156983,6.210709991455079,4.832568751573563,0,0,,,,,,
2020-02-23,7.351749897003174,0,55.59000015258789,72.7249984741211,230.2700042724609,0.0,2.6885515077156983,6.210709991455079,4.832568751573563,0,0,,,,,,
2020-02-24,6.831999778747559,856916000,54.119998931884766,69.43000030517578,221.38999938964844,-7.069747006321359,3.038559361350585,6.240359983444214,4.844988750219345,1,0,,,,,,
2020-02-25,6.551249980926514,1055496000,53.86000061035156,67.43000030517578,215.3699951171875,-4.109335581280005,3.149654714160354,6.262714986801147,4.856471251249314,1,0,,,,,,
2020-02-26,6.691249847412109,747732000,55.02999877929688,67.83499908447266,216.47999572753903,2.136994724566988,3.123635463238903,6.284504985809326,4.868825000524521,1,0,,,,,,
2020-02-27,6.315000057220459,906416000,53.290000915527344,64.70999908447266,205.63999938964844,-5.623012124366689,3.282619712040076,6.298809986114502,4.880593750476837,1,0,,,,,,
2020-02-28,6.7517499923706055,1133252000,53.84000015258789,65.98500061035156,205.8000030517578,6.916071752854136,3.50389588073656,6.321269989013672,4.894097499847412,1,0,,,,,,
2020-02-29,6.7517499923706055,0,53.84000015258789,65.98500061035156,205.8000030517578,0.0,3.50389588073656,6.321269989013672,4.894097499847412,0,0,,,,,,
2020-03-01,6.7517499923706055,0,53.84000015258789,65.98500061035156,205.8000030517578,0.0,3.50389588073656,6.321269989013672,4.894097499847412,0,0,,,,,,
2020-03-02,6.910749912261963,890744000,55.97999954223633,68.2699966430664,216.4199981689453,2.3549438304295345,3.518124662335502,6.345339984893799,4.90870374917984,1,0,,,,,,
2020-03-03,6.647250175476074,652792000,54.880001068115234,66.02999877929688,209.47999572753903,-3.812896431375024,3.601609180160398,6.363529987335205,4.921916251182556,1,0,,,,,,
2020-03-04,7.112750053405762,597408000,57.08000183105469,69.41500091552734,218.22000122070312,7.002893913141284,3.8003652174333777,6.388054990768433,4.9379137516021725,1,0,,,,,,
2020-03-05,6.832250118255615,540328000,55.72999954223633,67.23500061035156,211.58999633789065,-3.9436214269308656,3.886111010738152,6.405014991760254,4.953106251955032,1,0,,,,,,
2020-03-06,6.651000022888184,515412000,55.06999969482422,65.94000244140625,208.0200042724609,-2.6528609496179856,3.921998736489079,6.418624992370606,4.966978752613068,1,0,,,,,,
2020-03-07,6.651000022888184,0,55.06999969482422,65.94000244140625,208.0200042724609,0.0,3.921998736489079,6.418624992370606,4.966978752613068,0,0,,,,,,
2020-03-08,6.651000022888184,0,55.06999969482422,65.94000244140625,208.0200042724609,0.0,3.921998736489079,6.418624992370606,4.966978752613068,0,0,,,,,,
2020-03-09,6.136000156402588,614160000,51.83000183105469,60.45500183105469,193.57000732421875,-7.743194477722437,4.180921356738168,6.422034997940063,4.978633753061295,1,0,,,,,,
2020-03-10,6.526999950408936,580648000,54.5099983215332,64.18000030517578,204.1100006103516,6.372225945893439,4.261586916991647,6.43297999382019,4.992853752374649,1,0,,,,,,
2020-03-11,6.161749839782715,499964000,52.2400016784668,60.71500015258789,195.22000122070312,-5.595987642122424,4.360440485292809,6.437779989242554,5.005518751144409,1,0,,,,,,
2020-03-12,5.407750129699707,816540000,48.68999862670898,54.30500030517578,177.32000732421875,-12.23677899441624,4.9044633082469575,6.429774990081787,5.014641251564026,1,0,,,,,,
2020-03-13,6.020999908447266,634836000,52.22999954223633,59.56999969482422,192.33999633789065,11.340201822187602,5.345833423881578,6.432544984817505,5.027203750610352,1,0,,,,,,
2020-03-14,6.020999908447266,0,52.22999954223633,59.56999969482422,192.33999633789065,0.0,5.345833423881578,6.432544984817505,5.027203750610352,0,0,,,,,,
2020-03-15,6.020999908447266,0,52.22999954223633,59.56999969482422,192.33999633789065,0.0,5.345833423881578,6.432544984817505,5.027203750610352,0,0,,,,,,
2020-03-16,4.909999847412109,726972000,44.900001525878906,50.98500061035156,169.3000030517578,-18.45208566564599,6.29617016438572,6.410789985656738,5.034364999532699,1,0,,,,,,
2020-03-17,5.4317498207092285,833632000,48.540000915527344,55.1150016784668,182.13999938964844,10.626272698809046,6.603575009175993,6.4013899803161625,5.044591249227524,1,0,,,,,,
2020-03-18,5.070499897003174,874268000,44.369998931884766,50.53499984741211,176.60000610351562,-6.650709911725761,6.684014861328175,6.384269981384278,5.05322124838829,1,0,,,,,,
2020-03-19,5.324250221252441,765512000,43.88999938964844,51.43000030517578,177.66000366210938,5.004443928679336,6.749568032723432,6.370789985656739,5.061967499256134,1,0,,,,,,
2020-03-20,5.143750190734863,804636000,44.52999877929688,50.52999877929688,170.6999969482422,-3.390149279556553,6.764296316894785,6.353474988937378,5.070026249885559,1,0,,,,,,
2020-03-21,5.143750190734863,0,44.52999877929688,50.52999877929688,170.6999969482422,0.0,6.764296316894785,6.353474988937378,5.070026249885559,0,0,,,,,,
2020-03-22,5.143750190734863,0,44.52999877929688,50.52999877929688,170.6999969482422,0.0,6.764296316894785,6.353474988937378,5.070026249885559,0,0,,,,,,
2020-03-23,5.317249774932861,643876000,45.2599983215332,52.40499877929688,170.4600067138672,3.373017307693371,6.799463988535706,6.338309984207154,5.078639998435974,1,0,,,,,,
2020-03-24,6.229499816894531,1101644000,48.869998931884766,57.81499862670898,183.66000366210932,17.156426359022948,7.468556511036741,6.340739984512329,5.091599997282028,1,0,,,,,,
2020-03-25,6.140500068664551,793432000,49.0,57.380001068115234,182.3000030517578,-1.4286820907934097,7.465767072537248,6.337559986114502,5.103748747110367,1,0,,,,,,
2020-03-26,6.431000232696533,696108000,49.869998931884766,60.86000061035156,191.8999938964844,4.730887725487176,7.50990937322156,6.342539987564087,5.117059998512268,1,0,,,,,,
2020-03-27,6.318250179290772,638828000,46.90999984741211,57.494998931884766,185.3000030517578,-1.753227325860096,7.516333794654205,6.346119995117188,5.130376249551773,1,0,,,,,,
2020-03-28,6.318250179290772,0,46.90999984741211,57.494998931884766,185.3000030517578,0.0,7.516333794654205,6.346119995117188,5.130376249551773,0,0,,,,,,
2020-03-29,6.318250179290772,0,46.90999984741211,57.494998931884766,185.3000030517578,0.0,7.516333794654205,6.346119995117188,5.130376249551773,0,0,,,,,,
2020-03-30,6.639750003814697,602252000,47.81999969482422,59.75,192.0399932861328,5.088431375789781,7.462599708070063,6.354449996948242,5.145042499303818,1,0,,,,,,
2020-03-31,6.590000152587891,949960000,47.790000915527344,58.56999969482422,190.3999938964844,-0.7492729575394264,7.450242315657919,6.3616100025177005,5.15991250038147,1,0,,,,,,
2020-04-01,6.076749801635742,656912000,46.5099983215332,55.665000915527344,182.3099975585937,-7.788320774933444,7.481349591781502,6.359174995422364,5.172167499065399,1,0,,,,,,
2020-04-02,6.386750221252441,675764000,48.130001068115234,57.165000915527344,186.009994506836,5.1014181879473375,7.547768713873528,6.361855001449585,5.184991250038147,1,0,,,,,,
2020-04-03,6.097750186920166,663212000,47.060001373291016,56.02000045776367,183.3699951171875,-4.524993530678623,7.543573966827185,6.357380008697509,5.196340000629425,1,0,,,,,,
2020-04-04,6.097750186920166,0,47.060001373291016,56.02000045776367,183.3699951171875,0.0,7.543573966827185,6.357380008697509,5.196340000629425,0,0,,,,,,
2020-04-05,6.097750186920166,0,47.060001373291016,56.02000045776367,183.3699951171875,0.0,7.543573966827185,6.357380008697509,5.196340000629425,0,0,,,,,,
2020-04-06,6.710000038146973,727884000,49.970001220703125,61.59000015258789,196.47999572753903,10.040585994160578,7.663405305606339,6.366340007781982,5.210627501010895,1,0,,,,,,
2020-04-07,6.475749969482422,784520000,49.720001220703125,61.400001525878906,196.3999938964844,-3.4910591256753665,7.65216646797068,6.375755004882812,5.224036251306534,1,0,,,,,,
2020-04-08,6.673749923706055,542444000,50.27000045776367,63.435001373291016,200.57000732421875,3.0575602078018127,7.661846683786962,6.385244998931885,5.238322501182556,1,0,,,,,,
2020-04-09,6.573750019073486,525564000,48.33000183105469,61.935001373291016,200.8600006103516,-1.498406529698626,7.588972705449312,6.393949995040893,5.252256251573563,1,0,,,,,,
2020-04-10,6.573750019073486,0,48.33000183105469,61.935001373291016,200.8600006103516,0.0,7.588972705449312,6.393949995040893,5.252256251573563,0,0,,,,,,
2020-04-11,6.573750019073486,0,48.33000183105469,61.935001373291016,200.8600006103516,0.0,7.588972705449312,6.393949995040893,5.252256251573563,0,0,,,,,,
2020-04-12,6.573750019073486,0,48.33000183105469,61.935001373291016,200.8600006103516,0.0,7.588972705449312,6.393949995040893,5.252256251573563,0,0,,,,,,
2020-04-13,6.746250152587891,398408000,48.75,62.744998931884766,203.02999877929688,2.624075041093765,7.502150563233474,6.405970001220704,5.266080002784729,1,0,,,,,,
2020-04-14,7.098750114440918,530948000,50.630001068115234,65.48999786376953,211.8600006103516,5.22512438584577,7.547791638269124,6.4297300052642825,5.281170003414154,1,0,,,,,,
2020-04-15,7.020999908447266,366148000,49.65999984741211,63.72499847412109,209.42999267578125,-1.095266134745132,7.512110318835627,6.449984998703003,5.295746252536774,1,0,,,,,,
2020-04-16,7.367499828338623,745620000,52.400001525878906,65.41500091552734,213.25,4.935193340117672,7.459293176985195,6.473769998550415,5.311812500953675,1,0,,,,,,
2020-04-17,7.308000087738037,539120000,53.68999862670898,66.05500030517578,215.2899932861328,-0.8075974480749037,7.418338531075429,6.49454999923706,5.328073751926422,1,0,,,,,,
2020-04-18,7.308000087738037,0,53.68999862670898,66.05500030517578,215.2899932861328,0.0,7.418338531075429,6.49454999923706,5.328073751926422,0,0,,,,,,
2020-04-19,7.308000087738037,0,53.68999862670898,66.05500030517578,215.2899932861328,0.0,7.418338531075429,6.49454999923706,5.328073751926422,0,0,,,,,,
2020-04-20,7.176249980926514,449388000,52.59000015258789,64.65499877929688,212.7400054931641,-1.80282026860652,7.407520337077657,6.510950002670288,5.343611252307892,1,0,,,,,,
2020-04-21,6.737750053405762,735160000,51.369998931884766,61.7599983215332,204.88999938964844,-6.110432728600934,7.350476018587127,6.519910001754761,5.357271251678466,1,0,,,,,,
2020-04-22,7.153749942779541,483356000,52.95000076293945,65.25,210.97000122070312,6.174166243574164,7.345178152899423,6.531499996185302,5.373388751745224,1,0,,,,,,
2020-04-23,7.100249767303467,424160000,52.63999938964844,64.6500015258789,210.5200042724609,-0.7478619731470126,7.257649588628877,6.539559993743897,5.389226250648498,1,0,,,,,,
2020-04-24,7.239749908447266,352328000,52.72999954223633,65.95500183105469,213.83999633789065,1.9647216043891191,6.833355827762922,6.548084993362426,5.405417499542236,1,0,,,,,,
2020-04-25,7.239749908447266,0,52.72999954223633,65.95500183105469,213.83999633789065,0.0,6.833355827762922,6.548084993362426,5.405417499542236,0,0,,,,,,
2020-04-26,7.239749908447266,0,52.72999954223633,65.95500183105469,213.83999633789065,0.0,6.833355827762922,6.548084993362426,5.405417499542236,0,0,,,,,,
2020-04-27,7.427000045776367,479388000,53.5099983215332,66.7699966430664,215.5599975585937,2.58641720635433,6.567370931414931,6.561234998703003,5.421767499446869,1,0,,,,,,
2020-04-28,7.283999919891357,442904000,52.7599983215332,66.32499694824219,211.5,-1.9254089807947736,5.492055286357333,6.562019996643066,5.437236249446869,1,0,,,,,,
2020-04-29,7.46150016784668,379160000,54.47999954223633,69.44000244140625,219.0,2.4368513166865835,5.217621290398122,6.562965002059936,5.4536350011825565,1,0,,,,,,
2020-04-30,7.307000160217285,375916000,53.130001068115234,66.86499786376953,218.91000366210932,-2.07062928571885,5.044384377327755,6.551755008697509,5.469285001754761,1,0,,,,,,
2020-05-01,7.069499969482422,342096000,51.09999847412109,63.71500015258789,212.7400054931641,-3.250310462943806,5.062926187449435,6.538795003890991,5.483418750762939,1,0,,,,,,
2020-05-02,7.069499969482422,0,51.09999847412109,63.71500015258789,212.7400054931641,0.0,5.062926187449435,6.538795003890991,5.483418750762939,0,0,,,,,,
2020-05-03,7.069499969482422,0,51.09999847412109,63.71500015258789,212.7400054931641,0.0,5.062926187449435,6.538795003890991,5.483418750762939,0,0,,,,,,
2020-05-04,7.282249927520752,317556000,52.150001525878906,64.41999816894531,215.22000122070312,3.009406025273753,5.003045711017115,6.537405004501343,5.498557500839233,1,0,,,,,,
2020-05-05,7.343500137329102,368896000,51.709999084472656,65.26000213623047,217.66000366210932,0.8410890922168957,4.987888380322858,6.547635011672973,5.514220001697541,1,0,,,,,,
2020-05-06,7.44474983215332,323464000,52.130001068115234,66.0250015258789,219.0,1.3787661596074363,3.9764080823378265,6.56550500869751,5.530028750896454,1,0,,,,,,
2020-05-07,7.621749877929687,373732000,52.33000183105469,66.625,221.82000732421875,2.377515024237842,3.967793890908344,6.584115009307862,5.546180000305176,1,0,,,,,,
2020-05-08,7.8125,339216000,52.90999984741211,68.32499694824219,224.8600006103516,2.502707713128549,3.912110543251033,6.614065008163452,5.562910001277924,1,0,,,,,,
2020-05-09,7.8125,0,52.90999984741211,68.32499694824219,224.8600006103516,0.0,3.912110543251033,6.614065008163452,5.562910001277924,0,0,,,,,,
2020-05-10,7.8125,0,52.90999984741211,68.32499694824219,224.8600006103516,0.0,3.912110543251033,6.614065008163452,5.562910001277924,0,0,,,,,,
2020-05-11,8.065500259399414,469060000,52.400001525878906,68.36000061035156,226.8699951171875,3.2384033203125107,3.9092546193741633,6.640340013504028,5.581565003395081,1,0,,,,,,
2020-05-12,7.802499771118164,493060000,51.09999847412109,66.4800033569336,222.1199951171875,-3.26080813120988,3.897283590202647,6.658175010681152,5.598693752288819,1,0,,,,,,
2020-05-13,7.78000020980835,625852000,50.91999816894531,65.30000305175781,219.33999633789065,-0.2883634984918393,3.89263645682502,6.680830011367798,5.61574125289917,1,0,,,,,,
2020-05-14,8.030500411987305,602312000,52.09999847412109,67.12999725341797,221.8300018310547,3.2197968563438595,3.578073461036054,6.699185018539429,5.633962504863739,1,0,,,,,,
2020-05-15,8.490750312805176,987660000,49.79999923706055,65.5999984741211,223.2700042724609,5.73127298680971,3.604750195999268,6.73235502243042,5.655326256752014,1,0,,,,,,
2020-05-16,8.490750312805176,0,49.79999923706055,65.5999984741211,223.2700042724609,0.0,3.604750195999268,6.73235502243042,5.655326256752014,0,0,,,,,,
2020-05-17,8.490750312805176,0,49.79999923706055,65.5999984741211,223.2700042724609,0.0,3.604750195999268,6.73235502243042,5.655326256752014,0,0,,,,,,
2020-05-18,8.750249862670898,774460000,51.869998931884766,68.42500305175781,227.42999267578125,3.056261700151075,3.466001943555069,6.7743400192260745,5.678462505340576,1,0,,,,,,
2020-05-19,8.805500030517578,717320000,50.810001373291016,68.16999816894531,226.8600006103516,0.6314124592302184,3.04497707919343,6.827730016708374,5.702341256141662,1,0,,,,,,
2020-05-20,8.970000267028809,587536000,51.84000015258789,70.63999938964844,231.38999938964844,1.8681532671752432,2.930203302541193,6.876590023040771,5.728342506885529,1,0,,,,,,
2020-05-21,8.775250434875488,761068000,50.75,68.8499984741211,228.8699951171875,-2.1711240396409592,2.967074954825696,6.928860034942627,5.753175009489059,1,0,,,,,,
2020-05-22,9.026249885559082,1038764000,49.79999923706055,68.99500274658203,229.66000366210932,2.860310968289248,2.9492527762165284,7.001230030059815,5.779070008993148,1,0,,,,,,
2020-05-23,9.026249885559082,0,49.79999923706055,68.99500274658203,229.66000366210932,0.0,2.9492527762165284,7.001230030059815,5.779070008993148,0,0,,,,,,
2020-05-24,9.026249885559082,0,49.79999923706055,68.99500274658203,229.66000366210932,0.0,2.9492527762165284,7.001230030059815,5.779070008993148,0,4,3.25,-0.03589999999999999,0.0,0.25,0.5,0.5
2020-05-25,9.026249885559082,0,49.79999923706055,68.99500274658203,229.66000366210932,0.0,2.9492527762165284,7.001230030059815,5.779070008993148,0,2,4.5,0.0,0.0,0.0,0.0,0.0
2020-05-26,8.71774959564209,770780000,50.81999969482422,69.58999633789062,229.0399932861328,-3.417812422970423,3.0465834548375823,7.055165023803711,5.80287625670433,1,5,4.0,0.5746399999999999,1.2,0.0,0.0,1.0
2020-05-27,8.525250434875488,1175892000,51.7400016784668,70.63999938964844,230.2899932861328,-2.2081290435645218,2.9845846021353304,7.127470035552978,5.826230008602142,1,2,1.5,-0.08895,0.0,0.5,0.5,0.0
2020-05-28,8.487000465393066,734896000,50.27999877929688,69.12999725341797,229.9900054931641,-0.4486668136568394,2.973822984810456,7.188575048446655,5.849733760356903,1,6,4.333333333333333,0.7340666666666666,7.333333333333333,0.16666666666666666,0.0,0.8333333333333334
2020-05-29,8.875499725341797,745256000,50.33000183105469,70.51499938964844,233.3600006103516,4.577580283315541,2.956832794400406,7.264675045013428,5.874605009555816,1,4,5.0,0.617475,0.0,0.0,0.0,1.0
2020-05-30,8.875499725341797,0,50.33000183105469,70.51499938964844,233.3600006103516,0.0,2.956832794400406,7.264675045013428,5.874605009555816,0,5,3.2,0.37532,13.6,0.0,0.4,0.6
2020-05-31,8.875499725341797,0,50.33000183105469,70.51499938964844,233.3600006103516,0.0,2.956832794400406,7.264675045013428,5.874605009555816,0,4,4.25,0.350425,0.75,0.0,0.25,0.75
2020-06-01,8.806249618530273,389876000,51.02999877929688,70.41000366210938,234.0599975585937,-0.7802389606727966,2.956367189811686,7.334315032958984,5.899877507686615,1,6,4.5,0.4035166666666667,0.3333333333333333,0.0,0.16666666666666666,0.8333333333333334
2020-06-02,8.825249671936035,391320000,52.0099983215332,71.79499816894531,235.6300048828125,0.215756471015549,2.9210058025831613,7.407945022583008,5.925407506227494,1,2,1.0,0.07434999999999997,3.5,1.0,0.5,0.5
2020-06-03,8.769499778747559,365440000,53.060001373291016,73.7750015258789,236.69000244140625,-0.6317089630422434,2.63572924483259,7.476990022659302,5.949310004711151,1,3,2.3333333333333335,0.07543333333333334,1.6666666666666667,0.6666666666666666,0.0,0.3333333333333333
2020-06-04,8.766500473022461,424280000,54.27999877929688,74.58999633789062,235.02999877929688,-0.034201559960878,2.4454774039540186,7.52773003578186,5.971795008182526,1,4,3.0,0.3622,0.0,0.5,0.0,0.5
2020-06-05,8.920000076293945,481748000,55.20000076293945,76.3499984741211,239.69000244140625,1.7509792390230985,2.4366953234028785,7.583320035934448,5.995411257743836,1,4,4.25,0.468575,0.0,0.0,0.0,0.75
2020-06-06,8.920000076293945,0,55.20000076293945,76.3499984741211,239.69000244140625,0.0,2.4366953234028785,7.583320035934448,5.995411257743836,0,3,2.6666666666666665,0.31196666666666667,3.6666666666666665,0.3333333333333333,0.3333333333333333,0.3333333333333333
2020-06-07,8.920000076293945,0,55.20000076293945,76.3499984741211,239.69000244140625,0.0,2.4366953234028785,7.583320035934448,5.995411257743836,0,4,1.75,0.47774999999999995,12.25,0.5,0.25,0.75
2020-06-08,8.805000305175781,387736000,55.56999969482422,76.12000274658203,241.5500030517578,-1.2892350911945738,2.455046605191036,7.6308000373840335,6.018032510280609,1,2,3.0,-0.11175,0.0,0.5,0.5,0.0
2020-06-09,9.04599952697754,468488000,56.61000061035156,76.26000213623047,243.3000030517578,2.737072270856067,2.459223730301672,7.685355024337769,6.041827507019043,1,6,3.8333333333333335,0.5565,0.8333333333333334,0.16666666666666666,0.0,0.8333333333333334
2020-06-10,9.36674976348877,632180000,57.54999923706055,76.6500015258789,246.22000122070312,3.5457688844076296,2.461557625906289,7.73989501953125,6.068356256484986,1,5,1.8,0.39116,0.6,0.8,0.2,0.6
2020-06-11,8.796250343322754,583652000,55.040000915527344,71.94499969482422,234.0200042724609,-6.090687106746461,2.749963874988638,7.784020023345947,6.091656258106232,1,0,,,,,,
2020-06-12,8.932499885559082,570908000,56.0,72.95999908447266,235.8800048828125,1.5489502562845423,2.7084460028215966,7.841135025024414,6.116093757152558,1,3,2.6666666666666665,-0.024433333333333345,2.3333333333333335,0.3333333333333333,0.6666666666666666,0.3333333333333333
2020-06-13,8.932499885559082,0,56.0,72.95999908447266,235.8800048828125,0.0,2.7084460028215966,7.841135025024414,6.116093757152558,0,3,4.0,0.48123333333333335,8.666666666666666,0.0,0.0,0.6666666666666666
2020-06-14,8.932499885559082,0,56.0,72.95999908447266,235.8800048828125,0.0,2.7084460028215966,7.841135025024414,6.116093757152558,0,2,5.0,0.0386,1.5,0.0,0.0,0.5
2020-06-15,9.173749923706056,400004000,56.02000045776367,73.90499877929688,238.75,2.700812104537431,2.625243701424041,7.896875019073486,6.141810007095337,1,3,3.3333333333333335,0.5218333333333334,26.666666666666668,0.3333333333333333,0.0,0.6666666666666666
2020-06-16,9.068499565124512,535716000,55.79999923706055,75.05999755859375,242.8500061035156,-1.1472991901552043,2.620071911943921,7.956290006637573,6.166277503967285,1,3,3.6666666666666665,0.29446666666666665,0.0,0.3333333333333333,0.0,0.3333333333333333
2020-06-17,9.236000061035156,408304000,56.59999847412109,75.8550033569336,243.6199951171875,1.847058542681257,2.627477759954315,8.006810007095337,6.191518754959106,1,7,3.2857142857142856,0.4390428571428572,3.4285714285714284,0.2857142857142857,0.14285714285714285,0.7142857142857143
2020-06-18,9.218000411987305,254408000,56.150001525878906,75.75,244.27999877929688,-0.1948857614649468,2.631244319862556,8.061655015945435,6.217087507247925,1,2,3.0,0.09505,0.5,0.5,0.0,0.5
2020-06-19,9.261249542236328,524160000,55.310001373291016,75.3949966430664,244.2400054931641,0.4691812574968201,2.61350490736688,8.11340500831604,6.242298755645752,1,1,3.0,0.8779,1.0,0.0,0.0,1.0
2020-06-20,9.261249542236328,0,55.310001373291016,75.3949966430664,244.2400054931641,0.0,2.61350490736688,8.11340500831604,6.242298755645752,0,2,5.0,0.6794,0.5,0.0,0.0,1.0
2020-06-21,9.261249542236328,0,55.310001373291016,75.3949966430664,244.2400054931641,0.0,2.61350490736688,8.11340500831604,6.242298755645752,0,2,3.0,0.2676,0.5,0.5,0.0,0.5
2020-06-22,9.52674961090088,398468000,56.0,76.08499908447266,246.7400054931641,2.866784524633803,2.6230662279571413,8.172465000152588,6.267465002536774,1,3,2.3333333333333335,-0.19820000000000002,3.3333333333333335,0.6666666666666666,0.6666666666666666,0.3333333333333333
2020-06-23,9.449999809265137,375108000,56.7599983215332,76.33499908447266,248.83999633789065,-0.8056242136134428,2.5916695214612213,8.226539993286133,6.292383751869202,1,1,2.0,0.6808,1.0,0.0,0.0,1.0
2020-06-24,9.23550033569336,449372000,56.58000183105469,74.73500061035156,243.7100067138672,-2.269835744985671,2.5471998261838564,8.269274997711182,6.315998754501343,1,0,,,,,,
2020-06-25,9.489999771118164,376072000,57.040000915527344,75.24500274658203,246.02999877929688,2.75566483865759,2.5713138120241097,8.3186549949646,6.340551252365112,1,5,3.0,0.33592,0.4,0.4,0.2,0.6
2020-06-26,9.154999732971191,592084000,56.33000183105469,73.83499908447266,240.22000122070312,-3.530032099331659,2.637364973016642,8.354404993057251,6.363285000324249,1,0,,,,,,
2020-06-27,9.154999732971191,0,56.33000183105469,73.83499908447266,240.22000122070312,0.0,2.637364973016642,8.354404993057251,6.363285000324249,0,4,3.25,0.07730000000000001,0.5,0.25,0.5,0.5
2020-06-28,9.154999732971191,0,56.33000183105469,73.83499908447266,240.22000122070312,0.0,2.637364973016642,8.354404993057251,6.363285000324249,0,1,4.0,0.4497,0.0,0.0,0.0,1.0
2020-06-29,9.199999809265137,342248000,56.38999938964844,74.58499908447266,242.83999633789065,0.4915355281975619,2.443391111713325,8.392244987487793,6.3862512493133545,1,6,1.8333333333333333,0.04688333333333334,0.5,0.6666666666666666,0.5,0.3333333333333333
2020-06-30,9.497750282287598,367892000,56.77000045776367,76.4000015258789,247.6000061035156,3.236418252124329,2.4506177315288404,8.438674993515015,6.410997500419617,1,4,3.5,0.26145,2.75,0.25,0.25,0.5
2020-07-01,9.529999732971191,326648000,56.81999969482422,75.5250015258789,250.4900054931641,0.3395483111799269,2.449847389353321,8.494519987106322,6.436121249198914,1,5,3.6,0.12259999999999997,3.2,0.2,0.4,0.4
2020-07-02,9.612250328063965,364056000,58.619998931884766,76.68000030517578,252.19000244140625,0.8630702769928611,2.4343883622989706,8.543689994812011,6.461548750400543,1,0,,,,,,
2020-07-03,9.612250328063965,0,58.619998931884766,76.68000030517578,252.19000244140625,0.0,2.4343883622989706,8.543689994812011,6.461548750400543,0,4,4.0,0.009025000000000005,0.0,0.25,0.5,0.5
2020-07-04,9.612250328063965,0,58.619998931884766,76.68000030517578,252.19000244140625,0.0,2.4343883622989706,8.543689994812011,6.461548750400543,0,4,3.5,0.2007,0.0,0.0,0.25,0.5
2020-07-05,9.612250328063965,0,58.619998931884766,76.68000030517578,252.19000244140625,0.0,2.4343883622989706,8.543689994812011,6.461548750400543,0,8,2.75,0.079575,2.25,0.375,0.25,0.5
2020-07-06,9.83924961090088,315892000,61.880001068115234,78.79499816894531,258.3900146484375,2.361562330250244,2.418937055449415,8.59846999168396,6.488247499465943,1,2,3.5,0.33235,0.5,0.0,0.0,0.5
2020-07-07,9.871749877929688,357800000,60.709999084472656,77.81500244140625,256.6099853515625,0.3303124558686088,2.374278281173059,8.651109991073609,6.515488748550415,1,3,2.3333333333333335,0.3167333333333333,0.6666666666666666,0.6666666666666666,0.0,0.6666666666666666
2020-07-08,10.215999603271484,365480000,62.59000015258789,78.93000030517578,259.989990234375,3.487220904081423,2.333135588680127,8.70688998222351,6.544982497692108,1,6,2.1666666666666665,0.08048333333333334,7.666666666666667,0.6666666666666666,0.3333333333333333,0.3333333333333333
2020-07-09,10.508999824523926,494548000,64.77999877929688,80.30000305175781,262.17999267578125,2.868052394585185,2.3096752969050645,8.771389980316162,6.575672497749329,1,4,3.0,0.14727499999999996,3.25,0.0,0.5,0.5
2020-07-10,10.479249954223633,497676000,63.84999847412109,79.98500061035156,263.9700012207031,-0.2830894547249718,2.3069684928213903,8.831744976043701,6.606502497196198,1,1,5.0,0.7351,0.0,0.0,0.0,1.0
2020-07-11,10.479249954223633,0,63.84999847412109,79.98500061035156,263.9700012207031,0.0,2.3069684928213903,8.831744976043701,6.606502497196198,0,6,4.166666666666667,0.3494333333333333,0.16666666666666666,0.0,0.0,0.6666666666666666
2020-07-12,10.479249954223633,0,63.84999847412109,79.98500061035156,263.9700012207031,0.0,2.3069684928213903,8.831744976043701,6.606502497196198,0,5,3.8,0.47312000000000004,4.0,0.2,0.0,0.8
2020-07-13,10.052249908447266,457076000,65.06999969482422,78.83499908447266,258.5400085449219,-4.07471954234917,2.349967718103375,8.886649971008302,6.634484996795655,1,3,4.666666666666667,0.0326,0.0,0.0,0.3333333333333333,0.3333333333333333
2020-07-14,10.376999855041504,542676000,66.95999908447266,80.16000366210938,260.3699951171875,3.230619508587229,2.391709310503716,8.952799968719482,6.664202497005463,1,4,3.0,-0.02737500000000003,0.25,0.5,0.5,0.5
2020-07-15,10.227250099182127,403984000,66.05999755859375,79.79499816894531,260.8999938964844,-1.4430929743785348,2.419353209943816,9.01169997215271,6.693868746757508,1,4,3.5,0.426775,9.75,0.25,0.25,0.75
2020-07-16,10.134750366210938,344964000,66.58999633789062,79.73500061035156,259.1199951171875,-0.9044438346001548,2.4243421724770617,9.067524976730349,6.722783749103546,1,2,3.0,0.3243,1.0,0.5,0.0,0.5
2020-07-17,10.201499938964844,266284000,66.4000015258789,80.1050033569336,259.4200134277344,0.6586207882973483,2.4222575354269704,9.122659978866578,6.752041249275208,1,3,5.0,0.11099999999999999,0.0,0.0,0.3333333333333333,0.6666666666666666
2020-07-18,10.201499938964844,0,66.4000015258789,80.1050033569336,259.4200134277344,0.0,2.4222575354269704,9.122659978866578,6.752041249275208,0,1,5.0,0.1124,1.0,0.0,0.0,1.0
2020-07-19,10.201499938964844,0,66.4000015258789,80.1050033569336,259.4200134277344,0.0,2.4222575354269704,9.122659978866578,6.752041249275208,0,1,1.0,-0.5423,0.0,1.0,1.0,0.0
2020-07-20,10.510749816894531,284852000,66.88999938964844,81.70500183105469,266.7799987792969,3.031415770033008,2.4554718230311074,9.180439977645872,6.782964997291565,1,1,5.0,0.9101,0.0,0.0,0.0,1.0
2020-07-21,10.328499794006348,277036000,67.80999755859375,81.29499816894531,264.0,-1.7339393103548373,2.468440256147861,9.230759973526,6.811943745613098,1,0,,,,,,
2020-07-22,10.438750267028809,367292000,68.52999877929688,81.88999938964844,264.92999267578125,1.0674393689434014,2.436347555026757,9.278224973678588,6.841391246318818,1,1,4.0,-0.2895,97.0,0.0,1.0,0.0
2020-07-23,10.12975025177002,411660000,67.37000274658203,80.54000091552734,258.010009765625,-2.960124606436632,2.4461032615537337,9.324769983291626,6.868998746871949,1,3,4.666666666666667,0.31426666666666664,59.0,0.0,0.0,0.3333333333333333
2020-07-24,10.194499969482422,473292000,73.9000015258789,79.7300033569336,255.5599975585937,0.6392034956744119,2.128710753574503,9.373059978485108,6.897817497253418,1,1,4.0,0.9551,0.0,0.0,0.0,1.0
2020-07-25,10.194499969482422,0,73.9000015258789,79.7300033569336,255.5599975585937,0.0,2.128710753574503,9.373059978485108,6.897817497253418,0,5,2.4,0.40896,1.6,0.4,0.2,0.6
2020-07-26,10.194499969482422,0,73.9000015258789,79.7300033569336,255.5599975585937,0.0,2.128710753574503,9.373059978485108,6.897817497253418,0,2,5.0,0.62405,1.0,0.0,0.0,1.0
2020-07-27,10.421500205993652,292132000,83.25,82.94499969482422,260.1199951171875,2.226693189374296,2.1436077173587087,9.420879974365237,6.927336249351502,1,4,3.0,0.501225,0.75,0.5,0.25,0.75
2020-07-28,10.215499877929688,271636000,76.91999816894531,80.79000091552734,256.8099975585937,-1.976685928053712,2.150927684062152,9.455374965667724,6.955534999370575,1,4,5.0,0.37165,0.0,0.0,0.0,0.75
2020-07-29,10.465499877929688,284508000,82.66999816894531,82.82499694824219,259.7699890136719,2.447261543609014,2.162910435445642,9.4896799659729,6.9846137475967405,1,7,3.2857142857142856,0.33054285714285714,0.7142857142857143,0.2857142857142857,0.14285714285714285,0.7142857142857143
2020-07-30,10.61400032043457,308880000,79.93000030517578,83.6050033569336,261.1300048828125,1.4189522166834,2.155124109292803,9.52584997177124,7.0143674993515015,1,4,4.0,0.07415000000000001,0.0,0.25,0.25,0.25
2020-07-31,10.614749908447266,386080000,78.88999938964844,83.11000061035156,265.7900085449219,0.0070622573022927,2.153235007797904,9.55874496459961,7.042894999980927,1,4,3.75,0.44685,0.25,0.25,0.25,0.75
2020-08-01,10.614749908447266,0,78.88999938964844,83.11000061035156,265.7900085449219,0.0,2.153235007797904,9.55874496459961,7.042894999980927,0,5,3.8,0.23018,0.0,0.2,0.2,0.6
2020-08-02,10.614749908447266,0,78.88999938964844,83.11000061035156,265.7900085449219,0.0,2.153235007797904,9.55874496459961,7.042894999980927,0,6,4.0,0.5362333333333333,12.833333333333334,0.0,0.16666666666666666,0.8333333333333334
2020-08-03,11.010250091552734,412720000,78.94999694824219,84.58999633789062,269.3800048828125,3.725949141681872,2.232584830716722,9.603444957733156,7.073670001029968,1,6,4.333333333333333,0.4556166666666666,0.3333333333333333,0.16666666666666666,0.0,0.6666666666666666
2020-08-04,11.227749824523926,310336000,80.19000244140625,85.81999969482422,270.3800048828125,1.9754295421323893,2.207197418642081,9.64747495651245,7.105522499084473,1,3,4.333333333333333,0.3086333333333333,0.3333333333333333,0.0,0.0,0.6666666666666666
2020-08-05,11.286749839782717,249924000,81.62999725341797,85.8949966430664,271.04998779296875,0.5254838786122651,2.1918605881910347,9.698854961395265,7.138144998550415,1,7,2.857142857142857,0.21085714285714285,0.2857142857142857,0.42857142857142855,0.0,0.5714285714285714
2020-08-06,11.33549976348877,244316000,80.5199966430664,85.74500274658203,274.6400146484375,0.4319217170404954,2.123596246924399,9.75505994796753,7.170321247577667,1,8,3.5,0.19425000000000003,0.375,0.25,0.25,0.625
2020-08-07,11.19950008392334,342516000,80.02999877929688,84.76000213623047,271.4700012207031,-1.1997678302943404,2.114794058756812,9.809309940338135,7.201867496967315,1,5,3.8,0.34018,0.2,0.2,0.2,0.6
2020-08-08,11.19950008392334,0,80.02999877929688,84.76000213623047,271.4700012207031,0.0,2.114794058756812,9.809309940338135,7.201867496967315,0,4,2.5,-0.16972500000000001,0.0,0.5,0.5,0.5
2020-08-09,11.19950008392334,0,80.02999877929688,84.76000213623047,271.4700012207031,0.0,2.114794058756812,9.809309940338135,7.201867496967315,0,5,3.0,0.13562,1.6,0.2,0.4,0.6
2020-08-10,11.164999961853027,427796000,79.87000274658203,84.81999969482422,270.3099975585937,-0.3080505541478318,1.976404104061683,9.85509994506836,7.233306245803833,1,12,3.5,0.46241666666666664,2.8333333333333335,0.16666666666666666,0.0,0.6666666666666666
2020-08-11,10.850000381469728,354512000,77.94000244140625,83.62000274658203,265.19000244140625,-2.821312865737091,2.0774196562664806,9.895974960327148,7.262948746681213,1,3,1.0,0.2083,0.0,1.0,0.0,0.3333333333333333
2020-08-12,11.440250396728516,464412000,79.38999938964844,86.25,271.8599853515625,5.440092115267148,2.2096246686103767,9.948274974823,7.294582498073578,1,5,4.0,0.58186,0.6,0.0,0.0,0.8
2020-08-13,11.442999839782717,374460000,78.30000305175781,85.43000030517578,272.4800109863281,0.024033067099527,2.2118817862757765,10.0017449760437,7.325948746204376,1,7,3.4285714285714284,0.35187142857142856,0.0,0.14285714285714285,0.2857142857142857,0.5714285714285714
2020-08-14,11.564000129699709,366436000,78.41000366210938,85.33999633789062,272.1600036621094,1.0574175619256998,2.2128566698750327,10.057694969177248,7.3584037470817565,1,7,3.7142857142857144,0.34064285714285714,0.14285714285714285,0.14285714285714285,0.14285714285714285,0.7142857142857143
2020-08-15,11.564000129699709,0,78.41000366210938,85.33999633789062,272.1600036621094,0.0,2.2128566698750327,10.057694969177248,7.3584037470817565,0,3,3.3333333333333335,0.488,0.0,0.3333333333333333,0.0,0.6666666666666666
2020-08-16,11.564000129699709,0,78.41000366210938,85.33999633789062,272.1600036621094,0.0,2.2128566698750327,10.057694969177248,7.3584037470817565,0,4,4.5,0.162175,0.0,0.0,0.25,0.75
2020-08-17,12.336999893188477,621300000,80.19000244140625,86.58499908447266,275.32000732421875,6.684536101858751,2.456102443424737,10.126034965515135,7.394713747501373,1,5,3.6,0.43536,0.0,0.2,0.2,0.6
2020-08-18,12.260749816894531,503448000,79.41000366210938,86.05000305175781,277.9700012207031,-0.618060119592323,2.4682397447152407,10.195149955749512,7.4308899974823,1,6,3.6666666666666665,0.5671,7.166666666666667,0.16666666666666666,0.16666666666666666,0.8333333333333334
2020-08-19,12.138500213623049,622624000,78.54000091552734,85.5250015258789,276.1000061035156,-0.997080970553954,2.432543269034239,10.256999969482422,7.466258747577667,1,7,3.857142857142857,0.13727142857142857,3.7142857142857144,0.2857142857142857,0.14285714285714285,0.5714285714285714
2020-08-20,12.140999794006348,921388000,76.80999755859375,84.83999633789062,279.92999267578125,0.020592168219391,2.396467668741593,10.312484970092774,7.500651247501374,1,4,4.75,0.765225,1.0,0.0,0.0,1.0
2020-08-21,12.683500289916992,999868000,78.33999633789062,85.45500183105469,281.8699951171875,4.468334610947444,2.49715680040937,10.390229969024658,7.537867498397827,1,3,2.6666666666666665,-0.022500000000000003,5.666666666666667,0.0,0.3333333333333333,0.6666666666666666
2020-08-22,12.683500289916992,0,78.33999633789062,85.45500183105469,281.8699951171875,0.0,2.49715680040937,10.390229969024658,7.537867498397827,0,2,4.5,0.68575,3.0,0.0,0.0,1.0
2020-08-23,12.683500289916992,0,78.33999633789062,85.45500183105469,281.8699951171875,0.0,2.49715680040937,10.390229969024658,7.537867498397827,0,9,4.777777777777778,0.5164333333333333,2.4444444444444446,0.0,0.0,1.0
2020-08-24,12.720250129699709,490564000,78.9000015258789,86.21499633789062,283.6300048828125,0.2897452512531595,2.3330578352834888,10.46598497390747,7.575514998435974,1,3,3.6666666666666665,0.47806666666666664,0.3333333333333333,0.3333333333333333,0.0,0.6666666666666666
2020-08-25,12.75,289076000,80.04000091552734,87.19000244140625,285.8599853515625,0.2338780291028408,2.289755305676838,10.53750997543335,7.613222498893737,1,4,4.0,0.36572499999999997,41.25,0.0,0.25,0.75
2020-08-26,12.77299976348877,321244000,81.75,87.67500305175781,291.9599914550781,0.1803903018727126,2.255958804622592,10.611599979400635,7.651114997863769,1,5,3.8,0.41303999999999996,1.8,0.0,0.2,0.6
2020-08-27,12.628250122070312,317604000,80.5999984741211,86.44499969482422,291.04998779296875,-1.1332470374909032,2.262185425828972,10.679444980621335,7.6882337474822995,1,4,3.75,0.30935,3.25,0.25,0.25,0.5
2020-08-28,13.147749900817873,537160000,80.44000244140625,87.81999969482422,292.5299987792969,4.113790697252906,2.343334451925865,10.758039970397949,7.727771246433258,1,6,3.0,0.08145000000000001,0.16666666666666666,0.5,0.3333333333333333,0.3333333333333333
2020-08-29,13.147749900817873,0,80.44000244140625,87.81999969482422,292.5299987792969,0.0,2.343334451925865,10.758039970397949,7.727771246433258,0,3,3.0,0.08473333333333334,1.0,0.3333333333333333,0.3333333333333333,0.6666666666666666
2020-08-30,13.147749900817873,0,80.44000244140625,87.81999969482422,292.5299987792969,0.0,2.343334451925865,10.758039970397949,7.727771246433258,0,2,4.0,0.31925,0.5,0.0,0.0,1.0
2020-08-31,13.374500274658203,500840000,79.25,87.68499755859375,294.8800048828125,1.724632545879401,2.3138346067966995,10.840304985046387,7.768572497367859,1,3,4.333333333333333,0.4938,0.0,0.0,0.0,1.0
2020-09-01,13.821000099182127,511316000,81.55000305175781,89.40499877929688,299.9200134277344,3.338441178022533,2.3051927245727346,10.926189994812011,7.811453747749328,1,6,4.5,0.38578333333333337,0.8333333333333334,0.0,0.0,0.6666666666666666
2020-09-02,14.346500396728516,874012000,82.16999816894531,91.7750015258789,302.760009765625,3.802187206246277,2.3613043458288048,11.02412000656128,7.857662498950958,1,3,3.0,0.6553,4.0,0.3333333333333333,0.0,1.0
2020-09-03,13.01550006866455,945128000,81.18000030517578,86.9000015258789,287.4100036621094,-9.277526164969665,2.944748356420061,11.099720001220703,7.896204998493195,1,6,3.3333333333333335,0.42291666666666666,0.16666666666666666,0.3333333333333333,0.16666666666666666,0.6666666666666666
2020-09-04,12.6225004196167,1463684000,78.91000366210938,85.70500183105469,283.5799865722656,-3.019474065341654,3.0296652008403746,11.162370014190676,7.933318750858307,1,3,3.3333333333333335,0.26263333333333333,4.0,0.3333333333333333,0.3333333333333333,0.6666666666666666
2020-09-05,12.6225004196167,0,78.91000366210938,85.70500183105469,283.5799865722656,0.0,3.0296652008403746,11.162370014190676,7.933318750858307,0,1,4.0,0.0,0.0,0.0,0.0,0.0
2020-09-06,12.6225004196167,0,78.91000366210938,85.70500183105469,283.5799865722656,0.0,3.0296652008403746,11.162370014190676,7.933318750858307,0,9,2.888888888888889,0.2570777777777778,2.2222222222222223,0.4444444444444444,0.2222222222222222,0.6666666666666666
2020-09-07,12.6225004196167,0,78.91000366210938,85.70500183105469,283.5799865722656,0.0,3.0296652008403746,11.162370014190676,7.933318750858307,0,3,2.0,-0.36719999999999997,0.0,0.6666666666666666,0.6666666666666666,0.0
2020-09-08,11.913000106811523,795728000,77.31999969482422,81.90499877929688,269.95001220703125,-5.620917323975982,3.230735080902065,11.21753002166748,7.966486251354217,1,3,3.6666666666666665,0.3143666666666667,0.0,0.3333333333333333,0.0,0.6666666666666666
2020-09-09,12.71500015258789,736200000,79.4000015258789,84.25,277.8800048828125,6.732141682075588,3.388140124320537,11.287830028533936,8.003788752555847,1,5,4.6,0.6656599999999999,31.2,0.0,0.0,0.8
2020-09-10,12.311750411987305,698684000,78.9000015258789,83.19000244140625,272.3399963378906,-3.1714489639114385,3.448036068282643,11.34411003112793,8.038986253738404,1,8,3.75,0.3365625,0.25,0.0,0.0,0.625
2020-09-11,12.16450023651123,636928000,78.81999969482422,83.02999877929688,270.45001220703125,-1.196013325064682,3.4596769758884256,11.39680004119873,8.072157504558563,1,6,4.666666666666667,0.31488333333333335,0.3333333333333333,0.0,0.0,0.5
2020-09-12,12.16450023651123,0,78.81999969482422,83.02999877929688,270.45001220703125,0.0,3.4596769758884256,11.39680004119873,8.072157504558563,0,10,3.0,0.33415,0.8,0.4,0.2,0.6
2020-09-13,12.16450023651123,0,78.81999969482422,83.02999877929688,270.45001220703125,0.0,3.4596769758884256,11.39680004119873,8.072157504558563,0,5,2.4,-0.15846000000000002,1.8,0.4,0.6,0.4
2020-09-14,12.872249603271484,1201744000,80.5,84.9000015258789,275.1600036621094,5.818154079490867,3.590531930728141,11.46200002670288,8.109393751621246,1,2,5.0,0.83385,0.0,0.0,0.0,1.0
2020-09-15,12.991000175476074,727556000,85.8499984741211,86.68499755859375,279.0599975585937,0.9225316154094054,3.5454621734326257,11.525035037994384,8.147068753242493,1,9,4.333333333333333,0.3199666666666667,0.3333333333333333,0.1111111111111111,0.2222222222222222,0.6666666666666666
2020-09-16,12.51449966430664,556384000,83.12999725341797,85.62000274658203,274.6099853515625,-3.667927832600249,3.6196728053210574,11.577890033721925,8.182548751831055,1,6,4.166666666666667,0.5210166666666667,1.3333333333333333,0.16666666666666666,0.0,0.6666666666666666
2020-09-17,12.463500022888184,792512000,81.91000366210938,85.42500305175781,270.32000732421875,-0.4075244139717049,3.622794679731921,11.622840042114255,8.21871000289917,1,2,5.0,0.57465,0.0,0.0,0.0,1.0
2020-09-18,12.189249992370604,698460000,80.2300033569336,84.13500213623047,266.8699951171875,-2.200425482520485,3.653611920426793,11.656445045471193,8.253698751926422,1,5,3.0,0.26934,0.0,0.4,0.2,0.4
2020-09-19,12.189249992370604,0,80.2300033569336,84.13500213623047,266.8699951171875,0.0,3.653611920426793,11.656445045471193,8.253698751926422,0,3,4.0,-0.09519999999999999,0.0,0.0,0.3333333333333333,0.3333333333333333
2020-09-20,12.189249992370604,0,80.2300033569336,84.13500213623047,266.8699951171875,0.0,3.653611920426793,11.656445045471193,8.253698751926422,0,6,3.3333333333333335,0.18191666666666664,0.16666666666666666,0.3333333333333333,0.3333333333333333,0.6666666666666666
2020-09-21,12.517250061035156,721044000,80.58999633789062,84.17500305175781,267.510009765625,2.690896231268125,3.667306669635232,11.697205047607422,8.290107502937317,1,3,4.333333333333333,0.6035,0.0,0.0,0.0,1.0
2020-09-22,12.637749671936035,646452000,80.4800033569336,84.86499786376953,272.4800109863281,0.9626684001143416,3.665745546648505,11.748915042877195,8.327203750610352,1,1,4.0,0.6124,0.0,0.0,0.0,1.0
2020-09-23,12.123749732971191,647012000,77.91999816894531,82.92500305175781,264.1600036621094,-4.067179302548263,3.7112004509544496,11.78385004043579,8.361301250457764,1,8,4.375,0.513825,0.125,0.125,0.0,0.875
2020-09-24,12.347999572753906,731240000,78.37999725341797,83.6500015258789,265.3900146484375,1.8496739434735727,3.600557859927154,11.826265029907226,8.39651999950409,1,6,4.333333333333333,0.4581166666666667,0.0,0.16666666666666666,0.0,0.8333333333333334
2020-09-25,12.873749732971191,588016000,78.87999725341797,84.62000274658203,271.5599975585937,4.257775983223744,3.6709258777398985,11.881045017242432,8.43414124727249,1,8,3.75,0.36135,0.75,0.125,0.125,0.625
2020-09-26,12.873749732971191,0,78.87999725341797,84.62000274658203,271.5599975585937,0.0,3.6709258777398985,11.881045017242432,8.43414124727249,0,2,4.5,0.67325,0.0,0.0,0.0,1.0
2020-09-27,12.873749732971191,0,78.87999725341797,84.62000274658203,271.5599975585937,0.0,3.6709258777398985,11.881045017242432,8.43414124727249,0,6,3.0,0.39339999999999997,0.16666666666666666,0.3333333333333333,0.16666666666666666,0.8333333333333334
2020-09-28,13.03499984741211,573808000,79.7699966430664,86.7699966430664,277.20001220703125,1.252549706073114,3.67219535490504,11.937715015411378,8.472148747444153,1,6,3.8333333333333335,0.47479999999999994,2.6666666666666665,0.16666666666666666,0.0,1.0
2020-09-29,13.225749969482422,621460000,80.51000213623047,87.2300033569336,275.95001220703125,1.4633688093842467,3.4863110131171964,11.992015018463135,8.510268747806549,1,5,3.6,0.43802,0.0,0.2,0.0,1.0
2020-09-30,13.530500411987305,689184000,81.06999969482422,87.0999984741211,277.8399963378906,2.304220503246124,3.5008160172236544,12.056055030822757,8.549922499656677,1,3,1.6666666666666667,-0.1429,0.3333333333333333,0.6666666666666666,0.3333333333333333,0.3333333333333333
2020-10-01,13.614500045776367,525004000,82.62000274658203,89.25,282.25,0.6208169042635214,3.4911772416593667,12.119570026397705,8.589851250648499,1,4,5.0,0.475925,0.25,0.0,0.0,0.75
2020-10-02,13.062250137329102,552496000,80.80000305175781,86.57499694824219,274.3099975585937,-4.056336307542852,3.58623547333596,12.178220024108889,8.626626250743866,1,2,5.0,0.906,2.0,0.0,0.0,1.0
2020-10-03,13.062250137329102,0,80.80000305175781,86.57499694824219,274.3099975585937,0.0,3.58623547333596,12.178220024108889,8.626626250743866,0,11,3.5454545454545454,0.2974090909090909,13.909090909090908,0.18181818181818182,0.2727272727272727,0.7272727272727273
2020-10-04,13.062250137329102,0,80.80000305175781,86.57499694824219,274.3099975585937,0.0,3.58623547333596,12.178220024108889,8.626626250743866,0,3,4.666666666666667,0.4946333333333333,0.0,0.0,0.0,1.0
2020-10-05,13.642499923706056,479820000,84.54000091552734,89.5250015258789,280.1600036621094,4.442188599028008,3.585192315706855,12.24718002319336,8.666150000095367,1,6,3.8333333333333335,0.5552833333333334,3.5,0.0,0.16666666666666666,0.8333333333333334
2020-10-06,13.736499786376951,784420000,83.12000274658203,88.73999786376953,275.1600036621094,0.6890222700867144,3.585870682394173,12.313480014801025,8.70539999961853,1,3,5.0,0.24503333333333333,0.3333333333333333,0.0,0.0,0.3333333333333333
2020-10-07,13.96399974822998,418084000,86.91999816894531,90.63999938964844,279.9200134277344,1.6561712619007185,3.594094132397796,12.38845001220703,8.745298748016358,1,2,3.0,0.30179999999999996,2.0,0.5,0.5,0.5
2020-10-08,13.838749885559082,378900000,87.80000305175781,91.75,281.4100036621094,-0.8969483309162474,3.6013956125617144,12.455915012359618,8.7846399974823,1,3,3.3333333333333335,-0.5413333333333333,0.0,0.3333333333333333,0.6666666666666666,0.0
2020-10-09,13.762749671936035,346892000,88.77999877929688,93.3249969482422,285.7099914550781,-0.5491840972019713,3.594780409428913,12.518889999389648,8.823626246452331,1,0,,,,,,
2020-10-10,13.762749671936035,0,88.77999877929688,93.3249969482422,285.7099914550781,0.0,3.594780409428913,12.518889999389648,8.823626246452331,0,6,2.8333333333333335,0.1381,4.833333333333333,0.3333333333333333,0.5,0.5
2020-10-11,13.762749671936035,0,88.77999877929688,93.3249969482422,285.7099914550781,0.0,3.594780409428913,12.518889999389648,8.823626246452331,0,6,4.333333333333333,0.29301666666666665,3.1666666666666665,0.16666666666666666,0.3333333333333333,0.6666666666666666
2020-10-12,14.22599983215332,434744000,90.91000366210938,94.97000122070312,294.5299987792969,3.365970981524935,3.5702930130511814,12.59111499786377,8.864857494831085,1,2,5.0,0.81655,0.0,0.0,0.0,1.0
2020-10-13,14.248250007629396,344604000,89.63999938964844,94.68499755859376,294.5199890136719,0.1564050030830488,3.56056735296384,12.655874996185302,8.90648999452591,1,4,4.0,0.451775,0.5,0.25,0.0,0.75
2020-10-14,14.095250129699709,276100000,88.5999984741211,94.18499755859376,292.0599975585937,-1.0738152253628508,3.5204861686850086,12.713225002288818,8.947926244735719,1,5,3.8,0.14772000000000002,1.6,0.0,0.4,0.4
2020-10-15,13.970000267028809,267224000,88.1500015258789,93.81999969482422,290.1000061035156,-0.8885962399985181,3.4551465876477128,12.76689001083374,8.988363745212554,1,0,,,,,,
2020-10-16,13.81149959564209,242392000,86.69999694824219,93.23500061035156,288.510009765625,-1.134578871560965,2.992524926825046,12.816410007476806,9.027432494163511,1,5,1.8,0.00908,0.0,0.8,0.4,0.2
2020-10-17,13.81149959564209,0,86.69999694824219,93.23500061035156,288.510009765625,0.0,2.992524926825046,12.816410007476806,9.027432494163511,0,2,4.0,0.5466,5.5,0.0,0.0,1.0
2020-10-18,13.81149959564209,0,86.69999694824219,93.23500061035156,288.510009765625,0.0,2.992524926825046,12.816410007476806,9.027432494163511,0,4,2.75,0.30870000000000003,0.5,0.5,0.25,0.5
2020-10-19,13.497750282287598,298068000,87.55999755859375,92.7750015258789,283.79998779296875,-2.271652771531696,2.967437304845588,12.862375011444092,9.06541249513626,1,3,4.0,0.16423333333333334,0.0,0.0,0.0,0.3333333333333333
2020-10-20,13.645500183105469,229212000,88.26000213623047,92.8499984741211,284.4100036621094,1.0946261245605935,2.753627597205558,12.91198501586914,9.104007496833802,1,5,3.8,-0.04196000000000001,0.6,0.2,0.4,0.4
2020-10-21,13.524749755859377,219596000,87.63999938964844,92.25499725341795,284.19000244140625,-0.8849102314006374,2.4974628673347663,12.965480003356934,9.141639995574952,1,7,3.7142857142857144,0.4283,0.42857142857142855,0.14285714285714285,0.0,0.7142857142857143
2020-10-22,13.361000061035156,290480000,88.20999908447266,92.22000122070312,284.17999267578125,-1.2107410324045165,2.429959858679556,13.003894996643066,9.178397495746612,1,2,1.0,-0.2624,1.5,1.0,0.5,0.0
2020-10-23,13.590250015258787,233484000,88.30999755859375,92.0,284.739990234375,1.7158143340796572,2.426237992151432,13.046840000152589,9.215971245765688,1,4,4.5,0.16775,11.5,0.0,0.25,0.5
2020-10-24,13.590250015258787,0,88.30999755859375,92.0,284.739990234375,0.0,2.426237992151432,13.046840000152589,9.215971245765688,0,5,4.0,0.41586,0.0,0.2,0.0,0.8
2020-10-25,13.590250015258787,0,88.30999755859375,92.0,284.739990234375,0.0,2.426237992151432,13.046840000152589,9.215971245765688,0,1,1.0,-0.5849,0.0,1.0,1.0,0.0
2020-10-26,13.141249656677246,336896000,86.7300033569336,90.02999877929688,280.4700012207031,-3.3038417842013,2.2914540523866,13.078384990692138,9.251137495040894,1,3,3.6666666666666665,-0.1826,0.0,0.3333333333333333,0.3333333333333333,0.3333333333333333
2020-10-27,13.396750450134276,250520000,86.70999908447266,89.72000122070312,282.6600036621094,1.9442655769591035,2.3116911013880705,13.099580001831054,9.286623747348786,1,6,4.0,0.5232,0.6666666666666666,0.16666666666666666,0.0,0.6666666666666666
2020-10-28,12.626999855041504,376520000,83.8499984741211,86.82499694824219,271.6400146484375,-5.745800804142453,2.4559840732721363,13.106905002593994,9.318848745822908,1,11,4.090909090909091,0.4501090909090909,0.45454545454545453,0.09090909090909091,0.18181818181818182,0.8181818181818182
2020-10-29,13.02400016784668,320080000,84.88999938964844,88.97000122070312,276.3900146484375,3.144058900473245,2.5175398528580777,13.124615001678468,9.35327249765396,1,8,2.625,0.18258749999999999,4.625,0.375,0.125,0.625
2020-10-30,12.534000396728516,416820000,83.87000274658203,87.4749984741211,269.3800048828125,-3.762283206413519,2.5836915826066846,13.13247501373291,9.384826250076294,1,4,3.0,0.19770000000000001,2.75,0.5,0.5,0.5
2020-10-31,12.534000396728516,0,83.87000274658203,87.4749984741211,269.3800048828125,0.0,2.5836915826066846,13.13247501373291,9.384826250076294,0,3,5.0,0.6107333333333334,0.0,0.0,0.0,1.0
2020-11-01,12.534000396728516,0,83.87000274658203,87.4749984741211,269.3800048828125,0.0,2.5836915826066846,13.13247501373291,9.384826250076294,0,5,4.2,0.50396,1.4,0.2,0.2,0.8
2020-11-02,12.580750465393066,299652000,85.70999908447266,88.15499877929688,269.9800109863281,0.3729860155162745,2.5385934673067987,13.130420017242432,9.416570003032684,1,5,2.8,0.03730000000000002,0.4,0.4,0.2,0.4
2020-11-03,13.01949977874756,272900000,87.69000244140625,89.98999786376953,274.6499938964844,3.4874653508262243,2.6107796011767936,13.136405010223388,9.45067500114441,1,4,2.25,0.41235000000000005,0.75,0.5,0.0,1.0
2020-11-04,13.794249534606934,410228000,89.44999694824219,93.29000091552734,286.9100036621094,5.950687576523039,2.694438770187645,13.157290000915529,9.488382499217987,1,2,3.0,0.0,5.5,0.5,0.0,0.0
2020-11-05,14.15999984741211,319028000,90.43000030517578,96.99500274658205,294.3900146484375,2.6514694539024,2.712549385663748,13.185030002593994,9.527574999332428,1,4,3.5,0.43932499999999997,3.75,0.25,0.25,0.75
2020-11-06,14.562000274658203,383348000,91.41000366210938,98.5,294.6099853515625,2.8389860987150017,2.656436073427132,13.223705005645751,9.569075000286102,1,11,1.9090909090909092,0.0843909090909091,5.636363636363637,0.6363636363636364,0.18181818181818182,0.2727272727272727
2020-11-07,14.562000274658203,0,91.41000366210938,98.5,294.6099853515625,0.0,2.656436073427132,13.223705005645751,9.569075000286102,0,7,3.7142857142857144,0.27075714285714286,0.2857142857142857,0.2857142857142857,0.2857142857142857,0.5714285714285714
2020-11-08,14.562000274658203,0,91.41000366210938,98.5,294.6099853515625,0.0,2.656436073427132,13.223705005645751,9.569075000286102,0,4,3.5,0.13147500000000004,3.25,0.25,0.25,0.5
2020-11-09,13.630749702453612,582976000,89.02999877929688,97.4250030517578,288.5899963378906,-6.395073167422039,2.92927709623937,13.233365001678466,9.607203748226166,1,8,5.0,0.33325,0.25,0.0,0.25,0.5
2020-11-10,12.770000457763672,644068000,87.66000366210938,94.41000366210938,283.4200134277344,-6.314760842061395,3.14875950939949,13.221275005340576,9.64005749940872,1,4,3.75,0.3924,0.0,0.25,0.25,0.75
2020-11-11,13.41800022125244,404744000,90.87999725341795,97.7300033569336,289.760009765625,5.07439107486336,3.259412559611038,13.213215007781985,9.676454999446868,1,5,3.4,0.31954000000000005,0.0,0.2,0.2,0.8
2020-11-12,13.45674991607666,365812000,89.81999969482422,96.6750030517578,288.3999938964844,0.2887888968942098,3.257879117554993,13.195419998168946,9.713012499809263,1,3,4.666666666666667,0.6139666666666667,33.333333333333336,0.0,0.0,1.0
2020-11-13,13.29699993133545,346312000,93.22000122070312,98.0999984741211,290.92999267578125,-1.1871364611625856,3.175373628787089,13.201049995422364,9.749943749904633,1,5,3.2,0.35131999999999997,11.8,0.4,0.2,0.6
2020-11-14,13.29699993133545,0,93.22000122070312,98.0999984741211,290.92999267578125,0.0,3.175373628787089,13.201049995422364,9.749943749904633,0,4,4.0,0.48075,0.0,0.25,0.0,1.0
2020-11-15,13.29699993133545,0,93.22000122070312,98.0999984741211,290.92999267578125,0.0,3.175373628787089,13.201049995422364,9.749943749904633,0,0,,,,,,
2020-11-16,13.515250205993652,413776000,99.2699966430664,100.86000061035156,293.20001220703125,1.6413497464482951,3.083403978956913,13.218904991149902,9.787478749752044,1,5,4.0,0.34046000000000004,0.0,0.2,0.2,0.8
2020-11-17,13.422249794006348,312028000,95.70999908447266,99.6999969482422,292.2699890136719,-0.6881146154886664,3.083276123608091,13.249089984893798,9.823698749542237,1,5,5.0,0.69008,1.2,0.0,0.0,1.0
2020-11-18,13.428750038146973,510924000,96.93000030517578,99.20500183105467,290.1099853515625,0.0484288717643055,3.066871942445468,13.26336498260498,9.859497499465942,1,5,2.8,0.029079999999999995,10.0,0.2,0.6,0.4
2020-11-19,13.440250396728516,565936000,96.61000061035156,100.5,292.3800048828125,0.0856398290896232,3.063139482241277,13.285934982299803,9.89491750240326,1,3,3.0,0.2715,1.3333333333333333,0.3333333333333333,0.0,0.6666666666666666
2020-11-20,13.087750434875488,341088000,95.33000183105467,99.98999786376952,290.3800048828125,-2.622718710202221,3.0979496261795862,13.30439998626709,9.928907504081726,1,6,4.333333333333333,0.35864999999999997,0.0,0.16666666666666666,0.0,0.6666666666666666
2020-11-21,13.087750434875488,0,95.33000183105467,99.98999786376952,290.3800048828125,0.0,3.0979496261795862,13.30439998626709,9.928907504081726,0,2,4.0,0.5568,0.0,0.0,0.0,1.0
2020-11-22,13.087750434875488,0,95.33000183105467,99.98999786376952,290.3800048828125,0.0,3.0979496261795862,13.30439998626709,9.928907504081726,0,8,2.5,0.30765,0.5,0.5,0.125,0.875
2020-11-23,13.140000343322754,361356000,98.12999725341795,101.52999877929688,290.3900146484375,0.3992275731972583,3.0294030083625683,13.309755001068115,9.961736254692076,1,7,3.7142857142857144,0.23582857142857144,2.5714285714285716,0.2857142857142857,0.2857142857142857,0.5714285714285714
2020-11-24,12.95775032043457,346500000,96.63999938964844,101.8499984741211,294.4700012207031,-1.3869864393176834,3.035894783489965,13.309090003967285,9.993038756847382,1,1,1.0,0.0,0.0,1.0,0.0,0.0
2020-11-25,13.234749794006348,259916000,97.48999786376952,101.84500122070312,296.2799987792969,2.1377126948876723,3.0631134110357485,13.32349500656128,10.025145006179809,1,6,3.3333333333333335,0.37378333333333336,0.5,0.16666666666666666,0.16666666666666666,0.6666666666666666
2020-11-26,13.234749794006348,0,97.48999786376952,101.84500122070312,296.2799987792969,0.0,3.0631134110357485,13.32349500656128,10.025145006179809,0,5,4.2,0.3959,0.0,0.2,0.0,0.6
2020-11-27,13.261249542236328,167276000,98.73999786376952,103.20999908447266,299.010009765625,0.2002285546945703,3.06068196252678,13.33944999694824,10.057603754997253,1,1,5.0,0.6597,0.0,0.0,0.0,1.0
2020-11-28,13.261249542236328,0,98.73999786376952,103.20999908447266,299.010009765625,0.0,3.06068196252678,13.33944999694824,10.057603754997253,0,4,3.25,0.03695000000000001,0.25,0.25,0.25,0.5
2020-11-29,13.261249542236328,0,98.73999786376952,103.20999908447266,299.010009765625,0.0,3.06068196252678,13.33944999694824,10.057603754997253,0,1,1.0,-0.5849,0.0,1.0,1.0,0.0
2020-11-30,13.40149974822998,286952000,97.0199966430664,104.30500030517578,299.6199951171875,1.057594199905254,3.061983767680786,13.36369499206543,10.088387503623965,1,3,2.3333333333333335,-0.35556666666666664,0.3333333333333333,0.6666666666666666,0.6666666666666666,0.0
2020-12-01,13.390000343322754,296948000,100.86000061035156,106.1999969482422,303.4599914550781,-0.0858068508992504,3.0332827048243103,13.381149997711182,10.11826625585556,1,4,2.75,0.33640000000000003,6.0,0.5,0.0,0.5
2020-12-02,13.544500350952148,283360000,99.54000091552734,106.625,303.8500061035156,1.1538461812395706,3.034026566556481,13.399285011291504,10.146651258468628,1,3,3.6666666666666665,0.23213333333333333,0.0,0.3333333333333333,0.3333333333333333,0.6666666666666666
2020-12-03,13.395999908447266,199520000,99.5,106.58499908447266,304.2799987792969,-1.0963892255681729,3.0364466403595585,13.424730014801025,10.175043756961822,1,6,3.6666666666666665,0.34888333333333327,0.0,0.16666666666666666,0.16666666666666666,0.6666666666666666
2020-12-04,13.558250427246094,202244000,103.7300033569336,109.69499969482422,305.5199890136719,1.2111863235868991,3.034981627438623,13.44893503189087,10.206076259613036,1,7,3.857142857142857,0.13947142857142855,0.2857142857142857,0.2857142857142857,0.2857142857142857,0.5714285714285714
2020-12-05,13.558250427246094,0,103.7300033569336,109.69499969482422,305.5199890136719,0.0,3.034981627438623,13.44893503189087,10.206076259613036,0,9,2.6666666666666665,0.1749666666666667,0.1111111111111111,0.3333333333333333,0.2222222222222222,0.5555555555555556
2020-12-06,13.558250427246094,0,103.7300033569336,109.69499969482422,305.5199890136719,0.0,3.034981627438623,13.44893503189087,10.206076259613036,0,3,2.0,0.5013333333333333,8.666666666666666,0.3333333333333333,0.0,1.0
2020-12-07,13.606749534606934,223244000,106.38999938964844,110.31999969482422,307.25,0.3577091868975923,3.0200458823504204,13.463595027923583,10.239950008392334,1,3,3.0,0.5070666666666667,3.3333333333333335,0.3333333333333333,0.0,0.6666666666666666
2020-12-08,13.350000381469728,271920000,105.63999938964844,110.46499633789062,308.2900085449219,-1.8869249594416384,2.976576314121482,13.469895038604736,10.27394376039505,1,6,3.0,0.3833166666666667,3.0,0.16666666666666666,0.16666666666666666,0.6666666666666666
2020-12-09,12.930749893188477,401300000,104.41999816894533,107.04499816894533,301.3099975585937,-3.1404530060027858,3.0122445267561524,13.463995037078858,10.305141260623932,1,4,3.5,0.5171250000000001,0.25,0.25,0.25,0.75
2020-12-10,12.972249984741213,207764000,104.2300033569336,107.125,302.5199890136719,0.3209411046964483,2.81554147260652,13.452830028533937,10.338427510261536,1,11,4.2727272727272725,0.28001818181818183,1.9090909090909092,0.09090909090909091,0.18181818181818182,0.5454545454545454
2020-12-11,13.013250350952148,209264000,104.02999877929688,106.25499725341795,301.8500061035156,0.3160621037920474,2.757848588366439,13.440805034637451,10.369735012054443,1,5,1.6,0.09132,0.4,0.8,0.4,0.2
2020-12-12,13.013250350952148,0,104.02999877929688,106.25499725341795,301.8500061035156,0.0,2.757848588366439,13.440805034637451,10.369735012054443,0,4,3.0,0.31529999999999997,12.75,0.25,0.25,0.5
2020-12-13,13.013250350952148,0,104.02999877929688,106.25499725341795,301.8500061035156,0.0,2.757848588366439,13.440805034637451,10.369735012054443,0,5,3.6,0.43079999999999996,0.6,0.2,0.2,0.8
2020-12-14,13.30875015258789,270156000,103.55999755859376,107.33999633789062,304.0400085449219,2.2707609065103496,2.690602908330344,13.445735034942627,10.401725013256073,1,4,5.0,0.544675,0.0,0.0,0.0,0.75
2020-12-15,13.36050033569336,193016000,105.08999633789062,109.0250015258789,307.2900085449219,0.3888432986729917,2.690632433063428,13.440095043182373,10.43529126405716,1,9,3.2222222222222223,0.38624444444444445,2.7777777777777777,0.3333333333333333,0.3333333333333333,0.6666666666666666
2020-12-16,13.24250030517578,223116000,105.1999969482422,108.9800033569336,308.9800109863281,-0.8832006852492968,2.6260533016306846,13.43021505355835,10.46594001531601,1,9,2.5555555555555554,0.15985555555555556,3.3333333333333335,0.4444444444444444,0.2222222222222222,0.4444444444444444
2020-12-17,13.3412504196167,231384000,103.9000015258789,108.95500183105467,311.0,0.7457059631127416,2.386527811404493,13.417760066986084,10.498485016822816,1,7,3.0,0.02575714285714286,0.7142857142857143,0.42857142857142855,0.2857142857142857,0.42857142857142855
2020-12-18,13.272000312805176,342064000,104.27999877929688,108.58000183105467,310.0599975585937,-0.5190675883701257,2.330797202248513,13.406425075531006,10.5315900182724,1,8,4.375,0.30701249999999997,0.125,0.0,0.125,0.75
2020-12-19,13.272000312805176,0,104.27999877929688,108.58000183105467,310.0599975585937,0.0,2.330797202248513,13.406425075531006,10.5315900182724,0,4,3.5,0.52515,47.25,0.25,0.0,0.75
2020-12-20,13.272000312805176,0,104.27999877929688,108.58000183105467,310.0599975585937,0.0,2.330797202248513,13.406425075531006,10.5315900182724,0,4,1.5,-0.310225,2.75,0.75,0.5,0.0
2020-12-21,13.332249641418455,302332000,104.83000183105467,107.28500366210938,308.9200134277344,0.4539581614924293,2.263663937409126,13.397815074920654,10.56757126569748,1,9,2.4444444444444446,0.049166666666666664,4.111111111111111,0.4444444444444444,0.3333333333333333,0.3333333333333333
2020-12-22,13.278249740600586,185580000,103.94000244140624,107.09500122070312,309.760009765625,-0.4050321758911068,1.9466016756474465,13.3788600730896,10.601327514648435,1,4,3.0,-0.11215,2.25,0.5,0.5,0.25
2020-12-23,13.009249687194824,179144000,103.76000213623048,106.29499816894533,308.20001220703125,-2.0258698146281007,1.5984204377986604,13.354080066680908,10.6355650138855,1,4,2.0,0.007174999999999987,5.25,0.75,0.25,0.5
2020-12-24,12.993749618530272,97884000,105.97000122070312,107.43499755859376,309.5599975585937,-0.1191465229528732,1.2896057615916767,13.33205005645752,10.673495011329653,1,7,2.857142857142857,0.23932857142857142,5.428571428571429,0.2857142857142857,0.42857142857142855,0.5714285714285714
2020-12-25,12.993749618530272,0,105.97000122070312,107.43499755859376,309.5599975585937,0.0,1.2896057615916767,13.33205005645752,10.673495011329653,0,4,4.0,0.252925,28.25,0.0,0.0,0.5
2020-12-26,12.993749618530272,0,105.97000122070312,107.43499755859376,309.5599975585937,0.0,1.2896057615916767,13.33205005645752,10.673495011329653,0,6,3.6666666666666665,0.40645,0.0,0.16666666666666666,0.0,0.8333333333333334
2020-12-27,12.993749618530272,0,105.97000122070312,107.43499755859376,309.5599975585937,0.0,1.2896057615916767,13.33205005645752,10.673495011329653,0,3,2.3333333333333335,0.3626333333333333,1.3333333333333333,0.3333333333333333,0.0,0.6666666666666666
2020-12-28,12.899999618530272,212564000,106.1500015258789,107.22000122070312,312.67999267578125,-0.7215007426825015,1.2923193296820823,13.310650043487549,10.707890009880066,1,5,3.4,0.32686000000000004,5.8,0.4,0.0,0.8
2020-12-29,12.943249702453612,170372000,105.55999755859376,106.9499969482422,312.9599914550781,0.3352719783124014,1.27930887506667,13.29328504562378,10.748056259155272,1,7,2.857142857142857,-0.02024285714285715,0.42857142857142855,0.2857142857142857,0.42857142857142855,0.42857142857142855
2020-12-30,13.145750045776367,225396000,108.9000015258789,108.9250030517578,312.9700012207031,1.56452473666151,1.2758125745155344,13.286245040893554,10.78662626028061,1,3,4.333333333333333,0.17529999999999998,0.0,0.0,0.3333333333333333,0.6666666666666666
2020-12-31,13.05500030517578,192424000,109.04000091552734,109.20999908447266,313.739990234375,-0.6903352055575018,1.275848869186182,13.27443504333496,10.826548762321472,1,5,3.6,0.6652,5.8,0.2,0.0,1.0
2021-01-01,13.05500030517578,0,109.04000091552734,109.20999908447266,313.739990234375,0.0,1.275848869186182,13.27443504333496,10.826548762321472,0,6,4.666666666666667,0.35376666666666673,1.5,0.0,0.0,0.5
2021-01-02,13.05500030517578,0,109.04000091552734,109.20999908447266,313.739990234375,0.0,1.275848869186182,13.27443504333496,10.826548762321472,0,6,3.6666666666666665,0.3344666666666667,0.0,0.3333333333333333,0.0,0.5
2021-01-03,13.05500030517578,0,109.04000091552734,109.20999908447266,313.739990234375,0.0,1.275848869186182,13.27443504333496,10.826548762321472,0,2,3.0,0.33375,0.0,0.5,0.5,0.5
2021-01-04,13.113499641418455,560640000,111.6999969482422,109.43000030517578,309.3099975585937,0.4480990798558792,1.2793668690315434,13.266210041046143,10.865495009422302,1,4,4.25,0.459175,0.5,0.0,0.0,0.75
2021-01-05,13.404749870300291,322760000,112.7699966430664,111.34500122070312,311.8599853515625,2.220995438638917,1.3460567546568674,13.267085037231446,10.906800007820127,1,6,4.0,0.28725,0.16666666666666666,0.16666666666666666,0.3333333333333333,0.5
2021-01-06,12.614500045776367,580424000,115.61000061035156,111.00499725341795,307.5400085449219,-5.895297056417381,1.6615625143738677,13.247570037841797,10.943286259174346,1,5,4.0,0.46302000000000004,0.2,0.0,0.0,0.8
2021-01-07,13.343999862670898,461480000,121.43000030517578,115.58499908447266,314.9800109863281,5.783025995856139,1.9788154621713232,13.25162504196167,10.978858759403227,1,3,4.666666666666667,0.3733666666666666,0.3333333333333333,0.0,0.0,0.6666666666666666
2021-01-08,13.27674961090088,292528000,118.69000244140624,115.16999816894533,319.0299987792969,-0.5039737144943213,1.9628940529263013,13.249225025177005,11.01454000711441,1,8,4.5,0.394675,0.375,0.0,0.0,0.75
2021-01-09,13.27674961090088,0,118.69000244140624,115.16999816894533,319.0299987792969,0.0,1.9628940529263013,13.249225025177005,11.01454000711441,0,7,4.428571428571429,0.2574714285714286,0.2857142857142857,0.14285714285714285,0.14285714285714285,0.5714285714285714
2021-01-10,13.27674961090088,0,118.69000244140624,115.16999816894533,319.0299987792969,0.0,1.9628940529263013,13.249225025177005,11.01454000711441,0,9,3.0,0.3746333333333334,15.11111111111111,0.2222222222222222,0.1111111111111111,0.8888888888888888
2021-01-11,13.621500015258787,518344000,122.5999984741211,116.8949966430664,314.4200134277344,2.596647631848481,1.981028941360408,13.269115028381348,11.050492506027222,1,8,3.25,0.30135,10.125,0.375,0.125,0.5
2021-01-12,13.484749794006348,291476000,123.0,117.44000244140624,313.9200134277344,-1.0039292375968456,1.991415999347667,13.27833002090454,11.0863250041008,1,3,2.3333333333333335,-0.3417666666666667,2.3333333333333335,0.6666666666666666,0.6666666666666666,0.0
2021-01-13,13.531749725341797,210028000,119.2300033569336,116.80500030517578,316.0400085449219,0.3485413674960469,1.9835433710772417,13.298285007476808,11.120785002708436,1,6,3.0,-0.2349,1.0,0.3333333333333333,0.6666666666666666,0.0
2021-01-14,13.200249671936035,283120000,126.4499969482422,119.70999908447266,314.3500061035156,-2.4497944473872435,2.035455630679304,13.310674991607666,11.153836250305176,1,5,4.4,0.48407999999999995,0.2,0.0,0.2,0.6
2021-01-15,12.85949993133545,277780000,125.2300033569336,117.37999725341795,311.8599853515625,-2.581388603012757,2.0745673617129343,13.307474994659424,11.187750000953674,1,7,3.7142857142857144,0.09532857142857143,0.14285714285714285,0.2857142857142857,0.2857142857142857,0.5714285714285714
2021-01-16,12.85949993133545,0,125.2300033569336,117.37999725341795,311.8599853515625,0.0,2.0745673617129343,13.307474994659424,11.187750000953674,0,5,4.2,-0.05129999999999998,0.4,0.2,0.4,0.4
2021-01-17,12.85949993133545,0,125.2300033569336,117.37999725341795,311.8599853515625,0.0,2.0745673617129343,13.307474994659424,11.187750000953674,0,4,3.5,0.30445,12.5,0.25,0.0,0.75
2021-01-18,12.85949993133545,0,125.2300033569336,117.37999725341795,311.8599853515625,0.0,2.0745673617129343,13.307474994659424,11.187750000953674,0,3,2.3333333333333335,0.0,0.0,0.6666666666666666,0.0,0.0
2021-01-19,13.025250434875488,226188000,131.3000030517578,121.41000366210938,316.4100036621094,1.28893428535386,2.082818289606413,13.292095012664795,11.22094250202179,1,3,3.3333333333333335,0.41550000000000004,0.0,0.3333333333333333,0.0,0.6666666666666666
2021-01-20,13.365750312805176,258572000,130.63999938964844,120.90499877929688,323.7699890136719,2.6141522547465934,2.1278971377144376,13.276210021972656,11.257282502651217,1,3,5.0,0.06756666666666666,0.3333333333333333,0.0,0.3333333333333333,0.6666666666666666
2021-01-21,13.86750030517578,337780000,134.16000366210938,122.7750015258789,326.3599853515625,3.753997947200172,2.2365708791923,13.262320022583008,11.293070003986358,1,2,3.5,-0.35860000000000003,1.5,0.0,1.0,0.0
2021-01-22,13.712499618530272,246820000,129.13999938964844,120.46499633789062,325.4200134277344,-1.1177262176634395,2.2174834048816447,13.26395502090454,11.329253752231596,1,4,1.0,0.025775000000000006,0.0,1.0,0.5,0.25
2021-01-23,13.712499618530272,0,129.13999938964844,120.46499633789062,325.4200134277344,0.0,2.2174834048816447,13.26395502090454,11.329253752231596,0,4,3.0,0.214225,0.25,0.5,0.25,0.5
2021-01-24,13.712499618530272,0,129.13999938964844,120.46499633789062,325.4200134277344,0.0,2.2174834048816447,13.26395502090454,11.329253752231596,0,0,,,,,,
2021-01-25,13.653249740600586,251112000,130.52000427246094,120.94000244140624,328.1099853515625,-0.4320866332030437,2.134016166594904,13.28162000656128,11.36415125131607,1,5,2.8,0.09292,0.2,0.4,0.4,0.6
2021-01-26,13.435250282287598,163980000,126.6500015258789,118.8499984741211,328.5899963378906,-1.596685495796102,2.158948139413309,13.281965007781984,11.39845875263214,1,2,5.0,0.7519499999999999,0.5,0.0,0.0,1.0
2021-01-27,12.917750358581545,371272000,121.73999786376952,113.04499816894533,319.42999267578125,-3.851807095758408,2.2780120857375428,13.27118501663208,11.42931625366211,1,5,4.0,0.42808,0.4,0.2,0.0,0.8
2021-01-28,13.050999641418455,228316000,125.83000183105467,115.41000366210938,321.32000732421875,1.0315208077108728,2.2464431293243687,13.26626501083374,11.459077501296996,1,5,2.6,0.27762,0.6,0.2,0.2,0.8
2021-01-29,12.989749908447266,271552000,121.5199966430664,113.30500030517578,314.5599975585937,-0.4693106631986299,2.246247863787385,13.255755004882811,11.488921251296995,1,3,4.333333333333333,0.7719999999999999,4.666666666666667,0.0,0.0,1.0
2021-01-30,12.989749908447266,0,121.5199966430664,113.30500030517578,314.5599975585937,0.0,2.246247863787385,13.255755004882811,11.488921251296995,0,3,2.3333333333333335,0.27736666666666665,0.0,0.6666666666666666,0.0,0.6666666666666666
2021-01-31,12.989749908447266,0,121.5199966430664,113.30500030517578,314.5599975585937,0.0,2.246247863787385,13.255755004882811,11.488921251296995,0,3,2.3333333333333335,0.25033333333333335,0.0,0.6666666666666666,0.0,0.3333333333333333
2021-02-01,13.237000465393066,217204000,126.66000366210938,117.74500274658205,322.4200134277344,1.903428154417464,2.268935366231021,13.252050018310548,11.51826875448227,1,5,1.8,-0.24514,0.2,0.8,0.8,0.2
2021-02-02,13.556750297546388,220440000,128.44000244140625,119.3550033569336,327.67999267578125,2.4155761948432053,2.307419565275013,13.254610023498536,11.549512505531313,1,6,3.1666666666666665,0.1346166666666667,0.0,0.3333333333333333,0.16666666666666666,0.5
2021-02-03,13.530500411987305,245408000,127.5,117.11000061035156,326.3800048828125,-0.1936296308698182,2.305273968618014,13.256415023803712,11.581283757686617,1,4,3.0,0.5059750000000001,10.0,0.5,0.0,0.75
2021-02-04,13.664250373840332,201340000,128.14999389648438,118.46499633789062,330.239990234375,0.9885071341081408,2.3102443328637863,13.267945022583008,11.615916259288788,1,5,5.0,0.59108,12.0,0.0,0.0,0.8
2021-02-05,13.590999603271484,169152000,127.77999877929688,117.6050033569336,331.3599853515625,-0.5360760273324883,2.311371137082027,13.276965007781982,11.648102507591249,1,4,3.25,0.3561,0.0,0.25,0.0,0.75
2021-02-06,13.590999603271484,0,127.77999877929688,117.6050033569336,331.3599853515625,0.0,2.311371137082027,13.276965007781982,11.648102507591249,0,1,4.0,0.8591,1.0,0.0,0.0,1.0
2021-02-07,13.590999603271484,0,127.77999877929688,117.6050033569336,331.3599853515625,0.0,2.311371137082027,13.276965007781982,11.648102507591249,0,2,1.0,-0.42189999999999994,0.0,1.0,1.0,0.0
2021-02-08,14.438750267028809,434624000,132.5500030517578,121.53500366210938,333.5799865722656,6.237588760971358,2.530827276412729,13.306585006713869,11.684795010089877,1,7,2.2857142857142856,-0.2088142857142857,0.2857142857142857,0.5714285714285714,0.5714285714285714,0.14285714285714285
2021-02-09,14.263250350952148,287560000,132.67999267578125,121.1750030517578,333.510009765625,-1.2154785755760122,2.5461365220508534,13.327155017852784,11.7199125123024,1,4,3.75,0.68345,1.25,0.25,0.0,1.0
2021-02-10,14.764249801635742,485352000,133.69000244140625,121.48500061035156,332.75,3.512519505416578,2.601867974274648,13.357215023040771,11.756598761081696,1,5,3.0,0.1701,0.6,0.4,0.2,0.6
2021-02-11,15.250749588012695,450828000,139.16000366210938,125.98500061035156,334.5799865722656,3.2951202595004503,2.6516933099751885,13.394200019836424,11.796432509422305,1,4,3.5,-0.247975,0.25,0.25,0.75,0.0
2021-02-12,14.96125030517578,374756000,138.05999755859375,127.27999877929688,336.45001220703125,-1.8982626471322093,2.682644109515332,13.425625019073486,11.833931260108947,1,4,2.0,0.0010499999999999954,6.25,0.75,0.5,0.5
2021-02-13,14.96125030517578,0,138.05999755859375,127.27999877929688,336.45001220703125,0.0,2.682644109515332,13.425625019073486,11.833931260108947,0,6,3.1666666666666665,0.04049999999999999,0.0,0.3333333333333333,0.5,0.3333333333333333
2021-02-14,14.96125030517578,0,138.05999755859375,127.27999877929688,336.45001220703125,0.0,2.682644109515332,13.425625019073486,11.833931260108947,0,7,3.4285714285714284,0.3067428571428571,4.142857142857143,0.2857142857142857,0.14285714285714285,0.5714285714285714
2021-02-15,14.96125030517578,0,138.05999755859375,127.27999877929688,336.45001220703125,0.0,2.682644109515332,13.425625019073486,11.833931260108947,0,1,2.0,-0.8519,0.0,0.0,1.0,0.0
2021-02-16,15.330249786376951,321960000,140.0500030517578,128.05999755859375,335.5400085449219,2.46636794167876,2.697560782583898,13.461340007781985,11.874047508239746,1,2,3.0,0.064,1.0,0.5,0.0,0.5
2021-02-17,14.906000137329102,274756000,136.27000427246094,125.58000183105467,333.92999267578125,-2.7674020642824537,2.765674494106776,13.49154001235962,11.91323000907898,1,3,3.3333333333333335,0.1953,0.0,0.3333333333333333,0.0,0.3333333333333333
2021-02-18,14.82900047302246,233868000,134.6300048828125,124.24500274658205,332.4700012207031,-0.5165682516922177,2.7508542455853973,13.516955013275146,11.950963761806488,1,8,2.5,0.3074875,0.125,0.375,0.0,0.5
2021-02-19,14.92650032043457,271724000,136.66000366210938,126.93000030517578,331.0199890136719,0.6574943981523473,2.483043506637321,13.5433500289917,11.988878762722017,1,4,2.0,-7.500000000000562e-05,8.25,0.75,0.25,0.25
2021-02-20,14.92650032043457,0,136.66000366210938,126.93000030517578,331.0199890136719,0.0,2.483043506637321,13.5433500289917,11.988878762722017,0,1,5.0,0.0,0.0,0.0,0.0,0.0
2021-02-21,14.92650032043457,0,136.66000366210938,126.93000030517578,331.0199890136719,0.0,2.483043506637321,13.5433500289917,11.988878762722017,0,9,3.111111111111111,0.3330666666666666,0.5555555555555556,0.3333333333333333,0.2222222222222222,0.7777777777777778
2021-02-22,14.35575008392334,325884000,133.57000732421875,122.29000091552734,322.44000244140625,-3.823737810328298,2.408854782976219,13.563465023040772,12.023433763980863,1,4,2.25,-0.14965,154.75,0.25,0.5,0.25
2021-02-23,14.142000198364258,391780000,129.10000610351562,121.11499786376952,321.4800109863281,-1.488949614680568,2.426440836054268,13.587690029144287,12.056035015583038,1,6,3.0,0.3769166666666666,0.0,0.5,0.16666666666666666,0.5
2021-02-24,14.49899959564209,448320000,132.3000030517578,125.01000213623048,324.1300048828125,2.524391120565284,2.424054477904245,13.618225021362305,12.08946751356125,1,6,3.6666666666666665,0.39608333333333334,0.16666666666666666,0.0,0.0,0.6666666666666666
2021-02-25,13.307499885559082,824436000,126.0,118.04000091552734,312.8299865722656,-8.21780635431656,2.8684206560867,13.624110012054444,12.115677511692049,1,5,3.4,0.22698000000000002,0.8,0.4,0.2,0.6
2021-02-26,13.714500427246094,500932000,125.94000244140624,120.4749984741211,314.1400146484375,3.058429796634288,2.9220707352474715,13.632225017547608,12.145237514972688,1,1,1.0,-0.959,1.0,1.0,1.0,0.0
2021-02-27,13.714500427246094,0,125.94000244140624,120.4749984741211,314.1400146484375,0.0,2.9220707352474715,13.632225017547608,12.145237514972688,0,4,4.0,0.30217499999999997,0.0,0.25,0.25,0.75
2021-02-28,13.714500427246094,0,125.94000244140624,120.4749984741211,314.1400146484375,0.0,2.9220707352474715,13.632225017547608,12.145237514972688,0,7,1.7142857142857142,-0.07625714285714284,0.8571428571428571,0.7142857142857143,0.42857142857142855,0.14285714285714285
2021-03-01,13.841750144958496,353184000,129.1300048828125,124.0999984741211,323.5899963378906,0.9278479984557108,2.885827722780644,13.64185001373291,12.175546264648435,1,6,3.8333333333333335,0.35391666666666666,4.0,0.16666666666666666,0.16666666666666666,0.8333333333333334
2021-03-02,13.40625,264116000,126.0,120.28500366210938,318.3999938964844,-3.146279483430181,2.906364632317693,13.645125007629394,12.2024250125885,1,5,2.8,-0.12182,0.6,0.4,0.6,0.2
2021-03-03,12.804750442504885,377592000,122.88999938964844,116.49500274658205,309.1600036621094,-4.486709985977566,3.019475772678674,13.63439500808716,12.223995013237,1,3,1.3333333333333333,0.0884666666666667,5.333333333333333,0.6666666666666666,0.3333333333333333,0.3333333333333333
2021-03-04,12.37024974822998,573344000,115.58999633789062,110.83999633789062,304.1000061035156,-3.393277332704536,3.038423683476866,13.616359996795657,12.242095012664794,1,4,4.5,0.39390000000000003,0.0,0.0,0.0,0.75
2021-03-05,12.46150016784668,542840000,120.8000030517578,114.3949966430664,308.67999267578125,0.7376602855553083,2.9512951742954727,13.598945007324218,12.26037501335144,1,2,3.0,0.76555,6.0,0.5,0.0,1.0
2021-03-06,12.46150016784668,0,120.8000030517578,114.3949966430664,308.67999267578125,0.0,2.9512951742954727,13.598945007324218,12.26037501335144,0,1,1.0,0.0,5.0,1.0,0.0,0.0
2021-03-07,12.46150016784668,0,120.8000030517578,114.3949966430664,308.67999267578125,0.0,2.9512951742954727,13.598945007324218,12.26037501335144,0,2,4.0,-0.25115,0.0,0.0,0.5,0.0
2021-03-08,11.593250274658203,543112000,113.93000030517578,108.11000061035156,299.94000244140625,-6.9674588251320335,3.189885210990409,13.56524501800537,12.273491263389587,1,2,3.0,0.76195,8.0,0.5,0.0,1.0
2021-03-09,12.52025032043457,521824000,116.37999725341795,114.51499938964844,311.7699890136719,7.996032379312168,3.5478674702748747,13.555465030670169,12.292216262817384,1,4,3.0,-0.11084999999999999,0.0,0.5,0.5,0.25
2021-03-10,12.468250274658203,384376000,113.83000183105467,112.19000244140624,310.8800048828125,-0.4153275249736521,3.538687660777676,13.544955043792724,12.309426264762878,1,3,3.3333333333333335,0.2508666666666667,0.3333333333333333,0.3333333333333333,0.0,0.3333333333333333
2021-03-11,12.993499755859377,299916000,120.58000183105467,116.90499877929688,318.0400085449219,4.212696004897687,3.557020268635896,13.546825046539306,12.330805015563964,1,3,3.6666666666666665,0.5680333333333333,3.0,0.3333333333333333,0.0,1.0
2021-03-12,12.855999946594238,243964000,118.3000030517578,115.44499969482422,315.4599914550781,-1.0582199703596529,3.558225125420915,13.54508005142212,12.35245876312256,1,4,3.75,0.291775,1.0,0.0,0.0,0.75
2021-03-13,12.855999946594238,0,118.3000030517578,115.44499969482422,315.4599914550781,0.0,3.558225125420915,13.54508005142212,12.35245876312256,0,5,4.2,0.16246,5.8,0.2,0.2,0.8
2021-03-14,12.855999946594238,0,118.3000030517578,115.44499969482422,315.4599914550781,0.0,3.558225125420915,13.54508005142212,12.35245876312256,0,2,2.5,-0.413,0.0,0.5,0.5,0.0
2021-03-15,13.19124984741211,221988000,119.08000183105467,117.93499755859376,318.8299865722656,2.6077310377298435,3.588116606655438,13.545990047454834,12.375980010032654,1,4,2.5,0.170375,2.25,0.5,0.0,0.25
2021-03-16,13.291250228881836,272128000,119.3499984741211,119.2249984741211,320.5799865722656,0.7580811721896508,3.5744862818211205,13.550715045928955,12.398058762550354,1,7,4.428571428571429,0.41414285714285715,0.0,0.14285714285714285,0.0,0.7142857142857143
2021-03-17,13.3412504196167,243864000,118.76000213623048,120.34500122070312,321.8999938964844,0.3761887698586319,3.547744452616839,13.55527006149292,12.420733766555786,1,5,3.4,0.20144,0.4,0.2,0.2,0.6
2021-03-18,12.72249984741211,293896000,114.5,115.5250015258789,312.0400085449219,-4.637875407051739,3.647818574429214,13.541625061035155,12.440220017433166,1,5,3.4,0.47112,7.8,0.2,0.4,0.6
2021-03-19,12.845749855041504,299208000,113.62999725341795,116.83999633789062,313.1400146484375,0.9687562122821624,3.647609573267745,13.546250057220458,12.460601267814637,1,4,2.0,-0.10279999999999999,2.25,0.75,0.5,0.25
2021-03-20,12.845749855041504,0,113.62999725341795,116.83999633789062,313.1400146484375,0.0,3.647609573267745,13.546250057220458,12.460601267814637,0,6,1.6666666666666667,0.2702166666666667,1.0,0.8333333333333334,0.3333333333333333,0.6666666666666666
2021-03-21,12.845749855041504,0,113.62999725341795,116.83999633789062,313.1400146484375,0.0,3.647609573267745,13.546250057220458,12.460601267814637,0,10,4.4,0.56612,2.6,0.1,0.0,0.8
2021-03-22,13.186249732971191,297804000,117.18000030517578,119.625,318.6099853515625,2.6506812118566536,3.6819505396181698,13.543095054626464,12.48270001411438,1,3,2.0,0.16116666666666668,1.6666666666666667,0.6666666666666666,0.3333333333333333,0.6666666666666666
2021-03-23,13.07075023651123,222048000,114.88999938964844,116.62999725341795,317.2200012207031,-0.8759086078217071,3.488024192734997,13.538975067138672,12.503453764915466,1,2,3.5,0.63335,0.5,0.0,0.0,1.0
2021-03-24,12.642999649047852,245840000,108.95999908447266,114.62999725341795,311.8699951171875,-3.272578694591844,3.52721163931016,13.519405059814453,12.522643761634829,1,8,3.125,0.029025000000000002,21.5,0.25,0.375,0.375
2021-03-25,12.535249710083008,295144000,110.4499969482422,115.0500030517578,311.3299865722656,-0.8522497979580268,3.452016540300768,13.500415058135989,12.540090012550356,1,8,3.375,0.3560375,0.125,0.25,0.125,0.75
2021-03-26,12.83924961090088,363968000,116.55999755859376,120.81999969482422,316.0,2.4251603107143582,3.4226870778076472,13.486565055847167,12.557452511787414,1,5,3.0,-0.22122000000000003,1.8,0.4,0.6,0.2
2021-03-27,12.83924961090088,0,116.55999755859376,120.81999969482422,316.0,0.0,3.4226870778076472,13.486565055847167,12.557452511787414,0,8,3.625,0.594325,0.0,0.125,0.0,0.875
2021-03-28,12.83924961090088,0,116.55999755859376,120.81999969482422,316.0,0.0,3.4226870778076472,13.486565055847167,12.557452511787414,0,4,5.0,0.22655,18.75,0.0,0.25,0.75
2021-03-29,12.948249816894531,273520000,114.38999938964844,118.88500213623048,315.9100036621094,0.8489608761956591,3.4211533526676727,13.481525058746335,12.578212509155271,1,4,2.75,0.4608,0.5,0.25,0.0,0.75
2021-03-30,12.871749877929688,200204000,115.06999969482422,118.375,314.32000732421875,-0.5908129673635742,3.377357463313316,13.481770057678222,12.597908759117129,1,8,3.875,0.42533750000000003,0.25,0.125,0.0,0.75
2021-03-31,13.34825038909912,314776000,118.27999877929688,121.7750015258789,319.1300048828125,3.7019093416852167,3.4353028027589287,13.488230056762696,12.618781261444092,1,2,5.0,0.81335,0.0,0.0,0.0,1.0
2021-04-01,13.811750411987305,308276000,124.8000030517578,126.47000122070312,324.57000732421875,3.4723653615810424,3.5035395368911124,13.497150058746335,12.642497515678404,1,2,3.0,0.53445,0.0,0.5,0.0,1.0
2021-04-02,13.811750411987305,0,124.8000030517578,126.47000122070312,324.57000732421875,0.0,3.5035395368911124,13.497150058746335,12.642497515678404,0,3,2.3333333333333335,0.0,0.3333333333333333,0.3333333333333333,0.0,0.0
2021-04-03,13.811750411987305,0,124.8000030517578,126.47000122070312,324.57000732421875,0.0,3.5035395368911124,13.497150058746335,12.642497515678404,0,6,1.6666666666666667,0.16895000000000002,2.1666666666666665,0.8333333333333334,0.3333333333333333,0.3333333333333333
2021-04-04,13.811750411987305,0,124.8000030517578,126.47000122070312,324.57000732421875,0.0,3.5035395368911124,13.497150058746335,12.642497515678404,0,2,1.0,0.06575,0.0,1.0,0.5,0.5
2021-04-05,13.987500190734863,255672000,124.5,128.5749969482422,331.04998779296875,1.272465643420717,3.5103814401438846,13.49955005645752,12.666255016326904,1,8,3.0,0.2297375,8.125,0.5,0.125,0.5
2021-04-06,13.861499786376951,191744000,122.44000244140624,126.81500244140624,330.82000732421875,-0.9008071681126496,3.4450350955315967,13.502530059814454,12.689472513198853,1,3,5.0,0.6176,0.0,0.0,0.0,1.0
2021-04-07,14.143500328063965,251284000,119.88999938964844,126.5250015258789,331.6199951171875,2.0344157993939627,3.4546439053288984,13.51233507156372,12.71388376712799,1,2,2.5,0.00814999999999999,0.0,0.5,0.5,0.5
2021-04-08,14.31700038909912,244416000,123.43000030517578,128.33999633789062,335.0799865722656,1.2267123202231112,3.430746570835953,13.529970073699952,12.737835021018984,1,4,3.0,0.5714,7.0,0.25,0.0,1.0
2021-04-09,14.399999618530272,195172000,122.8000030517578,128.0399932861328,337.1099853515625,0.579724992494568,3.058533814021609,13.559615058898926,12.762585020065307,1,4,4.5,0.33472500000000005,0.0,0.0,0.25,0.75
2021-04-10,14.399999618530272,0,122.8000030517578,128.0399932861328,337.1099853515625,0.0,3.058533814021609,13.559615058898926,12.762585020065307,0,7,3.7142857142857144,0.12534285714285714,0.14285714285714285,0.2857142857142857,0.14285714285714285,0.5714285714285714
2021-04-11,14.399999618530272,0,122.8000030517578,128.0399932861328,337.1099853515625,0.0,3.058533814021609,13.559615058898926,12.762585020065307,0,4,1.75,0.040425,0.75,0.75,0.25,0.25
2021-04-12,15.208999633789062,869324000,120.9000015258789,126.55500030517578,336.6700134277344,5.618055810347022,3.171503275103567,13.60277505874634,12.792452516555786,1,4,4.0,0.12399999999999999,0.0,0.25,0.25,0.25
2021-04-13,15.679499626159668,676212000,121.2699966430664,126.30500030517578,340.6000061035156,3.093563046219816,3.208507860599687,13.656570053100586,12.823400015830993,1,3,3.0,0.2741,7.666666666666667,0.3333333333333333,0.0,0.6666666666666666
2021-04-14,15.277000427246094,385500000,120.83999633789062,125.09500122070312,336.510009765625,-2.567041095125544,3.1876951366109907,13.697370052337646,12.854010019302368,1,2,3.0,0.07150000000000001,0.0,0.5,0.5,0.5
2021-04-15,16.137250900268555,598480000,118.3499984741211,126.6999969482422,341.6099853515625,5.631016881352102,3.1787181391539607,13.74898006439209,12.888696274757386,1,9,3.0,0.19053333333333333,4.444444444444445,0.2222222222222222,0.1111111111111111,0.5555555555555556
2021-04-16,15.912500381469728,335208000,118.83999633789062,126.20500183105467,342.010009765625,-1.3927435359828766,3.1074082369689973,13.796620063781738,12.920770025253296,1,4,5.0,0.39932500000000004,0.0,0.0,0.0,0.75
2021-04-17,15.912500381469728,0,118.83999633789062,126.20500183105467,342.010009765625,0.0,3.1074082369689973,13.796620063781738,12.920770025253296,0,7,2.2857142857142856,-0.16784285714285715,0.0,0.5714285714285714,0.42857142857142855,0.14285714285714285
2021-04-18,15.912500381469728,0,118.83999633789062,126.20500183105467,342.010009765625,0.0,3.1074082369689973,13.796620063781738,12.920770025253296,0,4,3.5,0.23405,0.25,0.25,0.25,0.5
2021-04-19,15.361749649047852,404420000,115.4000015258789,123.08000183105467,338.8800048828125,-3.4611199950903337,3.2074250951732544,13.830570049285887,12.94992877483368,1,8,4.375,0.17895,0.125,0.0,0.25,0.375
2021-04-20,15.171250343322754,334132000,114.9499969482422,121.3550033569336,336.4100036621094,-1.2400885971794562,2.8866773821152343,13.862175064086914,12.977723774909974,1,3,4.666666666666667,0.48469999999999996,8.333333333333334,0.0,0.0,0.6666666666666666
2021-04-21,15.36050033569336,216776000,117.4000015258789,124.55500030517578,339.2900085449219,1.2474251501221725,2.562645862769521,13.880610065460203,13.005330028533937,1,6,3.3333333333333335,0.4422333333333333,19.0,0.3333333333333333,0.0,0.6666666666666666
2021-04-22,14.850250244140623,277788000,115.31999969482422,121.8000030517578,335.20001220703125,-3.321832495046151,2.6599611257916504,13.892350063323974,13.03022253036499,1,5,2.8,0.2468,1.0,0.2,0.2,0.4
2021-04-23,15.265250205993652,227500000,118.63999938964844,124.5999984741211,339.4200134277344,2.794565445230601,2.605937167626272,13.902370071411132,13.0554687833786,1,6,3.6666666666666665,0.5954833333333333,0.16666666666666666,0.16666666666666666,0.0,0.8333333333333334
2021-04-24,15.265250205993652,0,118.63999938964844,124.5999984741211,339.4200134277344,0.0,2.605937167626272,13.902370071411132,13.0554687833786,0,6,3.5,0.36785,5.666666666666667,0.3333333333333333,0.3333333333333333,0.6666666666666666
2021-04-25,15.265250205993652,0,118.63999938964844,124.5999984741211,339.4200134277344,0.0,2.605937167626272,13.902370071411132,13.0554687833786,0,1,1.0,-0.1563,2.0,1.0,1.0,0.0
2021-04-26,15.477999687194824,197796000,121.5199966430664,126.7300033569336,341.6300048828125,1.3936848615664357,2.591480355502755,13.906915073394776,13.080313782691956,1,6,2.5,0.27466666666666667,0.0,0.5,0.16666666666666666,0.5
2021-04-27,15.381750106811523,164572000,121.2699966430664,125.98999786376952,340.1499938964844,-0.6218476697795072,2.574500888115812,13.91532506942749,13.104826283454894,1,5,2.6,0.20137999999999998,3.2,0.6,0.2,0.6
2021-04-28,15.27674961090088,209416000,119.66000366210938,123.9749984741211,339.0,-0.6826303585841464,2.583815156190888,13.914255065917969,13.130948781967165,1,4,2.0,0.0539,0.0,0.5,0.25,0.25
2021-04-29,15.324749946594238,173196000,119.0999984741211,125.12000274658205,340.2200012207031,0.3142051608878038,2.583940095851834,13.922630062103272,13.155687532424928,1,2,3.0,-0.08910000000000001,4.5,0.5,0.5,0.5
2021-04-30,15.009499549865724,201912000,116.73999786376952,121.5,337.989990234375,-2.057132402337025,2.446458053194648,13.926240043640137,13.179598779678344,1,5,3.0,0.45024,4.8,0.4,0.0,0.8
2021-05-01,15.009499549865724,0,116.73999786376952,121.5,337.989990234375,0.0,2.446458053194648,13.926240043640137,13.179598779678344,0,2,1.0,-0.39545,1.0,1.0,0.5,0.0
2021-05-02,15.009499549865724,0,116.73999786376952,121.5,337.989990234375,0.0,2.446458053194648,13.926240043640137,13.179598779678344,0,1,1.0,0.4019,0.0,1.0,0.0,1.0
2021-05-03,14.836750030517578,203912000,115.94000244140624,120.08999633789062,336.19000244140625,-1.150934571630602,2.46541594414812,13.924445037841798,13.203108777999878,1,5,2.6,0.23156,0.0,0.6,0.2,0.4
2021-05-04,14.35124969482422,405324000,115.36000061035156,118.5999984741211,330.1400146484375,-3.272282236303359,2.5245726348092337,13.924355030059814,13.223857526779176,1,6,4.333333333333333,0.6577833333333333,0.0,0.0,0.0,1.0
2021-05-05,14.458499908447266,292024000,115.37999725341795,119.125,329.0299987792969,0.747323166300462,2.515588568019644,13.930685024261477,13.24359627723694,1,4,4.0,0.441375,2.75,0.25,0.0,1.0
2021-05-06,14.52299976348877,193380000,117.0,120.1050033569336,331.510009765625,0.4461033679145298,2.4198483347784863,13.931165027618407,13.264568777084351,1,2,4.5,0.76655,0.0,0.0,0.0,1.0
2021-05-07,14.812250137329102,229328000,116.83000183105467,121.8000030517578,334.20001220703125,1.9916709946351083,2.421108659358414,13.961260032653808,13.286436276435852,1,0,,,,,,
2021-05-08,14.812250137329102,0,116.83000183105467,121.8000030517578,334.20001220703125,0.0,2.421108659358414,13.961260032653808,13.286436276435852,0,2,1.5,-0.6651,0.0,0.5,1.0,0.0
2021-05-09,14.812250137329102,0,116.83000183105467,121.8000030517578,334.20001220703125,0.0,2.421108659358414,13.961260032653808,13.286436276435852,0,3,2.3333333333333335,-0.25816666666666666,4.0,0.6666666666666666,0.6666666666666666,0.3333333333333333
2021-05-10,14.26574993133545,268904000,112.30999755859376,116.4000015258789,325.760009765625,-3.689515103558705,2.516445768781282,13.972285022735596,13.30711627483368,1,4,3.75,0.2904,0.5,0.25,0.0,0.75
2021-05-11,14.306249618530272,285584000,112.8499984741211,116.625,325.3099975585937,0.283894554368036,2.514945748832854,13.981575012207031,13.327675023078918,1,2,3.0,-0.07145000000000001,70.5,0.5,0.5,0.5
2021-05-12,13.758500099182127,303408000,108.20999908447266,111.81500244140624,316.8900146484375,-3.8287429197283673,2.624403474549966,13.988620014190674,13.34436002254486,1,7,3.7142857142857144,0.24689999999999998,0.2857142857142857,0.14285714285714285,0.2857142857142857,0.7142857142857143
2021-05-13,13.665249824523926,285404000,108.75,113.08499908447266,319.3399963378906,-0.6777648289128968,2.5467383566542545,14.005830001831054,13.361608772277831,1,3,4.0,0.361,0.0,0.0,0.0,0.6666666666666666
2021-05-14,14.243000030517578,258616000,112.45999908447266,116.66999816894533,326.3900146484375,4.227878841679211,2.58459415195643,14.043285007476806,13.380496273040771,1,4,4.0,0.433,0.25,0.0,0.0,0.75
2021-05-15,14.243000030517578,0,112.45999908447266,116.66999816894533,326.3900146484375,0.0,2.58459415195643,14.043285007476806,13.380496273040771,0,2,5.0,0.7045,0.0,0.0,0.0,1.0
2021-05-16,14.243000030517578,0,112.45999908447266,116.66999816894533,326.3900146484375,0.0,2.58459415195643,14.043285007476806,13.380496273040771,0,2,1.0,-0.4685,3.5,1.0,0.5,0.0
2021-05-17,14.165499687194824,216980000,109.8000030517578,115.37000274658205,324.4100036621094,-0.5441293488499532,2.578288945585836,14.07736499786377,13.398253769874572,1,5,3.4,0.40868000000000004,0.4,0.4,0.2,0.8
2021-05-18,14.01574993133545,186256000,110.83999633789062,114.73500061035156,322.2200012207031,-1.0571441824586247,2.5804843379063223,14.125814990997316,13.415258769989014,1,1,5.0,0.7579,2.0,0.0,0.0,1.0
2021-05-19,14.065750122070312,344000000,112.4000015258789,116.79000091552734,322.5899963378906,0.3567428855381971,2.554466498132831,14.15672498703003,13.430536270141602,1,3,1.6666666666666667,-0.11170000000000002,116.0,0.6666666666666666,0.3333333333333333,0.3333333333333333
2021-05-20,14.612500190734863,321592000,113.27999877929688,119.69000244140624,328.8299865722656,3.8871021020532304,2.6427111412005297,14.199609985351564,13.447460021972656,1,9,2.6666666666666665,0.11676666666666666,0.5555555555555556,0.4444444444444444,0.3333333333333333,0.5555555555555556
2021-05-21,14.99174976348877,672992000,111.8499984741211,119.08499908447266,327.010009765625,2.5953777095200525,2.680637065696008,14.23957498550415,13.465985021591187,1,5,3.6,0.35813999999999996,0.0,0.2,0.2,0.6
2021-05-22,14.99174976348877,0,111.8499984741211,119.08499908447266,327.010009765625,0.0,2.680637065696008,14.23957498550415,13.465985021591187,0,5,4.6,0.2162,0.2,0.0,0.2,0.4
2021-05-23,14.99174976348877,0,111.8499984741211,119.08499908447266,327.010009765625,0.0,2.680637065696008,14.23957498550415,13.465985021591187,0,3,2.0,0.6738333333333334,1.0,0.3333333333333333,0.0,1.0
2021-05-24,15.612000465393066,554816000,113.62999725341795,121.6999969482422,332.510009765625,4.1372802487329885,2.5889017807629555,14.294694995880128,13.487367525100709,1,3,1.0,0.0605,0.6666666666666666,1.0,0.3333333333333333,0.6666666666666666
2021-05-25,15.647749900817873,435408000,114.27999877929688,122.5,332.9700012207031,0.2289868969966413,2.527524115094315,14.343824996948245,13.50960877418518,1,5,3.2,0.36097999999999997,1.4,0.2,0.2,0.6
2021-05-26,15.699999809265137,370440000,116.0,122.625,334.1300048828125,0.3339132385068,2.4800259165650385,14.391999988555908,13.53228377342224,1,5,4.0,0.40008,1.0,0.2,0.0,0.6
2021-05-27,15.48799991607666,581476000,115.7699966430664,123.21499633789062,332.8800048828125,-1.3503178074140365,2.2632002542140257,14.434934978485108,13.555473771095276,1,1,1.0,0.8166,0.0,1.0,0.0,1.0
2021-05-28,16.24449920654297,644536000,117.36000061035156,124.59500122070312,333.92999267578125,4.884422098175878,2.4250954905329536,14.505374965667723,13.579495015144348,1,2,2.5,0.5642,5.5,0.0,0.0,1.0
2021-05-29,16.24449920654297,0,117.36000061035156,124.59500122070312,333.92999267578125,0.0,2.4250954905329536,14.505374965667723,13.579495015144348,0,5,1.8,-0.23379999999999995,0.4,0.8,0.6,0.2
2021-05-30,16.24449920654297,0,117.36000061035156,124.59500122070312,333.92999267578125,0.0,2.4250954905329536,14.505374965667723,13.579495015144348,0,1,5.0,0.8225,0.0,0.0,0.0,1.0
2021-05-31,16.24449920654297,0,117.36000061035156,124.59500122070312,333.92999267578125,0.0,2.4250954905329536,14.505374965667723,13.579495015144348,0,6,2.0,-0.10143333333333333,0.16666666666666666,0.6666666666666666,0.3333333333333333,0.16666666666666666
2021-06-01,16.26449966430664,472804000,118.51000213623048,124.41000366210938,332.82000732421875,0.12312141796047,2.33018111596321,14.573749961853029,13.603602514266967,1,4,3.75,0.29025,0.5,0.25,0.25,0.75
2021-06-02,16.778249740600586,594168000,118.9499969482422,125.13999938964844,333.4700012207031,3.158720445741104,2.3733530209686737,14.645589962005616,13.629673762321472,1,3,2.3333333333333335,0.16240000000000002,1.3333333333333333,0.6666666666666666,0.3333333333333333,0.6666666666666666
2021-06-03,16.969749450683594,580008000,116.81999969482422,123.0,330.0,1.1413568938577034,2.372069127961227,14.723569946289064,13.652837510108949,1,0,,,,,,
2021-06-04,17.578250885009766,617120000,119.51000213623048,125.73999786376952,335.6000061035156,3.5858009341537933,2.3373849460779046,14.8222749710083,13.679425015449524,1,3,4.333333333333333,0.4745,0.0,0.0,0.0,1.0
2021-06-05,17.578250885009766,0,119.51000213623048,125.73999786376952,335.6000061035156,0.0,2.3373849460779046,14.8222749710083,13.679425015449524,0,4,3.0,0.36007500000000003,7.75,0.25,0.0,0.5
2021-06-06,17.578250885009766,0,119.51000213623048,125.73999786376952,335.6000061035156,0.0,2.3373849460779046,14.8222749710083,13.679425015449524,0,5,3.4,0.30735999999999997,10.6,0.0,0.2,0.6
2021-06-07,17.618999481201172,575756000,118.22000122070312,125.0999984741211,336.6000061035156,0.2318125759950051,2.3005763868706386,14.923949966430664,13.706827511787417,1,0,,,,,,
2021-06-08,17.457000732421875,323848000,115.91999816894533,124.06999969482422,336.760009765625,-0.9194548700233728,2.3084988803129303,15.016304988861084,13.733407516479492,1,4,4.5,0.1099,0.25,0.0,0.25,0.25
2021-06-09,17.35824966430664,381656000,117.12999725341795,123.68499755859376,336.8399963378906,-0.5656817550097837,2.3076411607232963,15.104504985809326,13.75678126335144,1,2,1.0,-0.09855,0.5,1.0,0.5,0.0
2021-06-10,17.424999237060547,287772000,118.23999786376952,125.3000030517578,340.3500061035156,0.3845409188413917,2.2981147188030024,15.195569972991944,13.780305008888243,1,4,4.0,0.21647500000000003,1.5,0.25,0.25,0.75
2021-06-11,17.82525062561035,416308000,118.25,125.73999786376952,341.239990234375,2.296995156811988,2.322019048154905,15.285109977722168,13.805681262016297,1,1,2.0,-0.1027,0.0,0.0,1.0,0.0
2021-06-12,17.82525062561035,0,118.25,125.73999786376952,341.239990234375,0.0,2.322019048154905,15.285109977722168,13.805681262016297,0,2,5.0,0.31845,0.0,0.0,0.0,0.5
2021-06-13,17.82525062561035,0,118.25,125.73999786376952,341.239990234375,0.0,2.322019048154905,15.285109977722168,13.805681262016297,0,1,5.0,0.0,0.0,0.0,0.0,0.0
2021-06-14,18.018749237060547,321376000,120.98999786376952,127.44000244140624,344.510009765625,1.0855309443570382,2.2715730317855187,15.369249954223632,13.831910009384154,1,5,4.2,-0.27696,0.0,0.0,0.4,0.0
2021-06-15,17.78849983215332,243032000,119.4499969482422,126.33999633789062,342.260009765625,-1.2778323394037503,2.2751301355586406,15.445269947052005,13.85771125793457,1,5,3.6,0.13418000000000002,0.4,0.2,0.2,0.8
2021-06-16,17.81024932861328,307124000,118.0199966430664,125.2750015258789,341.010009765625,0.1222671763509097,2.1555528906370416,15.524244937896729,13.881023755073548,1,2,2.5,0.1616,0.0,0.5,0.5,0.5
2021-06-17,18.6572494506836,809656000,119.12000274658205,126.69000244140624,345.3399963378906,4.755689302504895,2.2765559229277925,15.61451992034912,13.907437500953677,1,4,3.75,0.32875,0.25,0.25,0.0,0.75
2021-06-18,18.638750076293945,968856000,115.79000091552734,123.46499633789062,342.6300048828125,-0.0991538138488623,2.282294651974137,15.700954914093018,13.931526250839234,1,5,4.2,0.3224,0.2,0.2,0.0,0.6
2021-06-19,18.638750076293945,0,115.79000091552734,123.46499633789062,342.6300048828125,0.0,2.282294651974137,15.700954914093018,13.931526250839234,0,0,,,,,,
2021-06-20,18.638750076293945,0,115.79000091552734,123.46499633789062,342.6300048828125,0.0,2.282294651974137,15.700954914093018,13.931526250839234,0,1,5.0,0.0,0.0,0.0,0.0,0.0
2021-06-21,18.427249908447266,672384000,114.13999938964844,123.79000091552734,344.3599853515625,-1.1347336435165831,2.3001526866077704,15.781499919891358,13.951929998397826,1,1,2.0,0.6988,0.0,0.0,0.0,1.0
2021-06-22,18.886749267578125,580144000,114.33000183105467,124.5999984741211,347.57000732421875,2.4935861911777657,2.1608895344483745,15.85505491256714,13.981286244392397,1,3,3.6666666666666665,0.3401,4.0,0.3333333333333333,0.3333333333333333,0.6666666666666666
2021-06-23,19.057249069213867,332356000,116.0500030517578,125.2300033569336,347.739990234375,0.902748266629616,2.157143536822066,15.922609901428222,14.01345998764038,1,2,2.5,0.4815,1.5,0.5,0.0,0.5
2021-06-24,19.20549964904785,320924000,117.23999786376952,127.2750015258789,349.8900146484375,0.7779222452073409,1.957567017878609,16.001179885864257,14.049922485351562,1,3,2.3333333333333335,0.3858,23.333333333333332,0.6666666666666666,0.0,1.0
2021-06-25,19.0310001373291,278364000,116.52999877929688,126.7750015258789,349.4599914550781,-0.9085913665745292,1.965380643614948,16.05905487060547,14.08150248527527,1,3,5.0,0.5029666666666667,0.3333333333333333,0.0,0.0,0.6666666666666666
2021-06-26,19.0310001373291,0,116.52999877929688,126.7750015258789,349.4599914550781,0.0,1.965380643614948,16.05905487060547,14.08150248527527,0,0,,,,,,
2021-06-27,19.0310001373291,0,116.52999877929688,126.7750015258789,349.4599914550781,0.0,1.965380643614948,16.05905487060547,14.08150248527527,0,2,3.0,-0.21075,0.0,0.5,0.5,0.0
2021-06-28,19.98500061035156,495436000,119.61000061035156,129.85000610351562,353.7099914550781,5.012876181694725,2.012723427520939,16.140504875183105,14.11986873626709,1,6,3.0,0.1407,2.6666666666666665,0.16666666666666666,0.16666666666666666,0.3333333333333333
2021-06-29,20.026750564575195,367632000,120.2300033569336,130.97999572753906,354.989990234375,0.2089064445762734,1.9954281969645724,16.23380489349365,14.15917998790741,1,7,3.7142857142857144,-0.05372857142857144,2.5714285714285716,0.2857142857142857,0.42857142857142855,0.42857142857142855
2021-06-30,20.002500534057617,326568000,120.16000366210938,131.1199951171875,354.42999267578125,-0.1210881937106278,1.966350870124908,16.33042989730835,14.19483124256134,1,5,5.0,0.33826,0.0,0.0,0.0,0.6
2021-07-01,20.21199989318848,480136000,118.41999816894533,129.18499755859375,354.57000732421875,1.04736584695575,1.9600379302066728,16.42745988845825,14.230936241149902,1,3,4.0,0.2881,0.0,0.0,0.0,0.6666666666666666
2021-07-02,20.48699951171875,342764000,118.91000366210938,129.89999389648438,358.6400146484375,1.3605759943772222,1.8953201485237992,16.540194873809813,14.270798740386963,1,0,,,,,,
2021-07-03,20.48699951171875,0,118.91000366210938,129.89999389648438,358.6400146484375,0.0,1.8953201485237992,16.540194873809813,14.270798740386963,0,2,1.5,0.59745,2.0,0.5,0.0,1.0
2021-07-04,20.48699951171875,0,118.91000366210938,129.89999389648438,358.6400146484375,0.0,1.8953201485237992,16.540194873809813,14.270798740386963,0,6,3.3333333333333335,0.21345,3.6666666666666665,0.16666666666666666,0.3333333333333333,0.6666666666666666
2021-07-05,20.48699951171875,0,118.91000366210938,129.89999389648438,358.6400146484375,0.0,1.8953201485237992,16.540194873809813,14.270798740386963,0,2,5.0,0.41325,11.5,0.0,0.0,1.0
2021-07-06,20.69849967956543,446708000,120.0500030517578,129.86000061035156,360.19000244140625,1.0323628295383136,1.875591567514302,16.64885986328125,14.31197373867035,1,3,4.0,0.21426666666666663,8.333333333333334,0.0,0.3333333333333333,0.6666666666666666
2021-07-07,20.371749877929688,418428000,118.25,128.05999755859375,360.9500122070313,-1.5786158740690004,1.8462602406939457,16.74673486709595,14.352886238098144,1,4,3.25,0.33152499999999996,0.25,0.25,0.25,0.75
2021-07-08,19.90275001525879,503300000,117.87000274658205,126.34500122070312,358.7699890136719,-2.302207053793659,1.9340689040443613,16.837154865264893,14.389813737869265,1,3,4.666666666666667,0.7775,0.0,0.0,0.0,1.0
2021-07-09,20.050249099731445,296624000,120.55999755859376,128.5,361.010009765625,0.7410990157620034,1.9319475869685707,16.932624855041503,14.42687623500824,1,4,3.0,0.570125,8.5,0.25,0.0,0.75
2021-07-10,20.050249099731445,0,120.55999755859376,128.5,361.010009765625,0.0,1.9319475869685707,16.932624855041503,14.42687623500824,0,2,3.0,-0.043899999999999995,0.5,0.5,0.5,0.5
2021-07-11,20.050249099731445,0,120.55999755859376,128.5,361.010009765625,0.0,1.9319475869685707,16.932624855041503,14.42687623500824,0,5,5.0,0.70092,1.4,0.0,0.0,1.0
2021-07-12,20.512500762939453,321984000,122.62999725341795,130.18499755859375,362.4200134277344,2.30546593665113,1.904365516246992,17.036379871368407,14.468819990158082,1,6,4.333333333333333,0.6115,7.0,0.0,0.0,1.0
2021-07-13,20.25,290708000,123.9000015258789,129.90499877929688,362.4200134277344,-1.279711167220143,1.7955695355870784,17.141189880371094,14.508329992294312,1,3,4.0,0.7302333333333334,0.3333333333333333,0.0,0.0,1.0
2021-07-14,19.84149932861328,380100000,124.38999938964844,129.6199951171875,363.0700073242188,-2.0172872661072483,1.862718384724836,17.241284866333007,14.543168740272522,1,3,3.3333333333333335,0.6282333333333333,0.6666666666666666,0.0,0.0,1.0
2021-07-15,18.966249465942383,550564000,117.52999877929688,126.06500244140624,360.5199890136719,-4.41120828711118,2.021512905684272,17.33358486175537,14.572824988365172,1,0,,,,,,
2021-07-16,18.160999298095703,688224000,115.73999786376952,123.4250030517578,357.6000061035156,-4.245700602497426,2.188429020468815,17.40763484954834,14.59750123500824,1,2,4.0,0.58605,0.0,0.0,0.0,1.0
2021-07-17,18.160999298095703,0,115.73999786376952,123.4250030517578,357.6000061035156,0.0,2.188429020468815,17.40763484954834,14.59750123500824,0,1,1.0,-0.3089,0.0,1.0,1.0,0.0
2021-07-18,18.160999298095703,0,115.73999786376952,123.4250030517578,357.6000061035156,0.0,2.188429020468815,17.40763484954834,14.59750123500824,0,5,1.0,-0.05562000000000002,0.4,1.0,0.4,0.2
2021-07-19,18.77975082397461,749060000,115.3499984741211,123.4000015258789,354.6700134277344,3.407034578453993,2.1792554297215427,17.492769870758057,14.623747487068176,1,4,2.5,0.2918,3.0,0.5,0.0,0.5
2021-07-20,18.61199951171875,434687000,116.4000015258789,124.91000366210938,358.7900085449219,-0.8932563260727888,2.189121984264077,17.56876485824585,14.648734984397889,1,2,5.0,0.42775,0.0,0.0,0.0,0.5
2021-07-21,19.40999984741211,371017000,117.87000274658205,128.5,361.55999755859375,4.287558331338404,2.3004043575459834,17.671649856567385,14.680473732948304,1,3,3.3333333333333335,0.2918,0.3333333333333333,0.3333333333333333,0.0,0.3333333333333333
2021-07-22,19.5939998626709,323826000,116.55999755859376,127.7249984741211,363.9500122070313,0.9479650525773708,2.2955512530986923,17.777404861450194,14.710231232643128,1,3,3.3333333333333335,0.44483333333333336,0.0,0.3333333333333333,0.0,0.6666666666666666
2021-07-23,19.558000564575195,195672000,116.79000091552734,128.65499877929688,368.2000122070313,-0.1837261322242156,2.298282581770287,17.89339487075806,14.73933873653412,1,7,3.4285714285714284,0.11595714285714288,2.4285714285714284,0.14285714285714285,0.5714285714285714,0.42857142857142855
2021-07-24,19.558000564575195,0,116.79000091552734,128.65499877929688,368.2000122070313,0.0,2.298282581770287,17.89339487075806,14.73933873653412,0,3,3.6666666666666665,0.6989666666666666,5.666666666666667,0.3333333333333333,0.0,1.0
2021-07-25,19.558000564575195,0,116.79000091552734,128.65499877929688,368.2000122070313,0.0,2.298282581770287,17.89339487075806,14.73933873653412,0,3,5.0,0.7283,0.0,0.0,0.0,1.0
2021-07-26,19.29400062561035,203943000,115.6500015258789,128.50999450683594,368.489990234375,-1.349830920053341,2.2915279365424905,18.005969886779784,14.76598874092102,1,3,5.0,0.8383666666666666,3.3333333333333335,0.0,0.0,1.0
2021-07-27,19.20800018310547,248863000,113.54000091552734,126.23999786376952,364.4299926757813,-0.4457367042412508,2.2902398599817086,18.105269889831543,14.792834992408752,1,7,4.0,0.39755714285714283,0.14285714285714285,0.14285714285714285,0.2857142857142857,0.7142857142857143
2021-07-28,19.50300025939941,202191000,115.06999969482422,128.4949951171875,365.8299865722656,1.535818791554444,2.283604927435977,18.212019901275635,14.821536245346069,1,2,3.0,0.04730000000000001,0.0,0.5,0.5,0.5
2021-07-29,19.66200065612793,190781000,116.1500015258789,130.90499877929688,366.4800109863281,0.8152612142426019,2.284911906209512,18.32494491577149,14.848716249465944,1,4,3.25,-0.028225,2.0,0.25,0.5,0.25
2021-07-30,19.499000549316406,183497000,116.63999938964844,131.57000732421875,364.5700073242188,-0.8290107891982146,2.136741609161373,18.433609924316407,14.874970002174376,1,12,3.9166666666666665,0.40391666666666665,1.0,0.25,0.08333333333333333,0.8333333333333334
2021-07-31,19.499000549316406,0,116.63999938964844,131.57000732421875,364.5700073242188,0.0,2.136741609161373,18.433609924316407,14.874970002174376,0,2,5.0,0.3819,0.5,0.0,0.0,1.0
2021-08-01,19.499000549316406,0,116.63999938964844,131.57000732421875,364.5700073242188,0.0,2.136741609161373,18.433609924316407,14.874970002174376,0,5,3.6,0.43340000000000006,4.8,0.2,0.0,0.8
2021-08-02,19.75,217444000,116.86000061035156,132.5,364.6000061035156,1.2872426463539588,2.1457106251157043,18.53635992050171,14.90324375152588,1,4,4.5,0.462825,0.0,0.0,0.0,1.0
2021-08-03,19.815000534057617,301811000,118.41000366210938,133.6999969482422,366.80999755859375,0.3291166281398361,2.130538904107385,18.632824935913085,14.932468752861023,1,5,3.2,0.28356,0.0,0.4,0.2,0.6
2021-08-04,20.27400016784668,231309000,118.73999786376952,135.16000366210938,367.3399963378906,2.3164250386980445,2.1243831908240267,18.72606492996216,14.964781255722048,1,6,2.6666666666666665,0.02836666666666667,2.3333333333333335,0.5,0.16666666666666666,0.16666666666666666
2021-08-05,20.636999130249023,211435000,119.22000122070312,135.00999450683594,369.6700134277344,1.7904654207216542,2.139795492360118,18.82584991455078,15.000477499961852,1,2,5.0,0.31845,0.0,0.0,0.0,0.5
2021-08-06,20.36599922180176,178497000,118.20999908447266,134.28500366210938,368.0499877929688,-1.313174976346454,2.157270379924864,18.91916990280152,15.034079995155334,1,4,4.75,0.48895,3.5,0.0,0.0,0.75
2021-08-07,20.36599922180176,0,118.20999908447266,134.28500366210938,368.0499877929688,0.0,2.157270379924864,18.91916990280152,15.034079995155334,0,2,5.0,0.694,0.0,0.0,0.0,1.0
2021-08-08,20.36599922180176,0,118.20999908447266,134.28500366210938,368.0499877929688,0.0,2.157270379924864,18.91916990280152,15.034079995155334,0,6,4.333333333333333,0.3645666666666667,0.3333333333333333,0.16666666666666666,0.0,0.8333333333333334
2021-08-09,20.295000076293945,146443000,118.22000122070312,133.8800048828125,368.7300109863281,-0.3486160670761906,2.149593416329126,19.01530990600586,15.067931246757508,1,2,3.0,0.07215000000000002,0.0,0.5,0.5,0.5
2021-08-10,19.93600082397461,179238000,116.36000061035156,132.1649932861328,366.8399963378906,-1.768904907463753,1.9799141262428115,19.08913993835449,15.100806250572203,1,5,4.2,0.16840000000000002,1.2,0.2,0.2,0.8
2021-08-11,19.698999404907227,185925000,115.98999786376952,131.81500244140625,366.2099914550781,-1.1888112423348751,1.9915034503267457,19.157829933166504,15.131349997520449,1,6,4.0,0.5065166666666666,0.0,0.16666666666666666,0.0,0.8333333333333334
2021-08-12,19.905000686645508,151652000,115.6999969482422,130.375,367.5299987792969,1.0457449005605968,2.001150600303295,19.2203649520874,15.165168752670288,1,2,5.0,0.47575,0.0,0.0,0.0,1.0
2021-08-13,20.1879997253418,183063000,115.5,131.22500610351562,368.8200073242188,1.4217484498061594,2.009038976349009,19.284729957580566,15.199124999046326,1,4,3.0,0.095425,0.0,0.5,0.25,0.5
2021-08-14,20.1879997253418,0,115.5,131.22500610351562,368.8200073242188,0.0,2.009038976349009,19.284729957580566,15.199124999046326,0,2,1.0,0.1839,4.0,1.0,0.0,0.5
2021-08-15,20.1879997253418,0,115.5,131.22500610351562,368.8200073242188,0.0,2.009038976349009,19.284729957580566,15.199124999046326,0,2,2.5,0.4526,0.5,0.5,0.0,0.5
2021-08-16,19.950000762939453,210876000,114.62999725341795,130.66000366210938,368.9800109863281,-1.1789130455732375,2.0039085899028186,19.33216495513916,15.235740003585816,1,6,1.6666666666666667,0.06843333333333333,0.0,0.6666666666666666,0.3333333333333333,0.5
2021-08-17,19.45800018310547,204585000,111.11000061035156,128.18499755859375,365.7300109863281,-2.466168225657217,2.0390915583212714,19.36894496917725,15.26791000366211,1,3,2.3333333333333335,-0.10476666666666667,3.6666666666666665,0.6666666666666666,0.3333333333333333,0.3333333333333333
2021-08-18,19.040000915527344,285913000,110.4499969482422,126.52999877929688,362.2099914550781,-2.1482128874736883,2.0550979934506883,19.40060497283936,15.300440006256103,1,5,3.4,0.2591,6.8,0.2,0.4,0.4
2021-08-19,19.79800033569336,766555000,110.5199966430664,127.63999938964844,363.9599914550781,3.981089200199861,2.151856385934534,19.44939998626709,15.336526255607604,1,3,2.6666666666666665,-0.0117,0.0,0.3333333333333333,0.0,0.0
2021-08-20,20.81599998474121,675741000,108.12000274658205,128.19000244140625,367.7300109863281,5.141931668788402,2.345109128838316,19.517220001220704,15.375508756637574,1,4,3.75,0.308025,1.5,0.0,0.0,0.5
2021-08-21,20.81599998474121,0,108.12000274658205,128.19000244140625,367.7300109863281,0.0,2.345109128838316,19.517220001220704,15.375508756637574,0,4,3.0,0.187625,0.25,0.5,0.0,0.5
2021-08-22,20.81599998474121,0,108.12000274658205,128.19000244140625,367.7300109863281,0.0,2.345109128838316,19.517220001220704,15.375508756637574,0,5,2.6,0.05517999999999999,0.2,0.6,0.2,0.2
2021-08-23,21.95800018310547,575807000,110.95999908447266,131.875,373.2300109863281,5.486165445817548,2.511823839266133,19.599874992370605,15.416327509880066,1,3,3.3333333333333335,0.3852333333333333,0.0,0.3333333333333333,0.3333333333333333,0.6666666666666666
2021-08-24,21.792999267578125,297299000,112.11000061035156,131.96499633789062,374.3699951171875,-0.7514387200629358,2.502510031483365,19.67535999298096,15.454492506980896,1,6,2.8333333333333335,0.3913166666666667,3.8333333333333335,0.3333333333333333,0.16666666666666666,0.6666666666666666
2021-08-25,22.21299934387207,347701000,117.02999877929688,133.39999389648438,374.7999877929688,1.9272247529452669,2.4814471928989628,19.763849983215334,15.492747502326964,1,2,3.5,0.0,0.0,0.0,0.0,0.0
2021-08-26,22.06800079345703,237940000,118.0999984741211,133.60499572753906,372.4200134277344,-0.6527643933642802,2.3194077515585243,19.849005012512208,15.534933757781982,1,6,4.0,0.5122,0.6666666666666666,0.16666666666666666,0.16666666666666666,0.8333333333333334
2021-08-27,22.63599967956543,304722000,118.48999786376952,136.02000427246094,376.0400085449219,2.573857466403595,2.164000470128412,19.928580017089843,15.58426375389099,1,1,1.0,-0.5423,0.0,1.0,1.0,0.0
2021-08-28,22.63599967956543,0,118.48999786376952,136.02000427246094,376.0400085449219,0.0,2.164000470128412,19.928580017089843,15.58426375389099,0,3,3.0,0.0615,0.3333333333333333,0.3333333333333333,0.3333333333333333,0.3333333333333333
2021-08-29,22.63599967956543,0,118.48999786376952,136.02000427246094,376.0400085449219,0.0,2.164000470128412,19.928580017089843,15.58426375389099,0,4,2.75,0.37855,17.5,0.25,0.25,0.75
2021-08-30,22.6879997253418,262580000,118.98999786376952,136.4499969482422,380.260009765625,0.2297227713044636,2.106941472514176,20.0095650100708,15.630613751411438,1,4,3.0,0.3764,0.25,0.5,0.0,0.75
2021-08-31,22.38500022888184,259850000,119.01000213623048,135.4149932861328,379.9500122070313,-1.335505554160954,2.1196441923560987,20.08872001647949,15.675255002975463,1,4,4.0,0.26932500000000004,0.0,0.25,0.0,0.5
2021-09-01,22.44099998474121,201767000,120.45999908447266,135.2050018310547,380.5799865722656,0.2501664296930439,2.005046122911449,20.15980503082276,15.720975003242494,1,2,3.0,-0.05830000000000002,1.5,0.5,0.5,0.5
2021-09-02,22.395999908447266,187834000,120.79000091552734,135.53500366210938,380.3999938964844,-0.2005261633819532,2.007239540318147,20.22658004760742,15.76537875175476,1,9,3.7777777777777777,0.25122222222222224,3.7777777777777777,0.2222222222222222,0.3333333333333333,0.6666666666666666
2021-09-03,22.843000411987305,280532000,123.97000122070312,136.64500427246094,381.5700073242188,1.995894380100616,2.0223129575067014,20.29933006286621,15.812482504844665,1,2,5.0,0.5445,0.0,0.0,0.0,1.0
2021-09-04,22.843000411987305,0,123.97000122070312,136.64500427246094,381.5700073242188,0.0,2.0223129575067014,20.29933006286621,15.812482504844665,0,2,3.0,0.125,0.5,0.5,0.0,0.5
2021-09-05,22.843000411987305,0,123.97000122070312,136.64500427246094,381.5700073242188,0.0,2.0223129575067014,20.29933006286621,15.812482504844665,0,6,3.0,0.1087,0.5,0.5,0.3333333333333333,0.3333333333333333
2021-09-06,22.843000411987305,0,123.97000122070312,136.64500427246094,381.5700073242188,0.0,2.0223129575067014,20.29933006286621,15.812482504844665,0,5,3.4,0.36656,6.8,0.4,0.2,0.8
2021-09-07,22.66200065612793,198107000,124.6999969482422,136.36500549316406,382.1099853515625,-0.7923641929472258,2.0068672124728013,20.37195007324219,15.85864875793457,1,2,1.0,-0.11155000000000001,4.5,1.0,0.5,0.5
2021-09-08,22.339000701904297,254434000,121.88999938964844,134.56500244140625,380.7799987792969,-1.4252931995052731,2.0315599314698667,20.41903007507324,15.90314250946045,1,3,4.333333333333333,0.6934333333333335,2.3333333333333335,0.0,0.0,1.0
2021-09-09,22.177000045776367,196856000,122.68000030517578,135.1199951171875,379.4700012207031,-0.7251920454710348,2.034676678171196,20.462035064697265,15.948588757514951,1,4,3.0,0.18365,0.25,0.5,0.0,0.25
2021-09-10,22.47800064086914,248376000,122.97000122070312,136.13999938964844,376.5899963378906,1.357264708804018,2.040440065955249,20.51154506683349,15.995278759002684,1,6,4.333333333333333,0.6687833333333334,0.6666666666666666,0.16666666666666666,0.0,1.0
2021-09-11,22.47800064086914,0,122.97000122070312,136.13999938964844,376.5899963378906,0.0,2.040440065955249,20.51154506683349,15.995278759002684,0,5,2.0,-0.0035199999999999897,14.2,0.6,0.4,0.4
2021-09-12,22.47800064086914,0,122.97000122070312,136.13999938964844,376.5899963378906,0.0,2.040440065955249,20.51154506683349,15.995278759002684,0,5,3.2,0.27588,0.4,0.2,0.0,0.6
2021-09-13,22.152000427246094,297500000,123.62000274658205,137.16000366210938,376.3299865722656,-1.4503078758273502,2.057132236331176,20.55034507751465,16.041250009536743,1,5,4.2,0.13999999999999999,1.6,0.2,0.2,0.6
2021-09-14,22.242000579833984,199755000,123.08999633789062,137.25,375.260009765625,0.4062845379742441,2.0509920110166293,20.58544509887696,16.08628626346588,1,6,3.1666666666666665,0.45344999999999996,1.8333333333333333,0.3333333333333333,0.0,0.8333333333333334
2021-09-15,22.340999603271484,166538000,121.5,137.72999572753906,378.0499877929688,0.4450994553397258,2.050930152694805,20.61829509735108,16.131685013771058,1,2,1.0,-0.1706,0.0,1.0,0.5,0.0
2021-09-16,22.242000579833984,156033000,120.79000091552734,137.92999267578125,378.30999755859375,-0.4431270990354563,2.0246928621223894,20.65570011138916,16.175887517929077,1,4,4.0,0.4158,0.0,0.25,0.0,0.75
2021-09-17,21.89999961853028,294503000,117.75,135.5,373.8299865722656,-1.5376357898928883,2.0330019921182405,20.69564510345459,16.218437514305116,1,2,1.5,0.27115,1.0,0.5,0.0,0.5
2021-09-18,21.89999961853028,0,117.75,135.5,373.8299865722656,0.0,2.0330019921182405,20.69564510345459,16.218437514305116,0,3,2.3333333333333335,0.041833333333333333,3.3333333333333335,0.6666666666666666,0.3333333333333333,0.3333333333333333
2021-09-19,21.89999961853028,0,117.75,135.5,373.8299865722656,0.0,2.0330019921182405,20.69564510345459,16.218437514305116,0,0,,,,,,
2021-09-20,21.113000869750977,349440000,114.6999969482422,132.1999969482422,365.7000122070313,-3.593601655195433,2.1324225936116448,20.71690013885498,16.256280016899108,1,4,3.5,-0.0252,0.0,0.25,0.5,0.25
2021-09-21,21.246000289916992,204688000,114.95999908447266,132.47999572753906,366.1499938964844,0.6299408643352322,2.132146069290088,20.73157012939453,16.295530018806456,1,4,2.75,0.09907500000000001,0.5,0.25,0.5,0.25
2021-09-22,21.94099998474121,268726000,115.87000274658205,134.8699951171875,369.5700073242188,3.271202510309923,2.1719361696434163,20.765390129089354,16.337443766593932,1,5,3.0,0.005859999999999976,0.8,0.4,0.4,0.4
2021-09-23,22.48200035095215,248555000,116.19000244140624,136.56500244140625,372.9800109863281,2.46570514829394,2.185533702961238,20.81820014953613,16.381820020675658,1,3,2.3333333333333335,0.21406666666666666,0.3333333333333333,0.6666666666666666,0.3333333333333333,0.3333333333333333
2021-09-24,22.08099937438965,217655000,115.63999938964844,136.19500732421875,373.3299865722656,-1.783653457444756,2.220347487640593,20.88049514770508,16.42547501564026,1,7,2.4285714285714284,0.3680285714285714,7.0,0.5714285714285714,0.0,0.7142857142857143
2021-09-25,22.08099937438965,0,115.63999938964844,136.19500732421875,373.3299865722656,0.0,2.220347487640593,20.88049514770508,16.42547501564026,0,4,4.0,0.3127,0.5,0.25,0.25,0.75
2021-09-26,22.08099937438965,0,115.63999938964844,136.19500732421875,373.3299865722656,0.0,2.220347487640593,20.88049514770508,16.42547501564026,0,5,2.6,0.20738000000000004,0.2,0.6,0.0,0.6
2021-09-27,21.65999984741211,245215000,116.1500015258789,135.7100067138672,370.3500061035156,-1.9066144599679256,2.248950451454682,20.950475158691408,16.469121265411378,1,2,4.5,0.8809,56.5,0.0,0.0,1.0
2021-09-28,20.698999404907227,343069000,111.9000015258789,130.2449951171875,359.8699951171875,-4.436751843374099,2.394709136455709,20.98886013031006,16.507755012512206,1,2,1.0,-0.03635000000000001,1.0,1.0,0.5,0.5
2021-09-29,20.51700019836425,218394000,111.62000274658205,128.27999877929688,359.2799987792969,-0.8792657218967825,2.3520652875138923,21.02696014404297,16.545273761749268,1,2,3.0,0.3404,0.5,0.5,0.0,0.5
2021-09-30,20.715999603271484,221009000,111.6500015258789,128.13499450683594,357.9599914550781,0.9699244674330698,2.3131413834853314,21.053080139160155,16.582310009002686,1,3,2.3333333333333335,0.26353333333333334,0.3333333333333333,0.6666666666666666,0.0,0.3333333333333333
2021-10-01,20.742000579833984,240978000,111.55999755859376,128.2449951171875,360.17999267578125,0.1255115710583121,2.206639429582623,21.076040153503417,16.61921751022339,1,5,4.2,0.26846000000000003,0.4,0.2,0.2,0.8
2021-10-02,20.742000579833984,0,111.55999755859376,128.2449951171875,360.17999267578125,0.0,2.206639429582623,21.076040153503417,16.61921751022339,0,6,3.6666666666666665,0.2100666666666667,0.16666666666666666,0.3333333333333333,0.16666666666666666,0.6666666666666666
2021-10-03,20.742000579833984,0,111.55999755859376,128.2449951171875,360.17999267578125,0.0,2.206639429582623,21.076040153503417,16.61921751022339,0,3,2.6666666666666665,0.20343333333333335,5.333333333333333,0.3333333333333333,0.3333333333333333,0.6666666666666666
2021-10-04,19.73200035095215,345635000,109.0199966430664,124.90499877929688,352.6199951171875,-4.8693481855544345,2.187088317769123,21.07952014923096,16.65166501045227,1,4,3.25,0.5669500000000001,0.0,0.25,0.0,0.75
2021-10-05,20.451000213623047,279282000,109.26000213623048,126.66000366210938,357.3800048828125,3.6438265248470048,2.044442167036434,21.10266014099121,16.687213759422303,1,6,3.6666666666666665,0.4965,1.3333333333333333,0.16666666666666666,0.0,1.0
2021-10-06,20.700000762939453,297202000,109.33999633789062,127.04499816894533,359.6700134277344,1.2175470476526673,2.05823196739728,21.13250015258789,16.724353761672972,1,5,3.2,0.28036000000000005,5.6,0.4,0.0,0.4
2021-10-07,21.075000762939453,256919000,110.83000183105467,128.625,362.9700012207031,1.811594136128658,2.054310973668712,21.16394016265869,16.76306751728058,1,4,3.25,0.537925,0.5,0.25,0.0,0.75
2021-10-08,20.83099937438965,151258000,110.04000091552734,127.375,361.1600036621094,-1.157776416211964,2.0605932678510315,21.187320137023924,16.800831265449524,1,2,5.0,0.6113999999999999,0.0,0.0,0.0,1.0
2021-10-09,20.83099937438965,0,110.04000091552734,127.375,361.1600036621094,0.0,2.0605932678510315,21.187320137023924,16.800831265449524,0,6,2.6666666666666665,0.03426666666666667,15.333333333333334,0.5,0.16666666666666666,0.16666666666666666
2021-10-10,20.83099937438965,0,110.04000091552734,127.375,361.1600036621094,0.0,2.0605932678510315,21.187320137023924,16.800831265449524,0,5,4.2,-0.028279999999999993,0.0,0.2,0.2,0.2
2021-10-11,20.69499969482422,163388000,110.26000213623048,126.61499786376952,358.3900146484375,-0.6528716031388937,1.99554076182924,21.21124011993408,16.83926001548767,1,2,3.0,-0.13870000000000005,0.0,0.5,0.5,0.5
2021-10-12,20.67099952697754,162134000,109.1999969482422,125.33499908447266,357.1400146484375,-0.1159708538323034,1.9934988971333687,21.22966011047363,16.877646265029906,1,3,4.0,0.11983333333333335,0.6666666666666666,0.0,0.3333333333333333,0.6666666666666666
2021-10-13,20.93899917602539,180652000,109.9800033569336,126.40499877929688,360.0,1.2965006781509911,2.003814166512672,21.252140083312987,16.917841262817383,1,3,3.3333333333333335,0.15253333333333333,1.6666666666666667,0.3333333333333333,0.3333333333333333,0.6666666666666666
2021-10-14,21.746000289916992,243589000,112.55999755859376,130.1999969482422,366.6300048828125,3.8540577183631353,2.135599793426361,21.2815800857544,16.9618550157547,1,4,2.5,0.086675,1.25,0.25,0.25,0.5
2021-10-15,21.86199951171875,226994000,114.86000061035156,131.2899932861328,368.9400024414063,0.5334278499736111,2.1384052272319285,21.306080093383787,17.005436263084412,1,3,2.3333333333333335,-0.04033333333333333,0.3333333333333333,0.6666666666666666,0.3333333333333333,0.0
2021-10-16,21.86199951171875,0,114.86000061035156,131.2899932861328,368.9400024414063,0.0,2.1384052272319285,21.306080093383787,17.005436263084412,0,0,,,,,,
2021-10-17,21.86199951171875,0,114.86000061035156,131.2899932861328,368.9400024414063,0.0,2.1384052272319285,21.306080093383787,17.005436263084412,0,3,4.666666666666667,0.8286000000000001,3.0,0.0,0.0,1.0
2021-10-18,22.222000122070312,189494000,115.33999633789062,132.3249969482422,372.6499938964844,1.6466957203918664,2.127762559393826,21.34320011138916,17.051271262168886,1,5,3.0,0.10454000000000001,0.8,0.4,0.4,0.6
2021-10-19,22.290000915527344,161473000,116.95999908447266,133.83999633789062,375.4700012207031,0.3060066289419794,2.124348473513153,21.38310012817383,17.097153768539428,1,3,3.0,0.1953,0.0,0.0,0.0,0.3333333333333333
2021-10-20,22.10300064086914,146276000,115.58999633789062,133.25,374.9800109863281,-0.8389424269962142,2.113770172244234,21.42644012451172,17.140645022392274,1,7,3.7142857142857144,0.26124285714285717,1.5714285714285714,0.14285714285714285,0.14285714285714285,0.5714285714285714
2021-10-21,22.691999435424805,187590000,116.29000091552734,134.77000427246094,377.2699890136719,2.664791102917441,2.164427244038788,21.48630012512207,17.191032519340514,1,2,3.0,0.31845,0.0,0.5,0.0,0.5
2021-10-22,22.72599983215332,249384000,114.2300033569336,133.5800018310547,374.1000061035156,0.1498342921489648,2.1514160300524394,21.542720108032228,17.23794251918793,1,3,5.0,0.3138666666666667,0.0,0.0,0.3333333333333333,0.6666666666666666
2021-10-23,22.72599983215332,0,114.2300033569336,133.5800018310547,374.1000061035156,0.0,2.1514160300524394,21.542720108032228,17.23794251918793,0,3,3.6666666666666665,0.6485,20.333333333333332,0.3333333333333333,0.0,1.0
2021-10-24,22.72599983215332,0,114.2300033569336,133.5800018310547,374.1000061035156,0.0,2.1514160300524394,21.542720108032228,17.23794251918793,0,4,3.25,0.25815,1.0,0.25,0.0,0.75
2021-10-25,23.166000366210938,230235000,113.63999938964844,134.2550048828125,377.9299926757813,1.9361107863562264,2.158319432921495,21.60228012084961,17.287388772964476,1,4,3.75,0.328125,9.0,0.25,0.25,0.75
2021-10-26,24.71699905395508,485898000,114.18000030517578,135.02000427246094,379.1199951171875,6.695150924742155,2.465421901609428,21.69762008666992,17.34286626815796,1,2,2.5,-0.09615,0.5,0.5,0.5,0.0
2021-10-27,24.451000213623047,245990000,113.75,133.8800048828125,380.0,-1.0761777340015266,2.479674104430929,21.79748008728028,17.39769752025604,1,2,3.0,0.5431,1.0,0.5,0.0,1.0
2021-10-28,24.94099998474121,234204000,116.01000213623048,136.42999267578125,384.2200012207031,2.00400706243975,2.493546348522656,21.91550006866455,17.45474377155304,1,3,2.0,0.10363333333333334,0.0,0.6666666666666666,0.3333333333333333,0.3333333333333333
2021-10-29,25.566999435424805,292503000,113.6999969482422,136.82000732421875,386.1099853515625,2.509921218341593,2.4938957403135253,22.03088005065917,17.516577520370483,1,2,3.0,0.5784,3.0,0.5,0.0,1.0
2021-10-30,25.566999435424805,0,113.6999969482422,136.82000732421875,386.1099853515625,0.0,2.4938957403135253,22.03088005065917,17.516577520370483,0,3,4.0,0.6199666666666667,1.3333333333333333,0.0,0.0,1.0
2021-10-31,25.566999435424805,0,113.6999969482422,136.82000732421875,386.1099853515625,0.0,2.4938957403135253,22.03088005065917,17.516577520370483,0,3,3.0,0.3471666666666667,0.3333333333333333,0.3333333333333333,0.3333333333333333,0.6666666666666666
2021-11-01,25.82699966430664,265740000,114.12000274658205,138.38999938964844,387.4299926757813,1.0169368116056177,2.3688374758905573,22.131100044250488,17.58141501903534,1,3,1.0,0.024866666666666648,9.0,1.0,0.3333333333333333,0.3333333333333333
2021-11-02,26.400999069213867,294112000,114.11000061035156,139.9149932861328,389.0499877929688,2.222478074758727,2.3849781710772726,22.219960021972657,17.648293762207032,1,3,2.0,0.3564333333333334,14.0,0.3333333333333333,0.0,0.6666666666666666
2021-11-03,26.597999572753903,239910000,114.01000213623048,141.3000030517578,393.1799926757813,0.7461857902558044,2.337161435686481,22.316060028076173,17.714455008506775,1,0,,,,,,
2021-11-04,29.801000595092773,1153631000,117.79000091552734,147.14999389648438,398.2200012207031,12.04226285355652,3.115339766390928,22.467820053100585,17.79412250995636,1,5,3.8,0.28558000000000006,5.2,0.2,0.2,0.8
2021-11-05,29.75200080871582,851260000,117.8000030517578,148.3000030517578,398.6000061035156,-0.1644232925018696,3.079463188741032,22.62150005340576,17.874320015907287,1,3,4.333333333333333,0.5000666666666667,1.0,0.0,0.0,1.0
2021-11-06,29.75200080871582,0,117.8000030517578,148.3000030517578,398.6000061035156,0.0,3.079463188741032,22.62150005340576,17.874320015907287,0,3,3.0,-0.29623333333333335,13.666666666666666,0.3333333333333333,0.6666666666666666,0.0
2021-11-07,29.75200080871582,0,117.8000030517578,148.3000030517578,398.6000061035156,0.0,3.079463188741032,22.62150005340576,17.874320015907287,0,4,3.0,-0.22617500000000001,0.0,0.5,0.5,0.25
2021-11-08,30.804000854492188,503101000,120.91000366210938,150.97000122070312,398.05999755859375,3.535896804184624,3.059946909916476,22.78486007690429,17.960073771476747,1,3,3.6666666666666665,0.5777333333333333,4.333333333333333,0.3333333333333333,0.0,1.0
2021-11-09,30.65699958801269,646746000,121.77999877929688,151.1699981689453,395.3200073242188,-0.4772148500250872,2.887893134822956,22.944240074157715,18.04618251800537,1,10,4.9,0.54841,9.5,0.0,0.0,0.9
2021-11-10,29.458999633789062,636206000,118.1999969482422,146.39999389648438,389.510009765625,-3.9077534342012665,3.018712935545416,23.08572006225586,18.128888764381408,1,5,3.6,0.46082,4.4,0.2,0.0,0.8
2021-11-11,30.38999938964844,332172000,118.19000244140624,149.03500366210938,390.5899963378906,3.1603237293622577,3.0379928257460294,23.244700050354005,18.21558376312256,1,7,4.285714285714286,0.33327142857142855,1.7142857142857142,0.14285714285714285,0.14285714285714285,0.7142857142857143
2021-11-12,30.38999938964844,413054000,118.69000244140624,150.5500030517578,394.7000122070313,0.0,3.039792687354538,23.40458003997803,18.302585010528563,1,2,3.0,0.36819999999999997,0.0,0.5,0.0,1.0
2021-11-13,30.38999938964844,0,118.69000244140624,150.5500030517578,394.7000122070313,0.0,3.039792687354538,23.40458003997803,18.302585010528563,0,2,3.0,0.22384999999999997,19.5,0.5,0.5,0.5
2021-11-14,30.38999938964844,0,118.69000244140624,150.5500030517578,394.7000122070313,0.0,3.039792687354538,23.40458003997803,18.302585010528563,0,5,4.2,0.54138,0.0,0.2,0.0,0.8
2021-11-15,30.02499961853028,384909000,118.12000274658205,150.35000610351562,394.6099853515625,-1.201052248926637,2.84990278406559,23.54822002410889,18.38652500629425,1,3,3.6666666666666665,0.28096666666666664,0.0,0.0,0.3333333333333333,0.3333333333333333
2021-11-16,30.202999114990234,264484000,118.08000183105467,152.3000030517578,397.4200134277344,0.5928376310456507,2.823106248777256,23.69903999328613,18.46975625038147,1,6,4.333333333333333,-0.004183333333333335,0.0,0.16666666666666666,0.16666666666666666,0.16666666666666666
2021-11-17,29.26099967956543,428508000,119.05999755859376,151.39500427246094,397.6300048828125,-3.1188936960809155,2.9385155037564914,23.83747997283936,18.54840874671936,1,5,3.0,0.28984,0.2,0.2,0.0,0.6
2021-11-18,31.674999237060547,781711000,123.38999938964844,155.1199951171875,401.75,8.249887508733833,3.207483107541904,24.02743995666504,18.63846249103546,1,2,3.0,0.40955,2.0,0.5,0.0,1.0
2021-11-19,32.98500061035156,533867000,124.26000213623048,156.10000610351562,403.989990234375,4.135758184196825,3.206668674654783,24.237579956054688,18.73543249607086,1,2,5.0,0.61815,0.0,0.0,0.0,1.0
2021-11-20,32.98500061035156,0,124.26000213623048,156.10000610351562,403.989990234375,0.0,3.206668674654783,24.237579956054688,18.73543249607086,0,7,1.5714285714285714,-0.07851428571428573,12.0,0.8571428571428571,0.42857142857142855,0.14285714285714285
2021-11-21,32.98500061035156,0,124.26000213623048,156.10000610351562,403.989990234375,0.0,3.206668674654783,24.237579956054688,18.73543249607086,0,3,3.3333333333333335,0.35910000000000003,0.0,0.0,0.0,0.6666666666666666
2021-11-22,31.95599937438965,754335000,124.75,153.7449951171875,399.2999877929688,-3.1196035074166018,3.296568693254483,24.43365993499756,18.823018741607665,1,2,3.0,-0.11830000000000002,2.0,0.5,0.5,0.5
2021-11-23,31.746000289916992,532163000,121.36000061035156,152.6300048828125,397.4800109863281,-0.6571507340839222,3.3072325740281414,24.623739929199218,18.91043249130249,1,2,3.0,0.27815,0.0,0.5,0.0,0.5
2021-11-24,32.67399978637695,435162000,120.70999908447266,154.1699981689453,398.760009765625,2.9232013103543952,3.3172493007365755,24.83039993286133,18.999981241226195,1,2,3.0,0.42755,22.0,0.5,0.0,0.5
2021-11-25,32.67399978637695,0,120.70999908447266,154.1699981689453,398.760009765625,0.0,3.3172493007365755,24.83039993286133,18.999981241226195,0,8,3.125,0.1839375,0.0,0.375,0.0,0.5
2021-11-26,31.50300025939941,283069000,117.08999633789062,149.6999969482422,391.2000122070313,-3.5838879066950824,3.415264956756712,25.01561992645264,19.08124249458313,1,3,4.666666666666667,0.1752,0.0,0.0,0.0,0.3333333333333333
2021-11-27,31.50300025939941,0,117.08999633789062,149.6999969482422,391.2000122070313,0.0,3.415264956756712,25.01561992645264,19.08124249458313,0,7,3.0,0.14141428571428571,0.2857142857142857,0.42857142857142855,0.2857142857142857,0.5714285714285714
2021-11-28,31.50300025939941,0,117.08999633789062,149.6999969482422,391.2000122070313,0.0,3.415264956756712,25.01561992645264,19.08124249458313,0,3,2.3333333333333335,-0.023599999999999993,7.333333333333333,0.6666666666666666,0.3333333333333333,0.3333333333333333
2021-11-29,33.375999450683594,454964000,119.27999877929688,155.7100067138672,399.6900024414063,5.945462895158182,3.5149917344391417,25.245139923095703,19.17331624031067,1,0,,,,,,
2021-11-30,32.67599868774414,622066000,117.1500015258789,152.4499969482422,393.8200073242188,-2.0973177566525725,3.5747519184085244,25.476399879455567,19.260044984817505,1,4,4.0,0.25425,0.5,0.0,0.0,0.5
2021-12-01,31.434999465942383,484368000,120.62999725341795,151.91000366210938,387.1199951171875,-3.7978922500912615,3.6927797761092274,25.680179862976075,19.34268998146057,1,3,5.0,0.5728666666666667,0.0,0.0,0.0,1.0
2021-12-02,32.125999450683594,472890000,121.6999969482422,152.30499267578125,389.9100036621094,2.1981867233363817,3.676084444094085,25.88387985229492,19.429174976348875,1,5,2.8,0.32888,1.2,0.4,0.2,0.6
2021-12-03,30.69300079345703,544325000,119.33000183105467,150.5749969482422,383.1300048828125,-4.460557435501267,3.813650939992421,26.04809986114502,19.50800747871399,1,4,4.75,-0.046225,6.0,0.0,0.25,0.5
2021-12-04,30.69300079345703,0,119.33000183105467,150.5749969482422,383.1300048828125,0.0,3.813650939992421,26.04809986114502,19.50800747871399,0,2,2.0,-0.20175,0.5,0.5,0.5,0.0
2021-12-05,30.69300079345703,0,119.33000183105467,150.5749969482422,383.1300048828125,0.0,3.813650939992421,26.04809986114502,19.50800747871399,0,7,4.428571428571429,0.5212285714285715,0.5714285714285714,0.14285714285714285,0.0,0.8571428571428571
2021-12-06,30.03700065612793,658938000,119.13999938964844,150.0,386.2000122070313,-2.1372955409069805,3.855519429609658,26.207219886779782,19.58641373157501,1,2,2.5,0.4088,1.5,0.5,0.0,0.5
2021-12-07,32.426998138427734,593053000,122.31999969482422,157.27499389648438,397.8299865722656,7.956844658563522,4.057146244152515,26.4225598526001,19.67783872127533,1,4,4.0,0.67225,0.75,0.25,0.0,1.0
2021-12-08,31.826000213623047,475551000,121.8000030517578,156.59500122070312,399.6099853515625,-1.8533874835995776,3.9571880663473817,26.64509986877441,19.764473724365235,1,3,3.6666666666666665,0.5940333333333333,1.3333333333333333,0.3333333333333333,0.0,1.0
2021-12-09,30.489999771118164,488507000,119.5,152.80499267578125,393.7300109863281,-4.197827039330604,4.051397397375169,26.84455986022949,19.85038622379303,1,1,5.0,0.9349,0.0,0.0,0.0,1.0
2021-12-10,30.19799995422364,488825000,119.12999725341795,153.77499389648438,398.010009765625,-0.9576904528911468,4.057518592143461,27.03419986724853,19.93280372142792,1,11,3.6363636363636362,0.26242727272727273,0.09090909090909091,0.2727272727272727,0.0,0.5454545454545454
2021-12-11,30.19799995422364,0,119.12999725341795,153.77499389648438,398.010009765625,0.0,4.057518592143461,27.03419986724853,19.93280372142792,0,6,3.3333333333333335,0.41485,3.1666666666666665,0.3333333333333333,0.0,0.6666666666666666
2021-12-12,30.19799995422364,0,119.12999725341795,153.77499389648438,398.010009765625,0.0,4.057518592143461,27.03419986724853,19.93280372142792,0,5,1.8,-0.008799999999999997,10.4,0.8,0.4,0.4
2021-12-13,28.160999298095703,598344000,116.41999816894533,149.78500366210938,392.260009765625,-6.745482016079762,4.263135301999896,27.18257984161377,20.004399967193603,1,2,3.5,0.3454,15.0,0.0,0.0,0.5
2021-12-14,28.33699989318848,667035000,116.29000091552734,148.9199981689453,388.2000122070313,0.6249799349438367,4.261806082886576,27.354679832458498,20.079053716659544,1,16,4.5625,0.11091875000000001,1.4375,0.0,0.25,0.5
2021-12-15,30.458999633789062,698297000,120.4000015258789,155.0800018310547,397.0499877929688,7.4884417849423235,4.44420281796173,27.55483982086181,20.167324962615968,1,4,4.0,0.08507500000000001,0.0,0.25,0.25,0.5
2021-12-16,28.386999130249023,707366000,116.56999969482422,148.33999633789062,386.8399963378906,-6.802588819238531,4.643175467134513,27.70857978820801,20.247408709526063,1,10,3.9,0.22177000000000002,0.4,0.2,0.1,0.6
2021-12-17,27.801000595092773,713758000,116.31999969482422,147.64500427246094,384.9100036621094,-2.0643201222767305,4.097220382306298,27.84309978485108,20.324106211662293,1,24,3.5416666666666665,0.26037083333333333,0.625,0.2916666666666667,0.2916666666666667,0.5416666666666666
2021-12-18,27.801000595092773,0,116.31999969482422,147.64500427246094,384.9100036621094,0.0,4.097220382306298,27.84309978485108,20.324106211662293,0,20,2.95,0.077365,1.35,0.4,0.3,0.35
2021-12-19,27.801000595092773,0,116.31999969482422,147.64500427246094,384.9100036621094,0.0,4.097220382306298,27.84309978485108,20.324106211662293,0,9,2.2222222222222223,-0.09471111111111113,1.4444444444444444,0.5555555555555556,0.4444444444444444,0.3333333333333333
2021-12-20,27.7189998626709,461847000,114.94000244140624,145.7550048828125,380.6900024414063,-0.2949560471443901,4.097304346241098,27.9808597946167,20.404734959602354,1,7,3.7142857142857144,0.37068571428571434,1.5714285714285714,0.14285714285714285,0.14285714285714285,0.7142857142857143
2021-12-21,29.075000762939453,524385000,117.44000244140624,151.02000427246094,389.2099914550781,4.891954641172602,4.146615152871391,28.148459815979,20.48750871181488,1,7,4.0,0.3834857142857143,20.142857142857142,0.14285714285714285,0.14285714285714285,0.7142857142857143
2021-12-22,29.39999961853028,395184000,121.3000030517578,152.81500244140625,393.9500122070313,1.1177948308262131,4.151969514437401,28.32303981781006,20.57216745853424,1,9,3.5555555555555554,0.17677777777777778,0.3333333333333333,0.2222222222222222,0.1111111111111111,0.5555555555555556
2021-12-23,29.63999938964844,343022000,120.68000030517578,154.1300048828125,396.9200134277344,0.8163257626945475,4.090012214099078,28.49705982208252,20.655399956703185,1,5,3.0,0.27246,0.4,0.4,0.2,0.6
2021-12-24,29.63999938964844,0,120.68000030517578,154.1300048828125,396.9200134277344,0.0,4.090012214099078,28.49705982208252,20.655399956703185,0,10,4.1,0.42568,3.8,0.2,0.1,0.9
2021-12-25,29.63999938964844,0,120.68000030517578,154.1300048828125,396.9200134277344,0.0,4.090012214099078,28.49705982208252,20.655399956703185,0,2,1.0,-0.3062,0.0,1.0,0.5,0.0
2021-12-26,29.63999938964844,0,120.68000030517578,154.1300048828125,396.9200134277344,0.0,4.090012214099078,28.49705982208252,20.655399956703185,0,4,3.75,0.16865000000000002,1.25,0.25,0.0,0.5
2021-12-27,30.94499969482422,403686000,122.6999969482422,158.27999877929688,403.4800109863281,4.402835128368943,4.128179623397482,28.681039810180664,20.745844955444337,1,3,2.3333333333333335,0.16136666666666666,0.3333333333333333,0.6666666666666666,0.3333333333333333,0.6666666666666666
2021-12-28,30.32200050354004,420591000,122.05999755859376,156.72000122070312,401.6099853515625,-2.013246719754791,4.14688598745554,28.850239830017088,20.83149870872497,1,3,3.0,0.16233333333333333,1.3333333333333333,0.3333333333333333,0.3333333333333333,0.6666666666666666
2021-12-29,30.0009994506836,343139000,121.41000366210938,156.69500732421875,401.5499877929688,-1.0586407477269466,4.145456492402071,29.005819816589355,20.915047454833985,1,5,4.2,0.17395999999999998,0.2,0.2,0.2,0.6
2021-12-30,29.586000442504883,308864000,120.41999816894533,154.9149932861328,400.3500061035156,-1.383283943126279,4.152711484325416,29.151739807128905,20.996271204948425,1,6,3.8333333333333335,0.11626666666666667,0.16666666666666666,0.16666666666666666,0.0,0.5
2021-12-31,29.410999298095703,266530000,120.30999755859376,154.39500427246094,397.8500061035156,-0.5914998370572744,4.112412377581362,29.29789978027344,21.079713702201843,1,2,3.0,0.05215,0.0,0.5,0.5,0.5
2022-01-01,29.410999298095703,0,120.30999755859376,154.39500427246094,397.8500061035156,0.0,4.112412377581362,29.29789978027344,21.079713702201843,0,6,4.5,0.3945666666666667,0.16666666666666666,0.0,0.16666666666666666,0.6666666666666666
2022-01-02,29.410999298095703,0,120.30999755859376,154.39500427246094,397.8500061035156,0.0,4.112412377581362,29.29789978027344,21.079713702201843,0,10,3.0,0.13321,5.7,0.5,0.1,0.5
2022-01-03,30.121000289916992,391547000,128.8000030517578,157.8000030517578,401.6799926757813,2.414066195524533,3.842681666107236,29.44647979736328,21.166089954376226,1,4,4.5,0.4717,0.25,0.0,0.0,1.0
2022-01-04,29.290000915527344,527154000,133.39999389648438,156.97999572753906,396.4700012207031,-2.7588704438471945,3.7865865399076943,29.57775981903076,21.246608710289003,1,4,3.25,0.233425,2.75,0.25,0.25,0.5
2022-01-05,27.60400009155273,498064000,127.05999755859376,151.59500122070312,384.2900085449219,-5.756233428728985,3.883020822731596,29.6665198135376,21.319274959564208,1,3,4.666666666666667,0.5683,0.3333333333333333,0.0,0.0,1.0
2022-01-06,28.17799949645996,454186000,128.47000122070312,153.10000610351562,384.0199890136719,2.0794066186185844,3.909176629082045,29.735739822387696,21.39694995880127,1,5,4.2,0.30398000000000003,23.2,0.0,0.2,0.4
2022-01-07,27.246999740600582,409939000,123.5,148.44500732421875,379.8599853515625,-3.303995217887412,3.8961600545878,29.791659812927247,21.47050870895385,1,1,5.0,0.34,0.0,0.0,0.0,1.0
2022-01-08,27.246999740600582,0,123.5,148.44500732421875,379.8599853515625,0.0,3.8961600545878,29.791659812927247,21.47050870895385,0,8,2.5,0.06085000000000001,5.125,0.5,0.125,0.5
2022-01-09,27.246999740600582,0,123.5,148.44500732421875,379.8599853515625,0.0,3.8961600545878,29.791659812927247,21.47050870895385,0,4,4.0,0.317725,0.25,0.25,0.0,0.75
2022-01-10,27.39999961853028,594681000,125.01000213623048,148.63499450683594,380.1099853515625,0.5615292670249517,3.857462480457937,29.84083980560303,21.54331245899201,1,4,4.0,0.16032500000000002,0.0,0.25,0.25,0.75
2022-01-11,27.816999435424805,404089000,129.1699981689453,151.63499450683594,385.8200073242188,1.5218971631390854,3.6876433913735815,29.885839805603027,21.617656207084657,1,2,3.0,0.25235,0.0,0.5,0.0,0.5
2022-01-12,27.999000549316406,383413000,132.22999572753906,152.92999267578125,387.3500061035156,0.6542801796940889,3.681789017684701,29.929279823303222,21.69329246044159,1,3,3.6666666666666665,0.2606,0.3333333333333333,0.3333333333333333,0.0,0.6666666666666666
2022-01-13,26.575000762939453,540171000,139.19000244140625,150.27000427246094,377.6600036621094,-5.085895062106848,3.7293973942570537,29.932759857177736,21.759426212310792,1,10,3.7,0.20070000000000002,0.2,0.2,0.3,0.6
2022-01-14,26.941999435424805,395832000,140.66000366210938,153.4550018310547,380.010009765625,1.3809921428004523,3.7120201683253584,29.93963985443116,21.82507745742798,1,11,2.8181818181818183,0.13543636363636366,0.7272727272727273,0.5454545454545454,0.45454545454545453,0.45454545454545453
2022-01-15,26.941999435424805,0,140.66000366210938,153.4550018310547,380.010009765625,0.0,3.7120201683253584,29.93963985443116,21.82507745742798,0,9,4.0,0.30042222222222226,0.4444444444444444,0.1111111111111111,0.1111111111111111,0.4444444444444444
2022-01-16,26.941999435424805,0,140.66000366210938,153.4550018310547,380.010009765625,0.0,3.7120201683253584,29.93963985443116,21.82507745742798,0,5,3.4,0.17246,0.4,0.4,0.0,0.6
2022-01-17,26.941999435424805,0,140.66000366210938,153.4550018310547,380.010009765625,0.0,3.7120201683253584,29.93963985443116,21.82507745742798,0,6,3.3333333333333335,0.4553333333333333,8.0,0.3333333333333333,0.16666666666666666,0.8333333333333334
2022-01-18,25.902999877929688,424270000,133.8300018310547,146.58999633789062,370.5499877929688,-3.856430774506603,3.691478977932692,29.86167984008789,21.88465495586395,1,3,1.0,-0.27446666666666664,1.3333333333333333,1.0,0.6666666666666666,0.0
2022-01-19,25.066999435424805,488315000,131.00999450683594,142.5399932861328,366.4800109863281,-3.227427118266657,3.71346856956615,29.76797981262207,21.9406824541092,1,5,2.8,0.43238000000000004,2.8,0.4,0.2,0.8
2022-01-20,24.14999961853028,435181000,128.3300018310547,138.1750030517578,361.7200012207031,-3.658195386555208,3.388922015152349,29.63489978790283,21.990714950561525,1,6,2.8333333333333335,0.36243333333333333,2.6666666666666665,0.5,0.16666666666666666,0.5
2022-01-21,23.374000549316406,718958000,124.52999877929688,135.875,351.69000244140625,-3.213246714167417,3.4108350659026394,29.489239807128907,22.03599995136261,1,9,4.222222222222222,0.397,0.8888888888888888,0.0,0.0,0.7777777777777778
2022-01-22,23.374000549316406,0,124.52999877929688,135.875,351.69000244140625,0.0,3.4108350659026394,29.489239807128907,22.03599995136261,0,9,3.5555555555555554,0.23606666666666667,0.4444444444444444,0.2222222222222222,0.1111111111111111,0.6666666666666666
2022-01-23,23.374000549316406,0,124.52999877929688,135.875,351.69000244140625,0.0,3.4108350659026394,29.489239807128907,22.03599995136261,0,11,4.181818181818182,0.1741818181818182,3.1818181818181817,0.09090909090909091,0.18181818181818182,0.6363636363636364
2022-01-24,23.371999740600582,913982000,125.95999908447266,137.61500549316406,353.29998779296875,-0.0085599754804488,3.359376647832738,29.367499809265137,22.08085995197296,1,8,4.375,0.16690000000000002,3.25,0.125,0.25,0.625
2022-01-25,22.323999404907227,664616000,122.4800033569336,132.1649932861328,345.1099853515625,-4.483999432332819,3.42513642706596,29.206179809570312,22.116434950828552,1,15,3.1333333333333333,0.38158,1.2666666666666666,0.4,0.2,0.7333333333333333
2022-01-26,22.77199935913086,755959000,123.08000183105467,134.07000732421875,344.57000732421875,2.006808664065618,3.2838726696028107,29.05381980895996,22.151897449493408,1,9,3.7777777777777777,0.19031111111111113,1.3333333333333333,0.2222222222222222,0.4444444444444444,0.4444444444444444
2022-01-27,21.944000244140625,573353000,116.37999725341795,128.34500122070312,341.1000061035156,-3.636040480820724,3.318641168066735,28.89219982147217,22.18523244857788,1,4,4.0,0.521625,0.75,0.25,0.0,0.75
2022-01-28,22.84000015258789,543774000,117.61000061035156,130.84500122070312,351.79998779296875,4.0831202081603735,3.0748119419318245,28.74493984222412,22.21874619483948,1,7,4.0,0.2675,0.42857142857142855,0.14285714285714285,0.2857142857142857,0.7142857142857143
2022-01-29,22.84000015258789,0,117.61000061035156,130.84500122070312,351.79998779296875,0.0,3.0748119419318245,28.74493984222412,22.21874619483948,0,7,2.4285714285714284,0.05457142857142857,3.0,0.5714285714285714,0.14285714285714285,0.2857142857142857
2022-01-30,22.84000015258789,0,117.61000061035156,130.84500122070312,351.79998779296875,0.0,3.0748119419318245,28.74493984222412,22.21874619483948,0,3,2.3333333333333335,0.2132666666666667,1.3333333333333333,0.6666666666666666,0.3333333333333333,0.6666666666666666
2022-01-31,24.48600006103516,564680000,122.62999725341795,137.6999969482422,363.0499877929688,7.206654542253865,3.209703703126108,28.649439849853515,22.261613693237305,1,3,2.3333333333333335,-0.2664333333333333,0.0,0.6666666666666666,0.6666666666666666,0.3333333333333333
2022-02-01,24.63800048828125,518925000,123.0500030517578,138.2899932861328,365.5199890136719,0.6207646282251345,3.2003257156784053,28.50869987487793,22.30799494743347,1,4,3.5,-0.039325,0.0,0.25,0.25,0.25
2022-02-02,25.242000579833984,543419000,124.1500015258789,141.82000732421875,368.489990234375,2.451498009507791,3.241049123519224,28.35383987426757,22.358348698616027,1,9,3.5555555555555554,0.2371111111111111,1.1111111111111112,0.2222222222222222,0.2222222222222222,0.5555555555555556
2022-02-03,23.94799995422364,410178000,119.83999633789062,135.52999877929688,353.54998779296875,-5.126379034489592,3.207770208668488,28.193679885864256,22.40128619670868,1,27,2.962962962962963,0.23655185185185185,6.444444444444445,0.37037037037037035,0.18518518518518517,0.48148148148148145
2022-02-04,24.319000244140625,354829000,121.0199966430664,136.26499938964844,358.010009765625,1.5491911250465895,3.2166668026913987,28.04513988494873,22.44862994670868,1,15,3.7333333333333334,0.4281333333333333,6.133333333333334,0.13333333333333333,0.0,0.7333333333333333
2022-02-05,24.319000244140625,0,121.0199966430664,136.26499938964844,358.010009765625,0.0,3.2166668026913987,28.04513988494873,22.44862994670868,0,10,2.4,0.042260000000000006,0.1,0.6,0.2,0.3
2022-02-06,24.319000244140625,0,121.0199966430664,136.26499938964844,358.010009765625,0.0,3.2166668026913987,28.04513988494873,22.44862994670868,0,6,2.1666666666666665,0.18923333333333334,1.5,0.5,0.3333333333333333,0.5
2022-02-07,24.72800064086914,376868000,122.30999755859376,136.47999572753906,355.1300048828125,1.6818141889984206,3.233463226084548,27.886219902038576,22.495943698883057,1,5,3.6,0.44848,11.2,0.2,0.2,0.8
2022-02-08,25.107999801635746,410359000,123.70999908447266,139.27499389648438,359.1199951171875,1.536716074564315,3.122467185974964,27.7583198928833,22.54409369945526,1,6,3.3333333333333335,0.035083333333333334,0.5,0.3333333333333333,0.3333333333333333,0.3333333333333333
2022-02-09,26.70499992370605,524282000,125.5199966430664,144.125,366.7300109863281,6.360523079047775,3.361277689377149,27.62489990234375,22.60070994853973,1,3,3.3333333333333335,0.34643333333333337,0.6666666666666666,0.3333333333333333,0.0,0.6666666666666666
2022-02-10,25.823999404907227,513200000,124.70999908447266,139.80999755859375,358.42999267578125,-3.299009628593041,3.4017949224380315,27.48785991668701,22.65344619750977,1,8,4.0,0.0374875,1.0,0.125,0.125,0.25
2022-02-11,23.948999404907227,605472000,121.01000213623048,132.625,347.0599975585937,-7.260687899658569,3.6200748652828847,27.338139915466307,22.69656744480133,1,5,3.2,0.09418,1.2,0.2,0.2,0.4
2022-02-12,23.948999404907227,0,121.01000213623048,132.625,347.0599975585937,0.0,3.6200748652828847,27.338139915466307,22.69656744480133,0,3,3.3333333333333335,0.08766666666666667,0.0,0.3333333333333333,0.3333333333333333,0.3333333333333333
2022-02-13,23.948999404907227,0,121.01000213623048,132.625,347.0599975585937,0.0,3.6200748652828847,27.338139915466307,22.69656744480133,0,6,4.166666666666667,0.44353333333333333,5.5,0.0,0.16666666666666666,0.6666666666666666
2022-02-14,24.26700019836425,440424000,119.7699966430664,132.53500366210938,347.489990234375,1.327824967050062,3.637851927362597,27.18095993041992,22.742854948043824,1,7,3.857142857142857,0.42301428571428573,0.14285714285714285,0.2857142857142857,0.14285714285714285,0.8571428571428571
2022-02-15,26.4950008392334,699869000,124.5199966430664,139.7449951171875,356.1300048828125,9.18119513189488,4.019358009316297,27.09699993133545,22.8011462020874,1,14,3.857142857142857,0.34072857142857144,1.0,0.2857142857142857,0.14285714285714285,0.6428571428571429
2022-02-16,26.51099967956543,732676000,123.5999984741211,139.71499633789062,356.0400085449219,0.0603843737507547,3.993949075523672,27.0264799118042,22.861944952011108,1,11,4.090909090909091,0.5408636363636364,4.363636363636363,0.09090909090909091,0.09090909090909091,0.8181818181818182
2022-02-17,24.506999969482425,810595000,119.76000213623048,134.11500549316406,345.45001220703125,-7.559125398155708,4.091940768498036,26.868079948425294,22.912187452316285,1,3,1.0,-0.24346666666666664,0.3333333333333333,1.0,0.6666666666666666,0.0
2022-02-18,23.64200019836425,761255000,119.30999755859376,132.625,341.510009765625,-3.529602857123737,4.106872058338069,26.70439994812012,22.957782454490665,1,11,2.8181818181818183,0.2558909090909091,1.6363636363636365,0.45454545454545453,0.2727272727272727,0.5454545454545454
2022-02-19,23.64200019836425,0,119.30999755859376,132.625,341.510009765625,0.0,4.106872058338069,26.70439994812012,22.957782454490665,0,12,3.8333333333333335,0.22645,0.6666666666666666,0.08333333333333333,0.08333333333333333,0.5
2022-02-20,23.64200019836425,0,119.30999755859376,132.625,341.510009765625,0.0,4.106872058338069,26.70439994812012,22.957782454490665,0,9,4.333333333333333,0.3305,0.2222222222222222,0.0,0.1111111111111111,0.7777777777777778
2022-02-21,23.64200019836425,0,119.30999755859376,132.625,341.510009765625,0.0,4.106872058338069,26.70439994812012,22.957782454490665,0,7,4.714285714285714,0.4609857142857143,0.42857142857142855,0.0,0.14285714285714285,0.8571428571428571
2022-02-22,23.38999938964844,633422000,116.91000366210938,131.71499633789062,338.0799865722656,-1.0659030818097048,4.0744193300097145,26.56239994049072,23.00067120075225,1,7,3.857142857142857,0.5069,8.285714285714286,0.14285714285714285,0.0,0.8571428571428571
2022-02-23,22.386999130249023,566511000,115.9000015258789,128.9550018310547,329.4200134277344,-4.288158553109267,4.129658567604381,26.40617992401123,23.041277446746825,1,9,3.3333333333333335,0.37026666666666663,3.0,0.1111111111111111,0.1111111111111111,0.6666666666666666
2022-02-24,23.74799919128418,735801000,111.87999725341795,133.3800048828125,340.489990234375,6.0794216014248725,4.2906852884488575,26.317919921875,23.0884861946106,1,6,4.666666666666667,0.21430000000000002,2.8333333333333335,0.0,0.0,0.5
2022-02-25,24.15699958801269,528866000,111.2300033569336,135.24000549316406,345.7699890136719,1.7222520239878802,4.304462068175918,26.234319915771483,23.14047869205475,1,5,2.6,0.29348,4.0,0.4,0.4,0.6
2022-02-26,24.15699958801269,0,111.2300033569336,135.24000549316406,345.7699890136719,0.0,4.304462068175918,26.234319915771483,23.14047869205475,0,4,3.0,0.268125,0.25,0.25,0.25,0.75
2022-02-27,24.15699958801269,0,111.2300033569336,135.24000549316406,345.7699890136719,0.0,4.304462068175918,26.234319915771483,23.14047869205475,0,10,3.6,0.2153,0.3,0.3,0.2,0.5
2022-02-28,24.38500022888184,477319000,107.01000213623048,134.0749969482422,346.79998779296875,0.9438284752146142,4.218104081020191,26.11283992767334,23.194077444076537,1,2,5.0,0.44365,0.5,0.0,0.0,0.5
2022-03-01,23.47699928283692,412056000,108.0500030517578,129.84500122070312,341.489990234375,-3.7236044187913375,4.254898261462232,26.014639930725096,23.24024744033813,1,8,3.875,0.444225,11.625,0.25,0.0,0.875
2022-03-02,24.21999931335449,389642000,109.61000061035156,134.09500122070312,347.2200012207031,3.16479981775506,4.249658730143042,25.94301990509033,23.290519938468933,1,8,4.25,0.32445,0.5,0.125,0.125,0.625
2022-03-03,23.714000701904297,365095000,108.79000091552734,131.2050018310547,342.260009765625,-2.089176819964633,4.226129424512401,25.862919921875,23.339011192321777,1,3,3.6666666666666665,0.31536666666666663,0.3333333333333333,0.3333333333333333,0.0,0.6666666666666666
2022-03-04,22.93600082397461,431415000,105.05999755859376,127.6750030517578,337.29998779296875,-3.2807618069574107,4.215716844264531,25.740139923095704,23.3833624458313,1,2,5.0,0.5194,0.0,0.0,0.0,1.0
2022-03-05,22.93600082397461,0,105.05999755859376,127.6750030517578,337.29998779296875,0.0,4.215716844264531,25.740139923095704,23.3833624458313,0,6,3.8333333333333335,0.2866666666666667,0.16666666666666666,0.16666666666666666,0.16666666666666666,0.6666666666666666
2022-03-06,22.93600082397461,0,105.05999755859376,127.6750030517578,337.29998779296875,0.0,4.215716844264531,25.740139923095704,23.3833624458313,0,11,3.272727272727273,0.2777181818181818,1.4545454545454546,0.2727272727272727,0.18181818181818182,0.7272727272727273
2022-03-07,21.35199928283692,450821000,99.29000091552734,121.31999969482422,324.8599853515625,-6.906180171924159,4.361566248448829,25.57917991638184,23.41705994129181,1,6,3.6666666666666665,0.17808333333333334,2.6666666666666665,0.3333333333333333,0.16666666666666666,0.5
2022-03-08,21.513999938964844,557467000,100.0,123.1500015258789,323.3500061035156,0.7587142261574975,4.365032474551368,25.416659927368165,23.44967119216919,1,4,2.5,-0.02305,0.0,0.25,0.25,0.25
2022-03-09,23.013999938964844,492742000,104.9499969482422,128.5,334.989990234375,6.972204165917528,4.475577149314042,25.258039932250977,23.486681189537048,1,4,3.0,0.272825,2.0,0.5,0.0,0.75
2022-03-10,22.65800094604492,428066000,103.95999908447266,125.72000122070312,331.2699890136719,-1.5468801332409132,4.473082427794829,25.10475994110108,23.521732444763185,1,3,2.3333333333333335,-0.20253333333333332,0.0,0.6666666666666666,0.6666666666666666,0.0
2022-03-11,22.100000381469727,367209000,101.41000366210938,122.8949966430664,324.3999938964844,-2.4627087177900298,4.444511825836706,24.9467399597168,23.553732447624206,1,3,2.0,0.03983333333333331,5.333333333333333,0.6666666666666666,0.3333333333333333,0.6666666666666666
2022-03-12,22.100000381469727,0,101.41000366210938,122.8949966430664,324.3999938964844,0.0,4.444511825836706,24.9467399597168,23.553732447624206,0,4,4.75,0.036275,0.0,0.0,0.5,0.25
2022-03-13,22.100000381469727,0,101.41000366210938,122.8949966430664,324.3999938964844,0.0,4.444511825836706,24.9467399597168,23.553732447624206,0,6,3.8333333333333335,0.19315000000000002,0.16666666666666666,0.0,0.16666666666666666,0.5
2022-03-14,21.32999992370605,385354000,99.3000030517578,119.34500122070312,318.1700134277344,-3.484164907116005,4.426460257888703,24.781619949340826,23.582942447662354,1,2,3.0,0.71155,0.0,0.5,0.0,1.0
2022-03-15,22.972999572753903,491996000,102.08999633789062,124.34500122070312,328.1499938964844,7.702764439402698,4.45565860631925,24.652859954833986,23.616584949493408,1,3,5.0,0.45026666666666665,0.0,0.0,0.0,0.6666666666666666
2022-03-16,24.496000289916992,671422000,105.69000244140624,130.92999267578125,340.32000732421875,6.629524857386815,4.621915885603744,24.540359954833985,23.65774245262146,1,4,4.25,-0.083175,0.25,0.0,0.5,0.5
2022-03-17,24.766000747680664,471941000,106.48999786376952,131.75,344.44000244140625,1.102222626421212,4.604609242385613,24.44987995147705,23.69768120765686,1,11,2.4545454545454546,0.059209090909090926,1.7272727272727273,0.6363636363636364,0.18181818181818182,0.2727272727272727
2022-03-18,26.452999114990234,730719000,106.72000122070312,134.59500122070312,351.489990234375,6.811751257285881,4.658414118050526,24.4268599319458,23.745097455978392,1,2,3.0,0.401,0.5,0.5,0.0,0.5
2022-03-19,26.452999114990234,0,106.72000122070312,134.59500122070312,351.489990234375,0.0,4.658414118050526,24.4268599319458,23.745097455978392,0,5,2.6,0.25128,0.2,0.6,0.2,0.6
2022-03-20,26.452999114990234,0,106.72000122070312,134.59500122070312,351.489990234375,0.0,4.658414118050526,24.4268599319458,23.745097455978392,0,4,4.25,0.289625,0.75,0.0,0.0,0.75
2022-03-21,26.733999252319336,591727000,106.91999816894533,134.27999877929688,350.0799865722656,1.062261923903618,4.655250074975431,24.397979927062988,23.790876197814946,1,5,3.6,0.5552400000000001,2.4,0.0,0.0,0.8
2022-03-22,26.52400016784668,547007000,107.04000091552734,135.2050018310547,356.9599914550781,-0.7855131680473804,4.653985226972599,24.38351993560791,23.835401201248168,1,18,4.333333333333333,0.41909444444444444,0.2777777777777778,0.1111111111111111,0.05555555555555555,0.8333333333333334
2022-03-23,25.63400077819824,502120000,105.3499984741211,131.8249969482422,351.8299865722656,-3.355449344052286,4.696047451912926,24.34819995880127,23.87628620147705,1,7,4.142857142857143,0.19161428571428574,1.7142857142857142,0.14285714285714285,0.2857142857142857,0.5714285714285714
2022-03-24,28.14999961853028,877379000,107.91999816894533,138.24000549316406,359.6499938964844,9.815084512566186,4.891256776953345,24.35485996246338,23.93024495124817,1,11,3.727272727272727,0.39347272727272725,0.18181818181818182,0.18181818181818182,0.18181818181818182,0.6363636363636364
2022-03-25,27.691999435424805,579016000,106.7300033569336,137.6649932861328,359.3500061035156,-1.626998896312526,4.85836782701972,24.348719940185543,23.98157995223999,1,6,3.6666666666666665,0.3517333333333334,0.5,0.16666666666666666,0.0,0.6666666666666666
2022-03-26,27.691999435424805,0,106.7300033569336,137.6649932861328,359.3500061035156,0.0,4.85836782701972,24.348719940185543,23.98157995223999,0,5,3.4,0.44976000000000005,0.0,0.4,0.2,0.8
2022-03-27,27.691999435424805,0,106.7300033569336,137.6649932861328,359.3500061035156,0.0,4.85836782701972,24.348719940185543,23.98157995223999,0,10,3.5,0.24811999999999998,0.0,0.3,0.2,0.7
2022-03-28,28.2189998626709,425494000,106.33000183105467,138.6649932861328,364.9100036621094,1.9030782825018024,4.64712949705003,24.38159992218017,24.03354869842529,1,7,2.4285714285714284,0.36065714285714284,1.4285714285714286,0.42857142857142855,0.14285714285714285,0.7142857142857143
2022-03-29,28.6560001373291,488984000,109.25,141.8000030517578,371.1900024414063,1.5486029865866555,4.648412755544277,24.41587993621826,24.08673495292664,1,9,3.888888888888889,0.5245666666666666,0.3333333333333333,0.2222222222222222,0.1111111111111111,0.7777777777777778
2022-03-30,27.690000534057617,463487000,106.7300033569336,137.68499755859375,367.0899963378906,-3.3710203749375056,4.4138196231196645,24.45161994934082,24.13624245643616,1,2,2.0,0.09505,0.0,0.5,0.0,0.5
2022-03-31,27.285999298095703,523440000,104.26000213623048,134.89500427246094,362.5400085449219,-1.459014908522693,4.424656271603008,24.49599994659424,24.18362120628357,1,9,4.0,0.35204444444444444,0.4444444444444444,0.2222222222222222,0.0,0.4444444444444444
2022-04-01,26.71199989318848,517235000,102.79000091552734,132.7100067138672,361.8500061035156,-2.1036407669602464,4.201707918318772,24.5472399520874,24.223894958496093,1,11,3.909090909090909,0.38032727272727274,0.6363636363636364,0.09090909090909091,0.18181818181818182,0.8181818181818182
2022-04-02,26.71199989318848,0,102.79000091552734,132.7100067138672,361.8500061035156,0.0,4.201707918318772,24.5472399520874,24.223894958496093,0,10,3.6,0.26849,1.4,0.3,0.2,0.4
2022-04-03,26.71199989318848,0,102.79000091552734,132.7100067138672,361.8500061035156,0.0,4.201707918318772,24.5472399520874,24.223894958496093,0,9,3.888888888888889,-0.010622222222222219,0.2222222222222222,0.2222222222222222,0.3333333333333333,0.2222222222222222
2022-04-04,27.36000061035156,397120000,104.79000091552734,134.89999389648438,369.2999877929688,2.425878705279283,4.151437759636982,24.626959953308106,24.267501211166383,1,5,4.2,0.5687,0.0,0.2,0.0,0.8
2022-04-05,25.93099975585937,436615000,102.5,129.0800018310547,361.1000061035156,-5.222956223003628,4.275442604805766,24.67813995361328,24.30501996040344,1,9,3.2222222222222223,0.38148888888888893,45.111111111111114,0.3333333333333333,0.1111111111111111,0.6666666666666666
2022-04-06,24.40699958801269,703833000,101.18000030517578,126.41000366210938,353.260009765625,-5.8771361775294295,4.345197468144263,24.71979995727539,24.332621212005616,1,6,3.6666666666666665,-0.002683333333333334,0.0,0.3333333333333333,0.16666666666666666,0.16666666666666666
2022-04-07,24.20800018310547,557992000,100.5199966430664,126.43000030517578,354.1000061035156,-0.8153374370726163,4.213598869943925,24.74851997375488,24.35837496757508,1,5,5.0,0.41108,0.2,0.0,0.2,0.6
2022-04-08,23.11899948120117,524781000,99.29000091552734,123.4250030517578,349.1499938964844,-4.4985157537478,4.285923662663673,24.77201995849609,24.37794246673584,1,4,3.0,0.45355,0.25,0.5,0.0,0.75
2022-04-09,23.11899948120117,0,99.29000091552734,123.4250030517578,349.1499938964844,0.0,4.285923662663673,24.77201995849609,24.37794246673584,0,6,2.5,0.45644999999999997,0.8333333333333334,0.5,0.0,0.8333333333333334
2022-04-10,23.11899948120117,0,99.29000091552734,123.4250030517578,349.1499938964844,0.0,4.285923662663673,24.77201995849609,24.37794246673584,0,7,3.857142857142857,0.0849714285714286,0.2857142857142857,0.14285714285714285,0.2857142857142857,0.42857142857142855
2022-04-11,21.91699981689453,575207000,97.56999969482422,120.6500015258789,340.8900146484375,-5.199185480686685,4.3820312578204055,24.753559951782226,24.39237246513367,1,7,4.142857142857143,0.5838,0.14285714285714285,0.0,0.0,1.0
2022-04-12,21.503999710083008,662258000,97.44000244140624,120.0,339.45001220703125,-1.8843824896743635,4.344662597454716,24.693919944763184,24.399967460632325,1,9,3.0,0.13622222222222222,1.3333333333333333,0.3333333333333333,0.3333333333333333,0.5555555555555556
2022-04-13,22.202999114990234,516943000,101.5,122.8499984741211,346.3500061035156,3.2505553121797703,4.346981992711969,24.645219917297364,24.4108487033844,1,5,2.8,-0.09700000000000002,0.2,0.4,0.4,0.2
2022-04-14,21.257999420166016,569097000,98.36000061035156,119.11000061035156,338.42999267578125,-4.25618039225254,4.397179223839491,24.565539894104003,24.41712619781494,1,5,4.2,0.40472,0.2,0.2,0.0,0.6
2022-04-15,21.257999420166016,0,98.36000061035156,119.11000061035156,338.42999267578125,0.0,4.397179223839491,24.565539894104003,24.41712619781494,0,9,3.0,-0.055444444444444435,0.2222222222222222,0.4444444444444444,0.3333333333333333,0.2222222222222222
2022-04-16,21.257999420166016,0,98.36000061035156,119.11000061035156,338.42999267578125,0.0,4.397179223839491,24.565539894104003,24.41712619781494,0,2,3.0,0.50265,0.0,0.5,0.0,1.0
2022-04-17,21.257999420166016,0,98.36000061035156,119.11000061035156,338.42999267578125,0.0,4.397179223839491,24.565539894104003,24.41712619781494,0,3,2.6666666666666665,0.11940000000000002,0.0,0.3333333333333333,0.3333333333333333,0.3333333333333333
2022-04-18,21.78300094604492,525701000,98.7699966430664,121.1500015258789,338.69000244140625,2.4696657267798905,4.386812794837918,24.522239913940428,24.424981203079223,1,6,5.0,0.27199999999999996,0.0,0.0,0.16666666666666666,0.8333333333333334
2022-04-19,22.19799995422364,512781000,99.4499969482422,123.7300033569336,346.260009765625,1.9051507604789464,4.205241014571753,24.47981990814209,24.433536205291748,1,5,2.2,-0.17351999999999998,0.0,0.6,0.6,0.2
2022-04-20,21.48200035095215,468974000,99.01000213623048,123.50499725341795,341.2099914550781,-3.225514031660548,4.250106802744312,24.41489990234375,24.43745370864868,1,7,3.2857142857142856,0.031014285714285692,1.1428571428571428,0.42857142857142855,0.2857142857142857,0.42857142857142855
2022-04-21,20.183000564575195,656209000,97.66000366210938,120.12000274658205,334.1499938964844,-6.046921912089898,4.186375921085959,24.31639991760254,24.43650996208191,1,9,3.5555555555555554,0.2498111111111111,1.2222222222222223,0.3333333333333333,0.2222222222222222,0.4444444444444444
2022-04-22,19.51499938964844,624713000,95.68000030517578,117.36499786376952,325.3999938964844,-3.3097218264920403,4.215976342743702,24.172599906921388,24.43457120895386,1,5,4.2,0.74796,2.4,0.2,0.0,1.0
2022-04-23,19.51499938964844,0,95.68000030517578,117.36499786376952,325.3999938964844,0.0,4.215976342743702,24.172599906921388,24.43457120895386,0,7,4.714285714285714,0.3734285714285714,0.0,0.0,0.0,0.7142857142857143
2022-04-24,19.51499938964844,0,95.68000030517578,117.36499786376952,325.3999938964844,0.0,4.215976342743702,24.172599906921388,24.43457120895386,0,5,2.6,0.30808,45.6,0.6,0.4,0.6
2022-04-25,19.902000427246094,641566000,96.23999786376952,119.3949966430664,329.5799865722656,1.983095309769456,4.219539236300843,24.054159927368165,24.433829965591432,1,4,4.25,0.187025,0.0,0.0,0.25,0.5
2022-04-26,18.788000106811523,653143000,92.7699966430664,114.30500030517578,317.1400146484375,-5.5974288841311175,4.292170470430488,23.95093994140625,24.42520746231079,1,3,3.0,0.5590333333333334,51.333333333333336,0.0,0.0,1.0
2022-04-27,18.415000915527344,499460000,90.26000213623048,113.75499725341795,316.760009765625,-1.985305456480968,4.022626889903198,23.833899955749512,24.416032466888428,1,4,3.0,0.286625,0.0,0.25,0.0,0.5
2022-04-28,19.78199958801269,570327000,95.22000122070312,120.25,328.010009765625,7.423288647966952,4.074483598385347,23.6996399307251,24.415734968185426,1,4,2.25,-0.22147499999999998,0.0,0.5,0.5,0.25
2022-04-29,18.54700088500977,500435000,92.93000030517578,114.9250030517578,313.25,-6.243042810249078,4.185931746828732,23.540359954833985,24.41363872528076,1,5,4.8,0.55442,0.0,0.0,0.0,0.8
2022-04-30,18.54700088500977,0,92.93000030517578,114.9250030517578,313.25,0.0,4.185931746828732,23.540359954833985,24.41363872528076,0,5,4.6,0.26374,0.0,0.0,0.4,0.6
2022-05-01,18.54700088500977,0,92.93000030517578,114.9250030517578,313.25,0.0,4.185931746828732,23.540359954833985,24.41363872528076,0,10,3.5,0.28168,0.0,0.3,0.2,0.6
2022-05-02,19.53300094604492,572049000,93.76000213623048,118.2699966430664,318.4800109863281,5.316223723438052,4.099233675667319,23.440879974365235,24.420498733520507,1,4,5.0,0.6205499999999999,5.5,0.0,0.0,0.75
2022-05-03,19.60199928283692,475751000,93.62999725341795,119.23999786376952,318.82000732421875,0.3532398169773465,4.089411155811757,23.360079956054687,24.424609975814818,1,8,3.125,0.2121375,1.625,0.375,0.125,0.625
2022-05-04,20.333999633789062,648855000,95.98999786376952,123.33000183105467,329.6000061035156,3.734314752235868,4.177942044362236,23.2989599609375,24.43321997642517,1,8,3.375,-0.012687500000000003,1.0,0.375,0.375,0.125
2022-05-05,18.8439998626709,626331000,92.1500015258789,117.54000091552734,313.0,-7.327627608698428,4.322227260038647,23.228099975585938,24.430389976501463,1,3,4.333333333333333,0.5128666666666666,0.3333333333333333,0.0,0.3333333333333333,0.6666666666666666
2022-05-06,18.674999237060547,633297000,91.62999725341795,116.33499908447266,309.25,-0.8968405160368009,3.816803526118193,23.126639976501465,24.425794973373414,1,8,3.5,0.2492375,0.0,0.25,0.25,0.625
2022-05-07,18.674999237060547,0,91.62999725341795,116.33499908447266,309.25,0.0,3.816803526118193,23.126639976501465,24.425794973373414,0,6,3.8333333333333335,0.43601666666666666,0.5,0.16666666666666666,0.0,1.0
2022-05-08,18.674999237060547,0,91.62999725341795,116.33499908447266,309.25,0.0,3.816803526118193,23.126639976501465,24.425794973373414,0,8,3.75,0.294325,0.875,0.25,0.375,0.5
2022-05-09,16.950000762939453,644455000,87.30000305175781,110.44499969482422,297.1499938964844,-9.236939997822502,4.08367332237975,22.9825,24.412754974365235,1,7,3.0,0.32962857142857144,0.14285714285714285,0.42857142857142855,0.14285714285714285,0.5714285714285714
2022-05-10,17.594999313354492,761474000,88.81999969482422,113.3000030517578,300.760009765625,3.8053010111085417,4.153177502495269,22.84669998168945,24.40425996780396,1,2,3.0,-0.13775,0.0,0.0,0.5,0.0
2022-05-11,16.6299991607666,670167000,87.83000183105469,109.8249969482422,291.8399963378906,-5.484513726894336,4.174883707697401,22.709759979248048,24.39136996269226,1,5,3.4,0.25282,0.4,0.4,0.2,0.6
2022-05-12,16.174999237060547,708728000,87.69000244140625,110.34500122070312,291.1499938964844,-2.736018921633432,4.167788650612721,22.548859977722167,24.374729957580566,1,6,4.333333333333333,0.22711666666666666,0.0,0.16666666666666666,0.0,0.5
2022-05-13,17.70599937438965,670437000,90.95999908447266,116.12999725341795,301.94000244140625,9.465225406757584,4.639336726691049,22.428699951171875,24.36494995117188,1,6,3.1666666666666665,0.2711166666666667,0.0,0.3333333333333333,0.3333333333333333,0.5
2022-05-14,17.70599937438965,0,90.95999908447266,116.12999725341795,301.94000244140625,0.0,4.639336726691049,22.428699951171875,24.36494995117188,0,6,4.0,0.031883333333333326,0.16666666666666666,0.16666666666666666,0.5,0.5
2022-05-15,17.70599937438965,0,90.95999908447266,116.12999725341795,301.94000244140625,0.0,4.639336726691049,22.428699951171875,24.36494995117188,0,1,5.0,0.8625,1.0,0.0,0.0,1.0
2022-05-16,17.263999938964844,521446000,90.41000366210938,114.25499725341795,298.44000244140625,-2.4963258276407885,4.642156108027739,22.31525993347168,24.35377494812012,1,4,3.0,-0.0059999999999999915,0.0,0.5,0.5,0.5
2022-05-17,18.177000045776367,585830000,93.31999969482422,119.72000122070312,306.1700134277344,5.288462175853481,4.750396815496396,22.25175994873047,24.345909948349,1,4,4.0,0.539975,0.0,0.0,0.0,1.0
2022-05-18,16.937999725341797,545161000,90.52999877929688,114.0,291.1400146484375,-6.816308066866439,4.805001097791282,22.16023994445801,24.33152494430542,1,7,2.7142857142857144,0.10901428571428572,0.0,0.5714285714285714,0.0,0.2857142857142857
2022-05-19,17.124000549316406,621310000,90.20999908447266,114.02999877929688,289.5799865722656,1.098127447105357,4.744156356152989,22.04243995666504,24.31577494621277,1,17,2.7058823529411766,0.17251764705882355,1.0,0.47058823529411764,0.23529411764705882,0.5882352941176471
2022-05-20,16.694000244140625,739105000,90.77999877929688,114.08499908447266,288.67999267578125,-2.511097240025184,4.751170661883893,21.92315994262696,24.296059951782222,1,22,2.5454545454545454,0.06202727272727273,0.045454545454545456,0.5454545454545454,0.36363636363636365,0.4090909090909091
2022-05-21,16.694000244140625,0,90.77999877929688,114.08499908447266,288.67999267578125,0.0,4.751170661883893,21.92315994262696,24.296059951782222,0,12,3.75,0.48425,0.3333333333333333,0.25,0.08333333333333333,0.75
2022-05-22,16.694000244140625,0,90.77999877929688,114.08499908447266,288.67999267578125,0.0,4.751170661883893,21.92315994262696,24.296059951782222,0,13,2.5384615384615383,0.061392307692307704,0.23076923076923078,0.5384615384615384,0.15384615384615385,0.3076923076923077
2022-05-23,16.898000717163086,639889000,91.5,115.0,293.4800109863281,1.2219987422970258,4.725708930149367,21.81911994934082,24.278719959259032,1,8,3.75,0.1580125,0.375,0.25,0.375,0.375
2022-05-24,16.15399932861328,588550000,88.72000122070312,111.96499633789062,287.239990234375,-4.4028959461111405,4.703092901375141,21.715599937438967,24.25801495552063,1,8,3.0,0.2229875,0.0,0.5,0.125,0.625
2022-05-25,16.975000381469727,781132000,90.41000366210938,114.29499816894533,291.260009765625,5.082339278064851,4.82350953038034,21.595639953613283,24.243209953308103,1,7,3.5714285714285716,0.21512857142857142,0.42857142857142855,0.2857142857142857,0.14285714285714285,0.5714285714285714
2022-05-26,17.85099983215332,996575000,91.0,118.11499786376952,299.3299865722656,5.160526839456536,4.889233101919396,21.462739944458008,24.233969955444337,1,6,4.666666666666667,0.32444999999999996,0.0,0.0,0.3333333333333333,0.6666666666666666
2022-05-27,18.81100082397461,738379000,93.7699966430664,122.8000030517578,309.1000061035156,5.3778555870698685,4.957326017747599,21.343639945983888,24.22849995613098,1,14,3.7857142857142856,0.4053857142857143,4.928571428571429,0.07142857142857142,0.14285714285714285,0.7142857142857143
2022-05-28,18.81100082397461,0,93.7699966430664,122.8000030517578,309.1000061035156,0.0,4.957326017747599,21.343639945983888,24.22849995613098,0,11,3.727272727272727,0.38074545454545455,0.09090909090909091,0.2727272727272727,0.09090909090909091,0.6363636363636364
2022-05-29,18.81100082397461,0,93.7699966430664,122.8000030517578,309.1000061035156,0.0,4.957326017747599,21.343639945983888,24.22849995613098,0,9,3.6666666666666665,0.14445555555555556,0.1111111111111111,0.2222222222222222,0.3333333333333333,0.4444444444444444
2022-05-30,18.81100082397461,0,93.7699966430664,122.8000030517578,309.1000061035156,0.0,4.957326017747599,21.343639945983888,24.22849995613098,0,8,3.75,0.488,0.25,0.25,0.0,0.75
2022-05-31,18.67200088500977,664100000,95.3000030517578,122.29000091552734,308.2799987792969,-0.7389289930160858,4.930323419436895,21.18801998138428,24.22091996192932,1,10,3.0,0.3122,0.7,0.4,0.2,0.5
2022-06-01,18.31999969482422,544514000,94.75,120.27999877929688,306.0,-1.885181948915504,4.91790570252257,21.01973999023437,24.212769956588744,1,13,3.5384615384615383,0.3316307692307693,0.7692307692307693,0.23076923076923078,0.3076923076923077,0.6923076923076923
2022-06-02,19.59199905395508,648656000,96.33999633789062,124.52999877929688,314.3800048828125,6.943228058514794,5.073059481366552,20.881099967956544,24.213439950942995,1,5,2.8,0.31666,0.8,0.4,0.2,0.6
2022-06-03,18.71999931335449,598779000,93.7699966430664,120.86000061035156,306.20001220703125,-4.450795134274744,5.017495679800765,20.742819938659668,24.21183994293213,1,4,3.0,0.380375,0.5,0.25,0.0,1.0
2022-06-04,18.71999931335449,0,93.7699966430664,120.86000061035156,306.20001220703125,0.0,5.017495679800765,20.742819938659668,24.21183994293213,0,14,3.357142857142857,0.3068214285714285,0.35714285714285715,0.35714285714285715,0.14285714285714285,0.6428571428571429
2022-06-05,18.71999931335449,0,93.7699966430664,120.86000061035156,306.20001220703125,0.0,5.017495679800765,20.742819938659668,24.21183994293213,0,15,4.066666666666666,0.48790666666666666,0.5333333333333333,0.13333333333333333,0.06666666666666667,0.8666666666666667
2022-06-06,18.785999298095703,422406000,93.11000061035156,120.95999908447266,307.2200012207031,0.3525640339854474,4.981861651989007,20.555539932250976,24.20677993774414,1,15,3.2,0.20238000000000003,0.06666666666666667,0.4,0.26666666666666666,0.5333333333333333
2022-06-07,18.926000595092773,388914000,93.83999633789062,121.9250030517578,309.8699951171875,0.7452427458104927,4.969924281638659,20.380219955444336,24.1973299407959,1,5,3.2,-0.0018400000000000083,0.2,0.4,0.4,0.2
2022-06-08,18.64800071716309,363252000,93.47000122070312,119.38500213623048,307.6400146484375,-1.4688780999075337,4.867057470361937,20.18879997253418,24.180779943466188,1,12,3.4166666666666665,0.08831666666666667,0.3333333333333333,0.25,0.25,0.5833333333333334
2022-06-09,18.04800033569336,395574000,90.8499984741211,116.20999908447266,299.3999938964844,-3.217505139398147,4.890314998636368,19.976639976501463,24.16205494880676,1,9,3.4444444444444446,0.5480111111111111,0.1111111111111111,0.2222222222222222,0.0,0.7777777777777778
2022-06-10,16.974000930786133,465248000,88.68000030517578,111.91000366210938,288.8399963378906,-5.950794464377241,4.803669933586683,19.76231998443604,24.13585995674133,1,8,3.75,0.48175,1.0,0.25,0.0,0.875
2022-06-11,16.974000930786133,0,88.68000030517578,111.91000366210938,288.8399963378906,0.0,4.803669933586683,19.76231998443604,24.13585995674133,0,11,2.8181818181818183,0.25016363636363637,0.2727272727272727,0.2727272727272727,0.18181818181818182,0.6363636363636364
2022-06-12,16.974000930786133,0,88.68000030517578,111.91000366210938,288.8399963378906,0.0,4.803669933586683,19.76231998443604,24.13585995674133,0,7,3.7142857142857144,0.29085714285714287,0.7142857142857143,0.2857142857142857,0.2857142857142857,0.5714285714285714
2022-06-13,15.647000312805176,604153000,85.55000305175781,105.69000244140624,275.4100036621094,-7.817842260006868,4.877786267864524,19.529540004730222,24.103754954338072,1,6,3.0,0.33593333333333336,0.0,0.3333333333333333,0.0,0.5
2022-06-14,15.836000442504885,469680000,87.19000244140625,106.46499633789062,275.9100036621094,1.2079000825802488,4.766729303162236,19.312020015716552,24.06975495815277,1,5,3.4,0.15882,0.0,0.4,0.2,0.4
2022-06-15,16.527000427246094,563936000,89.12999725341797,108.41500091552734,282.79998779296875,4.36347540687434,4.849509519681074,19.09536001205444,24.038949961662293,1,6,2.8333333333333335,-0.12546666666666667,0.0,0.5,0.3333333333333333,0.16666666666666666
2022-06-16,15.60099983215332,545749000,84.5199966430664,101.98999786376952,271.3900146484375,-5.60295619988117,4.871081525991008,18.888760013580324,24.00502995967865,1,8,3.375,0.036924999999999986,0.0,0.25,0.5,0.375
2022-06-17,15.880000114440918,630334000,85.0,102.8249969482422,274.69000244140625,1.7883487294999112,4.729819043610812,18.718220024108888,23.97222496032715,1,7,3.142857142857143,0.4569428571428572,0.0,0.2857142857142857,0.14285714285714285,0.8571428571428571
2022-06-18,15.880000114440918,0,85.0,102.8249969482422,274.69000244140625,0.0,4.729819043610812,18.718220024108888,23.97222496032715,0,7,2.4285714285714284,-0.10161428571428573,0.0,0.5714285714285714,0.2857142857142857,0.2857142857142857
2022-06-19,15.880000114440918,0,85.0,102.8249969482422,274.69000244140625,0.0,4.729819043610812,18.718220024108888,23.97222496032715,0,4,4.5,0.42585,0.0,0.0,0.0,0.75
2022-06-20,15.880000114440918,0,85.0,102.8249969482422,274.69000244140625,0.0,4.729819043610812,18.718220024108888,23.97222496032715,0,10,4.0,0.41578,0.5,0.2,0.2,0.7
2022-06-21,16.56599998474121,483089000,86.94999694824219,105.73999786376952,281.0799865722656,4.319898396451904,4.808464200368249,18.565380020141603,23.943074960708618,1,18,3.388888888888889,0.31860555555555553,0.2777777777777778,0.2777777777777778,0.05555555555555555,0.5555555555555556
2022-06-22,16.360000610351562,437135000,84.91000366210938,104.25,280.6700134277344,-1.2435070299371742,4.507445786119993,18.43020004272461,23.91065996170044,1,5,2.6,0.23651999999999998,6.8,0.6,0.4,0.6
2022-06-23,16.225000381469727,463680000,84.12000274658203,103.70999908447266,284.8500061035156,-0.8251847423307312,4.450860808655663,18.316360054016112,23.87847496032715,1,13,3.923076923076923,0.39624615384615386,4.6923076923076925,0.15384615384615385,0.07692307692307693,0.6153846153846154
2022-06-24,17.125999450683594,472153000,85.91999816894531,108.08000183105467,294.6099853515625,5.553152838399211,4.452981879480457,18.228800048828123,23.85240995407105,1,5,4.0,0.21914000000000003,0.0,0.2,0.2,0.4
2022-06-25,17.125999450683594,0,85.91999816894531,108.08000183105467,294.6099853515625,0.0,4.452981879480457,18.228800048828123,23.85240995407105,0,8,2.5,0.181125,0.125,0.5,0.25,0.5
2022-06-26,17.125999450683594,0,85.91999816894531,108.08000183105467,294.6099853515625,0.0,4.452981879480457,18.228800048828123,23.85240995407105,0,9,2.6666666666666665,0.17234444444444444,0.2222222222222222,0.5555555555555556,0.3333333333333333,0.6666666666666666
2022-06-27,16.868999481201172,427968000,85.86000061035156,107.72000122070312,292.45001220703125,-1.5006421681986182,4.4306130099274,18.122120056152344,23.82586995124817,1,2,5.0,0.49135,0.0,0.0,0.0,1.0
2022-06-28,15.982000350952148,461149000,84.33999633789062,105.00499725341795,283.5400085449219,-5.2581608721815165,4.181326024137446,18.016600074768068,23.793389949798584,1,5,3.0,0.1666,0.6,0.4,0.4,0.6
2022-06-29,15.541999816894531,482352000,83.6500015258789,103.15499877929688,283.79998779296875,-2.753100515552198,4.186329637564734,17.89178005218506,23.760339946746825,1,5,1.0,-0.11626,8.2,1.0,0.4,0.2
2022-06-30,15.159000396728516,686070000,81.75,101.86499786376952,280.2799987792969,-2.464286608404709,4.069366480508139,17.751000061035157,23.724924945831297,1,3,4.666666666666667,0.7797666666666667,0.0,0.0,0.0,1.0
2022-07-01,14.52299976348877,577610000,77.0,97.99500274658205,282.1300048828125,-4.195531476976555,3.9561648546729486,17.61182004928589,23.685834946632387,1,27,3.5925925925925926,0.5198851851851851,0.9629629629629629,0.25925925925925924,0.1111111111111111,0.7407407407407407
2022-07-02,14.52299976348877,0,77.0,97.99500274658205,282.1300048828125,0.0,3.9561648546729486,17.61182004928589,23.685834946632387,0,13,3.6923076923076925,0.4293923076923077,21.615384615384617,0.15384615384615385,0.07692307692307693,0.6923076923076923
2022-07-03,14.52299976348877,0,77.0,97.99500274658205,282.1300048828125,0.0,3.9561648546729486,17.61182004928589,23.685834946632387,0,5,3.2,-0.08942,0.0,0.4,0.6,0.2
2022-07-04,14.52299976348877,0,77.0,97.99500274658205,282.1300048828125,0.0,3.9561648546729486,17.61182004928589,23.685834946632387,0,8,4.25,0.3248375,0.125,0.125,0.125,0.75
2022-07-05,14.96399974822998,651397000,76.11000061035156,98.51000213623048,286.9599914550781,3.036562638043261,3.9976929176366114,17.507440032958986,23.649444942474364,1,7,2.5714285714285716,-0.025814285714285703,0.0,0.42857142857142855,0.42857142857142855,0.2857142857142857
2022-07-06,15.130000114440918,529066000,75.55999755859375,99.18000030517578,288.79998779296875,1.109331522346313,3.985492537718008,17.419740047454834,23.61559494495392,1,9,2.888888888888889,0.19160000000000002,0.1111111111111111,0.3333333333333333,0.2222222222222222,0.5555555555555556
2022-07-07,15.857999801635742,492903000,80.6500015258789,103.76000213623048,294.9800109863281,4.811630414331458,4.083893822032458,17.338860034942627,23.589319939613343,1,12,3.4166666666666665,0.2583666666666667,0.16666666666666666,0.3333333333333333,0.25,0.5833333333333334
2022-07-08,15.838000297546388,467972000,81.51000213623047,104.31999969482422,295.3500061035156,-0.1261161832483592,4.003477090307028,17.279860038757324,23.56227993965149,1,7,3.2857142857142856,-0.06094285714285715,1.1428571428571428,0.2857142857142857,0.2857142857142857,0.2857142857142857
2022-07-09,15.838000297546388,0,81.51000213623047,104.31999969482422,295.3500061035156,0.0,4.003477090307028,17.279860038757324,23.56227993965149,0,9,3.4444444444444446,0.4254,1.0,0.3333333333333333,0.1111111111111111,0.6666666666666666
2022-07-10,15.838000297546388,0,81.51000213623047,104.31999969482422,295.3500061035156,0.0,4.003477090307028,17.279860038757324,23.56227993965149,0,8,2.0,0.0947875,0.0,0.5,0.25,0.375
2022-07-11,15.152000427246094,437321000,79.11000061035156,101.81999969482422,289.0400085449219,-4.331354068774496,3.96103819104314,17.2146000289917,23.528334941864014,1,7,3.7142857142857144,0.16278571428571428,0.14285714285714285,0.14285714285714285,0.2857142857142857,0.42857142857142855
2022-07-12,15.08199977874756,458483000,79.0999984741211,101.77999877929688,286.239990234375,-0.4619894833995719,3.824319325311641,17.120600032806397,23.49133493900299,1,4,3.0,0.1829,0.0,0.5,0.25,0.75
2022-07-13,15.163999557495115,521918000,81.29000091552734,102.58499908447266,285.6499938964844,0.543693011208668,3.667190263968024,17.052940006256105,23.45674993991852,1,3,2.6666666666666665,0.6216666666666667,0.0,0.3333333333333333,0.0,1.0
2022-07-14,15.371999740600586,456235000,83.66999816894531,104.75,286.6700134277344,1.3716709916590686,3.685636146843112,16.969719982147218,23.425309939384466,1,7,2.857142857142857,0.1939142857142857,1.4285714285714286,0.42857142857142855,0.2857142857142857,0.5714285714285714
2022-07-15,15.76200008392334,385935000,85.62999725341797,107.3949966430664,291.8699951171875,2.5370826821749404,3.719920398820044,16.892919998168946,23.40062494277954,1,4,5.0,0.18964999999999999,0.0,0.0,0.0,0.5
2022-07-16,15.76200008392334,0,85.62999725341797,107.3949966430664,291.8699951171875,0.0,3.719920398820044,16.892919998168946,23.40062494277954,0,8,3.125,0.27518750000000003,0.125,0.375,0.0,0.375
2022-07-17,15.76200008392334,0,85.62999725341797,107.3949966430664,291.8699951171875,0.0,3.719920398820044,16.892919998168946,23.40062494277954,0,9,3.5555555555555554,-0.013699999999999997,0.1111111111111111,0.3333333333333333,0.2222222222222222,0.1111111111111111
2022-07-18,16.10099983215332,670517000,83.58000183105469,106.5999984741211,289.3999938964844,2.150740682813135,3.4879074076070378,16.80826000213623,23.378544940948487,1,5,1.8,-0.041300000000000024,1.0,0.8,0.6,0.4
2022-07-19,16.992000579833984,702366000,86.1500015258789,111.47000122070312,298.29998779296875,5.533822476672268,3.5821555267865763,16.771220016479493,23.3599249458313,1,8,3.375,0.3700625,0.0,0.375,0.125,0.5
2022-07-20,17.80699920654297,760538000,86.55999755859375,114.09500122070312,303.0299987792969,4.796366518938444,3.698343137929124,16.75386001586914,23.345249938964844,1,7,3.5714285714285716,0.24532857142857142,0.14285714285714285,0.2857142857142857,0.2857142857142857,0.7142857142857143
2022-07-21,18.049999237060547,557049000,87.79000091552734,116.01000213623048,307.3800048828125,1.3646321185227572,3.7050145380594417,16.775859985351563,23.336839933395385,1,11,2.3636363636363638,0.1964181818181818,0.09090909090909091,0.5454545454545454,0.09090909090909091,0.45454545454545453
2022-07-22,17.319000244140625,536671000,86.31999969482422,113.38500213623048,301.989990234375,-4.049856087633641,3.7675514472396334,16.770340003967284,23.32117993354797,1,16,3.625,0.1568,0.25,0.1875,0.25,0.5
2022-07-23,17.319000244140625,0,86.31999969482422,113.38500213623048,301.989990234375,0.0,3.7675514472396334,16.770340003967284,23.32117993354797,0,6,3.1666666666666665,0.4918,52.833333333333336,0.3333333333333333,0.16666666666666666,0.6666666666666666
2022-07-24,17.319000244140625,0,86.31999969482422,113.38500213623048,301.989990234375,0.0,3.7675514472396334,16.770340003967284,23.32117993354797,0,7,2.857142857142857,0.3746,0.0,0.42857142857142855,0.14285714285714285,0.5714285714285714
2022-07-25,17.02400016784668,480748000,86.30000305175781,112.68499755859376,300.2699890136719,-1.703332017642012,3.7354200225759606,16.778220024108887,23.302799930572508,1,5,2.8,0.11992,0.0,0.4,0.4,0.4
2022-07-26,16.533000946044922,397865000,84.41999816894531,110.98500061035156,294.3699951171875,-2.8841589342151863,3.610409263228567,16.785380058288574,23.280089931488035,1,8,3.5,0.307325,4.375,0.125,0.0,0.625
2022-07-27,17.790000915527344,569776000,87.62999725341797,116.18000030517578,306.8099975585937,7.602975246808574,3.559962382431071,16.78706008911133,23.264884939193724,1,4,2.25,-0.261575,0.25,0.5,0.75,0.0
2022-07-28,17.983999252319336,474646000,88.61000061035156,117.5999984741211,309.8099975585937,1.0904908758192722,3.5592100655287155,16.80146007537842,23.2513299369812,1,4,2.0,0.274125,0.0,0.75,0.0,0.5
2022-07-29,18.163000106811523,435460000,88.4800033569336,118.58000183105467,315.4599914550781,0.9953339742777344,3.485023905673232,16.80118007659912,23.23878993988037,1,7,3.4285714285714284,0.3746,0.0,0.2857142857142857,0.14285714285714285,0.5714285714285714
2022-07-30,18.163000106811523,0,88.4800033569336,118.58000183105467,315.4599914550781,0.0,3.485023905673232,16.80118007659912,23.23878993988037,0,9,1.7777777777777777,-0.12382222222222225,4.777777777777778,0.6666666666666666,0.4444444444444444,0.2222222222222222
2022-07-31,18.163000106811523,0,88.4800033569336,118.58000183105467,315.4599914550781,0.0,3.485023905673232,16.80118007659912,23.23878993988037,0,5,3.6,0.39586,0.2,0.2,0.0,0.6
2022-08-01,18.44099998474121,476469000,86.30999755859375,118.81999969482422,315.2699890136719,1.5305834735167556,3.301727131557638,16.831240081787108,23.22629994392395,1,7,1.8571428571428572,0.22612857142857143,0.0,0.7142857142857143,0.14285714285714285,0.7142857142857143
2022-08-02,18.525999069213867,489527000,86.05000305175781,118.5749969482422,314.3299865722656,0.4609244864323347,3.294295497552206,16.85928005218506,23.21019993782044,1,7,2.4285714285714284,-0.026771428571428574,3.0,0.2857142857142857,0.5714285714285714,0.14285714285714285
2022-08-03,18.89299964904785,418146000,86.51000213623047,121.41000366210938,322.8900146484375,1.9810029054997624,3.2294558779963314,16.903260040283204,23.19535493850708,1,6,2.6666666666666665,0.08895000000000002,0.3333333333333333,0.5,0.3333333333333333,0.16666666666666666
2022-08-04,19.21500015258789,409652000,88.41999816894531,122.6449966430664,324.3999938964844,1.7043376357457785,3.2197527879234524,16.9496000289917,23.180319938659668,1,4,4.25,0.608975,1.0,0.0,0.0,1.0
2022-08-05,18.98900032043457,386068000,89.7699966430664,121.80999755859376,321.75,-1.176163571993949,3.2256945512429254,17.006300048828123,23.163814935684204,1,5,4.2,0.70714,0.2,0.2,0.0,1.0
2022-08-06,18.98900032043457,0,89.7699966430664,121.80999755859376,321.75,0.0,3.2256945512429254,17.006300048828123,23.163814935684204,0,7,4.0,0.3224857142857142,0.2857142857142857,0.14285714285714285,0.14285714285714285,0.5714285714285714
2022-08-07,18.98900032043457,0,89.7699966430664,121.80999755859376,321.75,0.0,3.2256945512429254,17.006300048828123,23.163814935684204,0,8,3.25,0.5111625,8.125,0.25,0.0,0.875
2022-08-08,17.792999267578125,981859000,87.94000244140625,119.70500183105467,320.7099914550781,-6.29838871280336,3.319446740395783,17.022660026550295,23.14226492881775,1,6,3.8333333333333335,0.6526,1.6666666666666667,0.16666666666666666,0.0,0.8333333333333334
2022-08-09,17.086000442504883,668263000,85.20999908447266,114.69499969482422,317.0799865722656,-3.973466274241433,3.3925321262295016,17.007360038757323,23.11423493385315,1,6,3.3333333333333335,0.05508333333333334,0.16666666666666666,0.3333333333333333,0.5,0.3333333333333333
2022-08-10,18.097000122070312,597422000,88.66999816894531,119.33999633789062,325.92999267578125,5.917123103019262,3.397645516313348,16.993080024719237,23.091089935302733,1,3,3.3333333333333335,-0.1351,1.3333333333333333,0.0,0.6666666666666666,0.3333333333333333
2022-08-11,17.941999435424805,509327000,89.5199966430664,119.31500244140624,324.0799865722656,-0.8564993402220056,3.3529430059575263,16.97847999572754,23.064969930648804,1,3,3.6666666666666665,0.6093333333333333,0.3333333333333333,0.3333333333333333,0.0,1.0
2022-08-12,18.708999633789062,478094000,90.86000061035156,122.68499755859376,330.3900146484375,4.2748869830521175,3.370851131124216,16.986259994506835,23.03492993354797,1,8,3.625,0.2337875,0.25,0.125,0.25,0.625
2022-08-13,18.708999633789062,0,90.86000061035156,122.68499755859376,330.3900146484375,0.0,3.370851131124216,16.986259994506835,23.03492993354797,0,6,4.0,0.2372,1.3333333333333333,0.16666666666666666,0.3333333333333333,0.6666666666666666
2022-08-14,18.708999633789062,0,90.86000061035156,122.68499755859376,330.3900146484375,0.0,3.370851131124216,16.986259994506835,23.03492993354797,0,4,1.0,-0.042375,0.0,1.0,0.25,0.0
2022-08-15,19.03199958801269,457666000,91.56999969482422,123.23999786376952,333.0599975585937,1.7264416085629897,3.241654785583145,16.975060005187988,23.00783493041992,1,8,3.375,0.1464875,2.5,0.375,0.375,0.5
2022-08-16,18.878999710083008,451240000,89.94999694824219,121.8499984741211,332.2799987792969,-0.8039085815557456,3.232474819864373,16.97824001312256,22.97752492904663,1,7,2.142857142857143,-0.011942857142857144,0.14285714285714285,0.7142857142857143,0.42857142857142855,0.2857142857142857
2022-08-17,18.334999084472656,446799000,89.19999694824219,119.23500061035156,328.489990234375,-2.8815119125183752,3.301868707254944,16.969220008850098,22.941364927291872,1,7,3.857142857142857,0.18955714285714284,1.7142857142857142,0.2857142857142857,0.2857142857142857,0.5714285714285714
2022-08-18,18.77300071716309,415447000,89.2699966430664,120.9000015258789,329.2799987792969,2.388882762810507,3.2264757238245614,16.966160011291503,22.90609493255615,1,3,5.0,0.3728666666666667,0.0,0.0,0.0,0.6666666666666666
2022-08-19,17.849000930786133,441588000,87.19999694824219,117.49500274658205,322.8599853515625,-4.92196106684315,3.379593946171584,16.950180015563966,22.86333494186401,1,8,2.25,0.13465000000000002,1.25,0.625,0.375,0.5
2022-08-20,17.849000930786133,0,87.19999694824219,117.49500274658205,322.8599853515625,0.0,3.379593946171584,16.950180015563966,22.86333494186401,0,8,2.875,0.2686375,0.0,0.5,0.25,0.5
2022-08-21,17.849000930786133,0,87.19999694824219,117.49500274658205,322.8599853515625,0.0,3.379593946171584,16.950180015563966,22.86333494186401,0,6,4.0,0.5698500000000001,0.16666666666666666,0.16666666666666666,0.0,1.0
2022-08-22,17.034000396728516,409593000,85.23999786376953,113.4000015258789,314.3599853515625,-4.566084887428612,3.3913070186946226,16.929900016784668,22.815514945983885,1,5,3.8,0.29796,5.0,0.2,0.0,0.6
2022-08-23,17.180999755859375,369986000,86.02999877929688,114.13500213623048,314.1000061035156,0.8629761401149905,3.3876939283580927,16.934039993286135,22.75241494178772,1,5,4.8,0.22156000000000003,0.0,0.0,0.2,0.6
2022-08-24,17.222000122070312,522661000,85.55999755859375,114.05999755859376,315.010009765625,0.2386378371081354,3.3879869491638086,16.965539989471434,22.689764938354493,1,2,3.5,0.43205,0.0,0.0,0.0,0.5
2022-08-25,17.913000106811523,770691000,87.56999969482422,117.88999938964844,320.5799865722656,4.012309719215956,3.445749620529878,17.007079982757567,22.625309934616087,1,3,3.0,0.040100000000000025,0.0,0.3333333333333333,0.3333333333333333,0.3333333333333333
2022-08-26,16.260000228881836,769127000,84.73999786376953,111.33499908447266,307.44000244140625,-9.227934282773354,3.8587243908490194,17.001739978790283,22.553324937820435,1,6,3.0,0.5143166666666666,0.6666666666666666,0.3333333333333333,0.16666666666666666,0.6666666666666666
2022-08-27,16.260000228881836,0,84.73999786376953,111.33499908447266,307.44000244140625,0.0,3.8587243908490194,17.001739978790283,22.553324937820435,0,11,3.1818181818181817,0.2514818181818182,0.09090909090909091,0.36363636363636365,0.09090909090909091,0.45454545454545453
2022-08-28,16.260000228881836,0,84.73999786376953,111.33499908447266,307.44000244140625,0.0,3.8587243908490194,17.001739978790283,22.553324937820435,0,23,1.7826086956521738,-0.00893478260869565,0.043478260869565216,0.6086956521739131,0.13043478260869565,0.21739130434782608
2022-08-29,15.800999641418455,496132000,82.8499984741211,109.2699966430664,304.4100036621094,-2.8228818019822577,3.8777661652204927,17.005739974975587,22.485034937858583,1,12,3.6666666666666665,0.33155833333333334,0.08333333333333333,0.25,0.25,0.6666666666666666
2022-08-30,15.468000411987305,530181000,82.79000091552734,108.0199966430664,301.0199890136719,-2.107456724182666,3.7513569166740166,16.997499980926513,22.41042494297028,1,14,2.857142857142857,0.07286428571428573,0.7857142857142857,0.42857142857142855,0.35714285714285715,0.35714285714285715
2022-08-31,15.093999862670898,573710000,83.3499984741211,107.28500366210938,299.2699890136719,-2.4178984959592142,3.646872197682476,16.96805997848511,22.33394494533539,1,11,2.8181818181818183,0.07475454545454546,1.4545454545454546,0.45454545454545453,0.36363636363636365,0.36363636363636365
2022-09-01,13.937000274658203,1178865000,81.63999938964844,104.94000244140624,299.3999938964844,-7.665294809456579,3.8556460090108735,16.91959997177124,22.253504948616023,1,15,2.4,0.15430666666666668,0.13333333333333333,0.6,0.13333333333333333,0.4666666666666667
2022-09-02,13.647000312805176,743157000,80.9000015258789,103.91000366210938,295.1700134277344,-2.080791821324257,3.814705393951333,16.86803997039795,22.170724954605102,1,11,2.3636363636363638,0.13565454545454544,0.2727272727272727,0.6363636363636364,0.36363636363636365,0.6363636363636364
2022-09-03,13.647000312805176,0,80.9000015258789,103.91000366210938,295.1700134277344,0.0,3.814705393951333,16.86803997039795,22.170724954605102,0,13,2.769230769230769,0.1922076923076923,0.15384615384615385,0.38461538461538464,0.07692307692307693,0.6153846153846154
2022-09-04,13.647000312805176,0,80.9000015258789,103.91000366210938,295.1700134277344,0.0,3.814705393951333,16.86803997039795,22.170724954605102,0,8,3.125,0.289425,0.5,0.375,0.0,0.375
2022-09-05,13.647000312805176,0,80.9000015258789,103.91000366210938,295.1700134277344,0.0,3.814705393951333,16.86803997039795,22.170724954605102,0,5,2.0,0.19090000000000001,4.2,0.6,0.4,0.6
2022-09-06,13.46500015258789,535751000,80.02999877929688,102.75,293.04998779296875,-1.3336275814877174,3.812015492392949,16.794819984436035,22.091744956970214,1,9,3.0,0.2705888888888889,0.7777777777777778,0.3333333333333333,0.3333333333333333,0.6666666666666666
2022-09-07,13.71399974822998,512657000,79.94999694824219,104.38999938964844,298.9700012207031,1.8492357431888704,3.816780339122501,16.73171998977661,22.001939959526062,1,5,3.2,0.39704,0.0,0.4,0.2,0.8
2022-09-08,13.989999771118164,624873000,80.23999786376953,105.80500030517578,300.5199890136719,2.0125421318007986,3.5307577169122912,16.69187997817993,21.906964955329894,1,7,4.142857142857143,0.2935857142857143,2.7142857142857144,0.0,0.2857142857142857,0.7142857142857143
2022-09-09,14.38700008392334,486612000,81.52999877929688,108.43000030517578,307.0899963378906,2.837743526091896,3.576050667804581,16.66877998352051,21.819119958877565,1,4,1.5,0.14395000000000002,0.25,0.5,0.25,0.75
2022-09-10,14.38700008392334,0,81.52999877929688,108.43000030517578,307.0899963378906,0.0,3.576050667804581,16.66877998352051,21.819119958877565,0,6,2.8333333333333335,0.12424999999999999,4.333333333333333,0.3333333333333333,0.3333333333333333,0.5
2022-09-11,14.38700008392334,0,81.52999877929688,108.43000030517578,307.0899963378906,0.0,3.576050667804581,16.66877998352051,21.819119958877565,0,2,2.0,0.0,0.0,0.5,0.0,0.0
2022-09-12,14.505000114440918,484159000,82.1500015258789,108.6999969482422,310.739990234375,0.8201850964707713,3.573366479004349,16.655699977874757,21.732914958000183,1,6,4.0,0.5279333333333333,0.0,0.16666666666666666,0.16666666666666666,0.8333333333333334
2022-09-13,13.130999565124512,714956000,78.80999755859375,102.2300033569336,293.70001220703125,-9.472599369016732,3.888984512158301,16.62785997390747,21.63519995689392,1,4,3.5,0.760275,2.75,0.25,0.0,1.0
2022-09-14,13.128000259399414,588507000,79.66000366210938,103.33999633789062,296.0299987792969,-0.0228414121120179,3.883499825840805,16.59113998413086,21.54332495689392,1,4,4.0,0.515725,0.0,0.0,0.0,1.0
2022-09-15,12.928999900817873,523625000,77.9800033569336,101.5,291.1000061035156,-1.5158466990359942,3.8411148242052326,16.547119979858397,21.44108995914459,1,6,2.6666666666666665,0.17525,0.0,0.5,0.16666666666666666,0.3333333333333333
2022-09-16,13.197999954223633,670751000,77.88999938964844,101.95500183105467,289.32000732421875,2.0805944424885148,3.851468989703327,16.493919982910157,21.34369996547699,1,5,2.6,0.14577999999999997,0.0,0.6,0.2,0.4
2022-09-17,13.197999954223633,0,77.88999938964844,101.95500183105467,289.32000732421875,0.0,3.851468989703327,16.493919982910157,21.34369996547699,0,8,4.375,0.1651,0.25,0.125,0.125,0.5
2022-09-18,13.197999954223633,0,77.88999938964844,101.95500183105467,289.32000732421875,0.0,3.851468989703327,16.493919982910157,21.34369996547699,0,9,3.0,0.025955555555555548,0.1111111111111111,0.3333333333333333,0.3333333333333333,0.4444444444444444
2022-09-19,13.381999969482422,569685000,78.2300033569336,102.625,291.04998779296875,1.3941507493330896,3.8798295622341072,16.444799976348875,21.25343496799469,1,10,3.4,0.2723,2.6,0.3,0.2,0.6
2022-09-20,13.175999641418455,524818000,78.1500015258789,101.20500183105467,288.7300109863281,-1.5393837134490165,3.754594392340763,16.405279960632324,21.158684968948364,1,9,3.6666666666666665,0.6911999999999999,3.888888888888889,0.2222222222222222,0.1111111111111111,0.8888888888888888
2022-09-21,13.26099967956543,807679000,77.13999938964844,100.36000061035156,283.5599975585937,0.6451126325153878,3.7198771340364014,16.36885995864868,21.071524963378906,1,2,3.0,-0.03510000000000002,0.5,0.5,0.5,0.5
2022-09-22,12.560999870300291,759162000,75.62999725341797,97.58000183105467,280.07000732421875,-5.278635292811318,3.584750265621052,16.316799964904785,20.984144959449768,1,4,4.75,0.542525,0.75,0.0,0.0,0.75
2022-09-23,12.515999794006348,663309000,73.87000274658203,96.18499755859376,275.510009765625,-0.3582523426367112,3.587289710551475,16.2596799659729,20.88458996772766,1,7,3.2857142857142856,0.24381428571428573,0.14285714285714285,0.42857142857142855,0.42857142857142855,0.5714285714285714
2022-09-24,12.515999794006348,0,73.87000274658203,96.18499755859376,275.510009765625,0.0,3.587289710551475,16.2596799659729,20.88458996772766,0,5,1.8,-0.02205999999999999,0.0,0.8,0.4,0.4
2022-09-25,12.515999794006348,0,73.87000274658203,96.18499755859376,275.510009765625,0.0,3.587289710551475,16.2596799659729,20.88458996772766,0,7,1.5714285714285714,0.0017857142857142794,1.5714285714285714,0.8571428571428571,0.42857142857142855,0.14285714285714285
2022-09-26,12.227999687194824,547343000,73.01000213623047,95.06500244140624,274.3699951171875,-2.30105554131953,3.4437332105802567,16.18899995803833,20.78659996509552,1,5,2.2,0.32145999999999997,0.6,0.2,0.0,0.6
2022-09-27,12.413000106811523,553854000,73.02999877929688,95.78500366210938,274.4800109863281,1.5129246348479342,3.437374213143353,16.115239963531494,20.696214966773987,1,6,2.8333333333333335,-0.12031666666666667,0.0,0.5,0.5,0.3333333333333333
2022-09-28,12.736000061035156,542414000,72.12999725341797,97.00499725341795,279.94000244140625,2.602110299236915,3.511664805414896,16.030119953155516,20.60890496730805,1,5,3.2,0.10229999999999999,32.4,0.2,0.4,0.4
2022-09-29,12.220000267028809,532763000,69.27999877929688,93.9499969482422,271.8699951171875,-4.051505900859809,3.53690814308638,15.918379974365234,20.52919997215271,1,7,3.7142857142857144,0.33381428571428573,2.142857142857143,0.0,0.42857142857142855,0.5714285714285714
2022-09-30,12.138999938964844,565638000,68.55999755859375,92.55999755859376,267.260009765625,-0.6628504606707275,3.47099395996294,15.80015998840332,20.44820997238159,1,11,3.4545454545454546,0.2698181818181818,1.0,0.36363636363636365,0.09090909090909091,0.6363636363636364
2022-10-01,12.138999938964844,0,68.55999755859375,92.55999755859376,267.260009765625,0.0,3.47099395996294,15.80015998840332,20.44820997238159,0,9,2.7777777777777777,0.19663333333333333,0.0,0.3333333333333333,0.1111111111111111,0.4444444444444444
2022-10-02,12.138999938964844,0,68.55999755859375,92.55999755859376,267.260009765625,0.0,3.47099395996294,15.80015998840332,20.44820997238159,0,9,3.6666666666666665,0.3966,0.2222222222222222,0.1111111111111111,0.1111111111111111,0.6666666666666666
2022-10-03,12.51200008392334,547478000,69.25,95.87999725341795,273.5299987792969,3.0727419625500296,3.4966923345389773,15.704019985198975,20.358474974632266,1,10,2.6,0.30976,1.3,0.3,0.3,0.6
2022-10-04,13.166999816894531,584182000,72.80999755859375,99.9800033569336,282.1300048828125,5.234972255257575,3.6189682377377936,15.626879978179932,20.28237497806549,1,6,2.6666666666666665,0.29460000000000003,0.3333333333333333,0.3333333333333333,0.3333333333333333,0.6666666666666666
2022-10-05,13.208999633789062,507131000,74.4800033569336,100.97000122070312,281.9800109863281,0.3189778801442777,3.611758907453797,15.560399951934814,20.209414973258973,1,2,4.0,0.5770500000000001,1.5,0.0,0.0,1.0
2022-10-06,13.130000114440918,644157000,74.3499984741211,100.27999877929688,279.760009765625,-0.5980734464255844,3.606628468862718,15.467199935913088,20.136469974517823,1,8,3.375,0.400125,0.125,0.25,0.125,0.75
2022-10-07,12.076000213623049,672478000,69.75,94.3000030517578,269.1000061035156,-8.027417301075557,3.716771036319592,15.34903995513916,20.05147497177124,1,4,3.25,0.32515,2.0,0.25,0.0,0.5
2022-10-08,12.076000213623049,0,69.75,94.3000030517578,269.1000061035156,0.0,3.716771036319592,15.34903995513916,20.05147497177124,0,9,3.0,0.36046666666666666,0.6666666666666666,0.4444444444444444,0.2222222222222222,0.6666666666666666
2022-10-09,12.076000213623049,0,69.75,94.3000030517578,269.1000061035156,0.0,3.716771036319592,15.34903995513916,20.05147497177124,0,10,3.0,0.17297,0.0,0.5,0.2,0.6
2022-10-10,11.670000076293944,698699000,67.44000244140625,91.1500015258789,266.4100036621094,-3.362041488464773,3.424698927145747,15.219179954528808,19.96282497406006,1,6,2.5,0.052483333333333326,0.0,0.5,0.3333333333333333,0.3333333333333333
2022-10-11,11.586000442504885,667482000,63.45000076293945,88.2750015258789,262.75,-0.7197912017129826,3.408457852896766,15.082079963684082,19.87255497932434,1,2,1.0,0.0,0.0,1.0,0.0,0.0
2022-10-12,11.5,492590000,64.11000061035156,87.74500274658203,262.6600036621094,-0.7422789506323357,3.401870628868111,14.941559982299804,19.77532998085022,1,4,2.25,-0.14307499999999998,0.0,0.5,0.5,0.25
2022-10-13,11.960000038146973,850103000,66.62000274658203,90.43000030517578,268.82000732421875,4.000000331712816,3.5050258259771128,14.802899990081787,19.68351997852325,1,6,2.8333333333333335,0.3369333333333333,0.0,0.3333333333333333,0.3333333333333333,0.6666666666666666
2022-10-14,11.22700023651123,713432000,63.91999816894531,86.57499694824219,260.739990234375,-6.128760863694027,3.409845504021771,14.643139991760254,19.5896499824524,1,5,4.2,0.37434,0.2,0.2,0.0,0.8
2022-10-15,11.22700023651123,0,63.91999816894531,86.57499694824219,260.739990234375,0.0,3.409845504021771,14.643139991760254,19.5896499824524,0,9,2.7777777777777777,0.12172222222222222,0.5555555555555556,0.2222222222222222,0.3333333333333333,0.3333333333333333
2022-10-16,11.22700023651123,0,63.91999816894531,86.57499694824219,260.739990234375,0.0,3.409845504021771,14.643139991760254,19.5896499824524,0,3,3.6666666666666665,0.40503333333333336,0.0,0.3333333333333333,0.0,1.0
2022-10-17,11.887999534606934,580774000,64.88999938964844,88.625,269.3500061035156,5.887586035191061,3.6004202765409525,14.501119976043702,19.501159977912906,1,4,3.75,0.19675000000000004,0.0,0.25,0.25,0.75
2022-10-18,11.967000007629396,659362000,63.709999084472656,88.6449966430664,271.4800109863281,0.6645396712246177,3.600937381254176,14.384599990844729,19.41393998146057,1,5,3.2,0.2711,1.4,0.2,0.2,0.6
2022-10-19,12.050999641418455,523131000,63.65999984741211,89.36000061035156,270.489990234375,0.7019272477271743,3.583061985651266,14.283899974822996,19.32358997821808,1,9,3.4444444444444446,0.2594222222222222,0.2222222222222222,0.2222222222222222,0.2222222222222222,0.6666666666666666
2022-10-20,12.194000244140623,652398000,63.58000183105469,90.06999969482422,269.1099853515625,1.1866285534577914,3.5672904779499435,14.165839977264405,19.238109974861143,1,13,2.8461538461538463,0.1644,1.0769230769230769,0.3076923076923077,0.3076923076923077,0.6153846153846154
2022-10-21,12.465999603271484,609494000,63.75,93.1750030517578,275.4200134277344,2.230599915409704,3.5500039059291644,14.056319980621335,19.162419972419737,1,7,2.142857142857143,-0.2120857142857143,0.0,0.5714285714285714,0.5714285714285714,0.14285714285714285
2022-10-22,12.465999603271484,0,63.75,93.1750030517578,275.4200134277344,0.0,3.5500039059291644,14.056319980621335,19.162419972419737,0,11,3.909090909090909,0.19523636363636362,0.09090909090909091,0.18181818181818182,0.36363636363636365,0.6363636363636364
2022-10-23,12.465999603271484,0,63.75,93.1750030517578,275.4200134277344,0.0,3.5500039059291644,14.056319980621335,19.162419972419737,0,5,3.4,0.16221999999999998,0.4,0.4,0.4,0.6
2022-10-24,12.598999977111816,517457000,61.290000915527344,93.47000122070312,278.45001220703125,1.0669050062012575,3.5532465883904125,13.934119987487794,19.084524974823,1,5,1.2,-0.26852,0.6,0.8,0.6,0.2
2022-10-25,13.26099967956543,505482000,61.13999938964844,94.9499969482422,284.2099914550781,5.254382916550893,3.262905706758837,13.818699989318848,19.014594974517824,1,7,2.5714285714285716,0.21982857142857143,0.14285714285714285,0.5714285714285714,0.14285714285714285,0.42857142857142855
2022-10-26,12.895999908447266,532953000,60.84000015258789,94.0199966430664,277.92999267578125,-2.7524302838240144,3.3038130953473672,13.699039993286132,18.942074975967408,1,7,3.142857142857143,0.3824,0.14285714285714285,0.42857142857142855,0.14285714285714285,0.7142857142857143
2022-10-27,13.175999641418455,583113000,60.95000076293945,92.84500122070312,272.8699951171875,2.1712138256746005,3.314278142954476,13.595860004425049,18.86886997699737,1,3,3.0,0.4301,0.0,0.3333333333333333,0.0,0.6666666666666666
2022-10-28,13.833999633789062,521040000,62.0099983215332,96.38999938964844,281.2200012207031,4.993928432588879,3.4149566560057325,13.497079982757567,18.79804497241974,1,8,2.75,0.1976125,0.125,0.375,0.25,0.5
2022-10-29,13.833999633789062,0,62.0099983215332,96.38999938964844,281.2200012207031,0.0,3.4149566560057325,13.497079982757567,18.79804497241974,0,9,3.3333333333333335,0.14156666666666667,0.0,0.2222222222222222,0.2222222222222222,0.4444444444444444
2022-10-30,13.833999633789062,0,62.0099983215332,96.38999938964844,281.2200012207031,0.0,3.4149566560057325,13.497079982757567,18.79804497241974,0,8,2.75,0.1042125,0.0,0.5,0.25,0.5
2022-10-31,13.496999740600586,486341000,61.54999923706055,94.61000061035156,277.95001220703125,-2.436026471804776,3.440809107184301,13.410039958953858,18.732654967308044,1,8,2.75,0.09977499999999999,2.75,0.375,0.375,0.25
2022-11-01,13.54300022125244,432817000,61.58000183105469,95.26499938964844,275.1099853515625,0.3408200454615206,3.4272755646060498,13.340219955444336,18.665659971237183,1,13,3.0,0.015838461538461527,0.9230769230769231,0.46153846153846156,0.3076923076923077,0.3076923076923077
2022-11-02,13.218999862670898,672628000,60.52000045776367,92.53500366210938,265.67999267578125,-2.3923824358586643,3.45684981266767,13.260979957580568,18.602239971160888,1,5,2.0,-0.20472,0.2,0.6,0.6,0.2
2022-11-03,13.42099952697754,500065000,60.27999877929688,91.4499969482422,260.489990234375,1.5281009638033805,3.315703892394591,13.184959945678711,18.544009971618653,1,8,2.75,0.5685625000000001,6.375,0.25,0.0,0.75
2022-11-04,14.156000137329102,612576000,62.47999954223633,95.6999969482422,264.67999267578125,5.476496805428965,3.4458784486050327,13.109819946289065,18.494039974212647,1,7,3.857142857142857,0.17872857142857143,5.714285714285714,0.0,0.42857142857142855,0.42857142857142855
2022-11-05,14.156000137329102,0,62.47999954223633,95.6999969482422,264.67999267578125,0.0,3.4458784486050327,13.109819946289065,18.494039974212647,0,5,4.6,0.58748,0.2,0.0,0.0,1.0
2022-11-06,14.156000137329102,0,62.47999954223633,95.6999969482422,264.67999267578125,0.0,3.4458784486050327,13.109819946289065,18.494039974212647,0,13,4.0,0.20570000000000002,0.15384615384615385,0.15384615384615385,0.23076923076923078,0.5384615384615384
2022-11-07,14.300999641418455,410061000,62.7599983215332,97.58999633789062,267.5899963378906,1.0242971367808495,3.4069642905844657,13.070639934539797,18.44867496967316,1,4,3.5,0.18662499999999999,0.0,0.0,0.0,0.75
2022-11-08,14.60200023651123,595292000,65.0199966430664,99.69499969482422,269.5400085449219,2.1047521336971187,3.4142590644002744,13.04665994644165,18.40482497215271,1,5,3.2,0.6864600000000001,4.2,0.4,0.0,1.0
2022-11-09,13.776000022888184,454414000,65.0,96.98500061035156,263.32000732421875,-5.656760719382092,3.57633908449418,13.012819938659668,18.362084975242613,1,4,2.25,0.2151,4.0,0.5,0.0,0.5
2022-11-10,15.75,700819000,70.83999633789062,106.8949966430664,282.75,14.329268102730165,4.301748153673325,13.02593994140625,18.32697497844696,1,5,3.8,0.25766,5.4,0.2,0.2,0.6
2022-11-11,16.32699966430664,655487000,73.83000183105469,110.4000015258789,287.9599914550781,3.663489932105657,4.318750582192195,13.07373992919922,18.29888997554779,1,8,2.875,0.31495,19.5,0.25,0.125,0.75
2022-11-12,16.32699966430664,0,73.83000183105469,110.4000015258789,287.9599914550781,0.0,4.318750582192195,13.07373992919922,18.29888997554779,0,6,1.6666666666666667,-0.09654999999999998,5.833333333333333,0.8333333333333334,0.3333333333333333,0.3333333333333333
2022-11-13,16.32699966430664,0,73.83000183105469,110.4000015258789,287.9599914550781,0.0,4.318750582192195,13.07373992919922,18.29888997554779,0,8,2.875,0.07315,0.125,0.375,0.5,0.375
2022-11-14,16.295000076293945,527852000,72.80000305175781,109.3550033569336,285.44000244140625,-0.1959918458420251,4.307993148096672,13.126699924468994,18.26616497516632,1,8,3.875,-0.07735,3.375,0.25,0.25,0.375
2022-11-15,16.666000366210938,545876000,80.45999908447266,112.8000030517578,289.3900146484375,2.2767737844734626,4.2403826897698265,13.190719928741457,18.2270649766922,1,7,3.0,0.42352857142857137,0.42857142857142855,0.14285714285714285,0.14285714285714285,0.7142857142857143
2022-11-16,15.90999984741211,649547000,79.44999694824219,108.73999786376952,285.44000244140625,-4.536184460499371,4.353425768114405,13.234639930725098,18.183424973487853,1,4,2.0,-0.010224999999999998,0.5,0.75,0.5,0.25
2022-11-17,15.677000045776367,710894000,81.4800033569336,109.55999755859376,284.8099975585937,-1.4644865108131455,4.365272709508062,13.268379936218262,18.13559997081757,1,8,2.75,0.025662500000000005,0.125,0.25,0.25,0.25
2022-11-18,15.409000396728516,492072000,82.2699966430664,109.76000213623048,284.82000732421875,-1.7095085045946368,4.07319226214357,13.288819942474364,18.09290497303009,1,6,3.0,0.15360000000000001,0.0,0.3333333333333333,0.16666666666666666,0.6666666666666666
2022-11-19,15.409000396728516,0,82.2699966430664,109.76000213623048,284.82000732421875,0.0,4.07319226214357,13.288819942474364,18.09290497303009,0,10,3.6,0.33193,0.9,0.3,0.3,0.6
2022-11-20,15.409000396728516,0,82.2699966430664,109.76000213623048,284.82000732421875,0.0,4.07319226214357,13.288819942474364,18.09290497303009,0,9,2.5555555555555554,0.1254,0.3333333333333333,0.4444444444444444,0.1111111111111111,0.6666666666666666
2022-11-21,15.31700038909912,404739000,79.93000030517578,107.83999633789062,281.8900146484375,-0.597053704073669,4.004278862111374,13.305059947967528,18.04789497375488,1,3,3.6666666666666665,0.3259666666666667,0.0,0.3333333333333333,0.0,0.6666666666666666
2022-11-22,16.038000106811523,472866000,82.54000091552734,110.9749984741211,285.95001220703125,4.707186129116558,4.046934095273215,13.36319995880127,18.004444971084595,1,3,3.0,-0.24436666666666665,0.0,0.3333333333333333,0.3333333333333333,0.0
2022-11-23,16.518999099731445,427241000,81.97000122070312,111.94000244140624,288.82000732421875,2.9991207738902403,4.043728836135212,13.43101993560791,17.961499967575072,1,7,2.857142857142857,0.11160000000000002,0.0,0.42857142857142855,0.14285714285714285,0.42857142857142855
2022-11-24,16.518999099731445,0,81.97000122070312,111.94000244140624,288.82000732421875,0.0,4.043728836135212,13.43101993560791,17.961499967575072,0,5,3.0,0.12480000000000002,0.4,0.4,0.2,0.4
2022-11-25,16.270000457763672,167934000,81.4000015258789,110.625,286.9200134277344,-1.507347027894812,4.041528705631059,13.497839946746826,17.90932497024536,1,8,3.0,0.1323,0.0,0.25,0.125,0.25
2022-11-26,16.270000457763672,0,81.4000015258789,110.625,286.9200134277344,0.0,4.041528705631059,13.497839946746826,17.90932497024536,0,10,3.3,0.34460999999999997,0.4,0.2,0.2,0.6
2022-11-27,16.270000457763672,0,81.4000015258789,110.625,286.9200134277344,0.0,4.041528705631059,13.497839946746826,17.90932497024536,0,8,3.125,0.4322125,0.125,0.375,0.0,0.75
2022-11-28,15.82699966430664,303741000,79.22000122070312,108.01499938964844,282.7099914550781,-2.7228075045667377,3.875672990889208,13.550419940948489,17.859339971542358,1,4,2.75,0.297475,0.5,0.5,0.0,0.75
2022-11-29,15.638999938964844,298384000,79.33000183105469,107.72000122070312,280.57000732421875,-1.1878418482928144,3.796388863884418,13.595559940338134,17.817789974212648,1,7,2.0,-0.0498857142857143,0.0,0.5714285714285714,0.2857142857142857,0.2857142857142857
2022-11-30,16.92300033569336,565298000,82.9800033569336,113.86499786376952,293.3599853515625,8.210246190547043,4.017900498923824,13.670499954223631,17.781069974899292,1,5,2.4,0.008840000000000004,1.6,0.6,0.4,0.4
2022-12-01,17.135000228881836,470977000,82.68000030517578,113.5,293.7200012207031,1.252732310956306,4.016629821113682,13.74797996520996,17.734269971847535,1,15,3.8666666666666667,0.2967666666666667,0.5333333333333333,0.2,0.2,0.7333333333333333
2022-12-02,16.875999450683594,371389000,81.5,111.94000244140624,292.54998779296875,-1.5115306375174995,4.048302955309191,13.834279956817626,17.686094970703124,1,4,4.25,0.521475,0.0,0.0,0.0,0.75
2022-12-03,16.875999450683594,0,81.5,111.94000244140624,292.54998779296875,0.0,4.048302955309191,13.834279956817626,17.686094970703124,0,12,3.1666666666666665,0.30040833333333333,0.5,0.16666666666666666,0.4166666666666667,0.5833333333333334
2022-12-04,16.875999450683594,0,81.5,111.94000244140624,292.54998779296875,0.0,4.048302955309191,13.834279956817626,17.686094970703124,0,17,3.6470588235294117,0.2899764705882353,0.23529411764705882,0.29411764705882354,0.17647058823529413,0.6470588235294118
2022-12-05,16.610000610351562,352255000,81.62000274658203,110.6050033569336,287.6400146484375,-1.5761960712866507,4.0733451145902055,13.91615997314453,17.64660997390747,1,10,3.6,0.29166,0.8,0.1,0.3,0.5
2022-12-06,15.987000465393066,352694000,79.55999755859375,108.18000030517578,281.67999267578125,-3.750753293592501,4.166094518520173,13.991339988708496,17.608334975242613,1,5,2.6,-0.020079999999999987,7.4,0.2,0.6,0.4
2022-12-07,16.1200008392334,372388000,79.23999786376953,108.15499877929688,280.5299987792969,0.8319282540101058,4.083313802085466,14.065480003356932,17.57198498249054,1,7,2.2857142857142856,0.1124857142857143,0.2857142857142857,0.5714285714285714,0.14285714285714285,0.42857142857142855
2022-12-08,17.16900062561035,515456000,80.80000305175781,110.91000366210938,283.8500061035156,6.507442504741445,4.160219592777618,14.154140014648435,17.545894989967348,1,9,3.2222222222222223,0.16164444444444445,0.5555555555555556,0.1111111111111111,0.3333333333333333,0.3333333333333333
2022-12-09,17.000999450683594,465338000,80.69000244140625,110.0199966430664,282.0400085449219,-0.9785145832900576,4.170395512501571,14.249759998321531,17.512159991264344,1,12,2.75,0.4035166666666667,0.08333333333333333,0.4166666666666667,0.0,0.75
2022-12-10,17.000999450683594,0,80.69000244140625,110.0199966430664,282.0400085449219,0.0,4.170395512501571,14.249759998321531,17.512159991264344,0,20,2.8,0.07989500000000002,0.8,0.35,0.35,0.4
2022-12-11,17.000999450683594,0,80.69000244140625,110.0199966430664,282.0400085449219,0.0,4.170395512501571,14.249759998321531,17.512159991264344,0,18,2.9444444444444446,0.32081111111111116,0.9444444444444444,0.4444444444444444,0.05555555555555555,0.7222222222222222
2022-12-12,17.53499984741211,457328000,80.43000030517578,111.9800033569336,285.5799865722656,3.1409941414182185,4.121631401843717,14.35767999649048,17.47904999256134,1,10,2.3,0.22902,1.9,0.6,0.1,0.6
2022-12-13,18.07200050354004,656589000,80.51000213623047,113.84500122070312,288.6499938964844,3.062450303968389,4.091585196532795,14.468880004882813,17.44748499393463,1,27,2.814814814814815,0.0740962962962963,0.2222222222222222,0.37037037037037035,0.2222222222222222,0.4074074074074074
2022-12-14,17.673999786376953,496888000,80.0199966430664,111.88500213623048,286.510009765625,-2.2023058105001936,4.133040108572523,14.559020004272462,17.41846999645233,1,28,2.75,0.11454642857142859,0.03571428571428571,0.39285714285714285,0.2857142857142857,0.4642857142857143
2022-12-15,16.95199966430664,478542000,77.61000061035156,107.625,276.8900146484375,-4.085097492344813,4.191676364956345,14.633880004882812,17.38212999820709,1,12,2.3333333333333335,0.12844166666666668,0.16666666666666666,0.6666666666666666,0.16666666666666666,0.4166666666666667
2022-12-16,16.570999145507812,478232000,76.30000305175781,106.79000091552734,274.25,-2.247525521139815,4.229129541659164,14.70269998550415,17.34641499042511,1,15,3.1333333333333333,0.25009333333333333,8.266666666666667,0.4,0.13333333333333333,0.5333333333333333
2022-12-17,16.570999145507812,0,76.30000305175781,106.79000091552734,274.25,0.0,4.229129541659164,14.70269998550415,17.34641499042511,0,15,3.8666666666666667,0.41686666666666666,1.1333333333333333,0.13333333333333333,0.06666666666666667,0.7333333333333333
2022-12-18,16.570999145507812,0,76.30000305175781,106.79000091552734,274.25,0.0,4.229129541659164,14.70269998550415,17.34641499042511,0,11,2.1818181818181817,0.008281818181818185,9.272727272727273,0.6363636363636364,0.36363636363636365,0.36363636363636365
2022-12-19,16.253999710083008,354039000,76.0999984741211,104.33999633789062,269.75,-1.912977199752852,4.161325237645526,14.78625997543335,17.313004984855652,1,11,3.4545454545454546,0.12277272727272726,1.1818181818181819,0.18181818181818182,0.36363636363636365,0.5454545454545454
2022-12-20,16.084999084472656,403260000,75.62000274658203,103.83000183105467,269.5400085449219,-1.0397479305079171,4.170134307013684,14.874559955596924,17.28666998386383,1,11,2.8181818181818183,0.27239090909090913,2.4545454545454546,0.36363636363636365,0.09090909090909091,0.6363636363636364
2022-12-21,16.500999450683594,325025000,77.13999938964844,106.1500015258789,273.45001220703125,2.586262915069204,4.17754951768584,14.972859935760498,17.261604981422423,1,21,2.5714285714285716,0.08674285714285715,6.190476190476191,0.38095238095238093,0.38095238095238093,0.5238095238095238
2022-12-22,15.33899974822998,565045000,75.27999877929688,101.75,266.760009765625,-7.041995885924801,4.254768726449732,15.049639930725098,17.22322998046875,1,22,1.8181818181818181,0.12280909090909091,2.8181818181818183,0.5909090909090909,0.3181818181818182,0.4090909090909091
2022-12-23,15.206000328063965,349326000,74.88999938964844,101.73999786376952,267.3599853515625,-0.8670670992178775,3.3537885176021995,15.114559936523438,17.185969977378846,1,13,2.0,-0.10343076923076922,6.0,0.5384615384615384,0.38461538461538464,0.23076923076923078
2022-12-24,15.206000328063965,0,74.88999938964844,101.73999786376952,267.3599853515625,0.0,3.3537885176021995,15.114559936523438,17.185969977378846,0,14,2.5,-0.05703571428571429,1.4285714285714286,0.5,0.42857142857142855,0.35714285714285715
2022-12-25,15.206000328063965,0,74.88999938964844,101.73999786376952,267.3599853515625,0.0,3.3537885176021995,15.114559936523438,17.185969977378846,0,4,2.5,0.104825,0.5,0.5,0.5,0.5
2022-12-26,15.206000328063965,0,74.88999938964844,101.73999786376952,267.3599853515625,0.0,3.3537885176021995,15.114559936523438,17.185969977378846,0,16,2.3125,-0.036500000000000005,0.625,0.625,0.4375,0.3125
2022-12-27,14.121000289916992,464902000,74.31999969482422,99.91999816894533,263.5799865722656,-7.135341409565232,3.515623321318476,15.172439937591554,17.14607497692108,1,9,2.4444444444444446,0.3475888888888889,0.1111111111111111,0.3333333333333333,0.1111111111111111,0.6666666666666666
2022-12-28,14.03600025177002,351066000,73.05999755859375,98.6500015258789,260.1000061035156,-0.6019406302800401,3.5155000020091123,15.215399951934817,17.1096049785614,1,24,2.1666666666666665,0.017308333333333342,0.875,0.5,0.375,0.375
2022-12-29,14.602999687194824,354923000,76.0,101.87000274658205,266.44000244140625,4.039608330395295,3.5766208664478123,15.268119945526124,17.067754979133607,1,15,2.8666666666666667,0.12068666666666666,0.8666666666666667,0.26666666666666666,0.2,0.4
2022-12-30,14.61400032043457,310490000,74.48999786376953,101.47000122070312,266.2799987792969,0.0753313255864362,3.4897875256408533,15.319379959106444,17.018344979286194,1,19,2.9473684210526314,0.11021052631578947,0.15789473684210525,0.2631578947368421,0.3157894736842105,0.3684210526315789
2022-12-31,14.61400032043457,0,74.48999786376953,101.47000122070312,266.2799987792969,0.0,3.4897875256408533,15.319379959106444,17.018344979286194,0,16,2.875,0.05293125000000001,1.9375,0.375,0.4375,0.4375
2023-01-01,14.61400032043457,0,74.48999786376953,101.47000122070312,266.2799987792969,0.0,3.4897875256408533,15.319379959106444,17.018344979286194,0,17,3.176470588235294,0.2944176470588235,0.6470588235294118,0.29411764705882354,0.29411764705882354,0.6470588235294118
2023-01-02,14.61400032043457,0,74.48999786376953,101.47000122070312,266.2799987792969,0.0,3.4897875256408533,15.319379959106444,17.018344979286194,0,13,2.3846153846153846,0.1694846153846154,2.5384615384615383,0.46153846153846156,0.3076923076923077,0.46153846153846156
2023-01-03,14.3149995803833,401277000,74.02999877929688,100.69000244140624,264.4800109863281,-2.0459883228083786,3.4985178848244805,15.3617999458313,16.96608997344971,1,7,1.8571428571428572,0.2897571428571428,3.5714285714285716,0.5714285714285714,0.14285714285714285,0.5714285714285714
2023-01-04,14.74899959564209,431324000,76.31999969482422,103.25,265.739990234375,3.031785036539758,3.536895189716231,15.407459945678712,16.907569975852965,1,15,2.3333333333333335,0.22453333333333336,2.2,0.6,0.2,0.6
2023-01-05,14.265000343322754,389168000,75.7300033569336,101.4000015258789,261.5799865722656,-3.2815734326980706,3.583928824213804,15.440779953002927,16.845224981307982,1,13,2.3076923076923075,0.11273846153846154,0.15384615384615385,0.6153846153846154,0.23076923076923078,0.38461538461538464
2023-01-06,14.859000205993652,405044000,78.06999969482422,105.83499908447266,268.79998779296875,4.164036791972059,3.5597047576001906,15.472739963531494,16.786899981498717,1,9,2.0,0.3113111111111111,2.6666666666666665,0.4444444444444444,0.2222222222222222,0.6666666666666666
2023-01-07,14.859000205993652,0,78.06999969482422,105.83499908447266,268.79998779296875,0.0,3.5597047576001906,15.472739963531494,16.786899981498717,0,11,2.0,0.09369090909090909,6.363636363636363,0.45454545454545453,0.2727272727272727,0.36363636363636365
2023-01-08,14.859000205993652,0,78.06999969482422,105.83499908447266,268.79998779296875,0.0,3.5597047576001906,15.472739963531494,16.786899981498717,0,18,1.5,0.17683333333333331,6.0,0.7222222222222222,0.2777777777777778,0.5
2023-01-09,15.628000259399414,504231000,80.30999755859375,108.13999938964844,270.5400085449219,5.175314911803897,3.648076580427536,15.527379970550538,16.736869978904725,1,8,2.625,0.11538749999999999,0.125,0.5,0.375,0.5
2023-01-10,15.909000396728516,384101000,81.2699966430664,109.54499816894533,272.8299865722656,1.7980556223762267,3.654659256471431,15.582039985656738,16.675664982795716,1,11,2.272727272727273,0.012445454545454553,0.7272727272727273,0.5454545454545454,0.36363636363636365,0.36363636363636365
2023-01-11,16.000999450683594,353285000,81.77999877929688,110.83000183105467,277.54998779296875,0.5782830577714781,3.619705984707559,15.625379981994628,16.61720998287201,1,10,3.7,0.24455999999999997,3.1,0.1,0.1,0.6
2023-01-12,16.51099967956543,551409000,87.0,112.48999786376952,279.04998779296875,3.187302333542963,3.654020863324431,15.685659980773924,16.55866998195648,1,10,2.6,0.10545,16.0,0.6,0.3,0.4
2023-01-13,16.89900016784668,447287000,86.80000305175781,112.8949966430664,280.9700012207031,2.349951522084104,3.3582130694184715,15.75277997970581,16.49988498210907,1,6,1.6666666666666667,0.21075,1.3333333333333333,0.6666666666666666,0.16666666666666666,0.5
2023-01-14,16.89900016784668,0,86.80000305175781,112.8949966430664,280.9700012207031,0.0,3.3582130694184715,15.75277997970581,16.49988498210907,0,5,2.6,0.03441999999999999,1.0,0.6,0.6,0.2
2023-01-15,16.89900016784668,0,86.80000305175781,112.8949966430664,280.9700012207031,0.0,3.3582130694184715,15.75277997970581,16.49988498210907,0,19,2.263157894736842,0.23074736842105262,7.105263157894737,0.5789473684210527,0.21052631578947367,0.5789473684210527
2023-01-16,16.89900016784668,0,86.80000305175781,112.8949966430664,280.9700012207031,0.0,3.3582130694184715,15.75277997970581,16.49988498210907,0,7,2.857142857142857,0.059385714285714285,20.0,0.42857142857142855,0.42857142857142855,0.2857142857142857
2023-01-17,17.70199966430664,511102000,88.98999786376953,113.56500244140624,281.5400085449219,4.751757432299497,3.460622953335553,15.842439975738523,16.449944977760314,1,6,2.1666666666666665,0.25635,0.6666666666666666,0.6666666666666666,0.16666666666666666,0.5
2023-01-18,17.37700080871582,439624000,89.47000122070312,112.8550033569336,277.8800048828125,-1.8359443099873696,3.4665498304168363,15.92156000137329,16.400399985313417,1,17,2.2941176470588234,0.15905882352941178,1.8235294117647058,0.35294117647058826,0.29411764705882354,0.5882352941176471
2023-01-19,16.764999389648438,452932000,88.4000015258789,110.09500122070312,275.1499938964844,-3.52190476253198,3.517895294868836,15.97373998641968,16.350664982795717,1,8,2.875,0.22705,0.125,0.5,0.25,0.625
2023-01-20,17.839000701904297,564967000,91.02999877929688,113.6750030517578,282.67999267578125,6.406211460520561,3.6226053899935553,16.044500007629395,16.30305998325348,1,10,2.6,-0.057440000000000005,0.3,0.2,0.4,0.4
2023-01-21,17.839000701904297,0,91.02999877929688,113.6750030517578,282.67999267578125,0.0,3.6226053899935553,16.044500007629395,16.30305998325348,0,22,3.090909090909091,0.24843181818181817,1.4090909090909092,0.36363636363636365,0.13636363636363635,0.5909090909090909
2023-01-22,17.839000701904297,0,91.02999877929688,113.6750030517578,282.67999267578125,0.0,3.6226053899935553,16.044500007629395,16.30305998325348,0,16,2.8125,0.08829375,1.0,0.375,0.3125,0.5
2023-01-23,19.19300079345703,655163000,95.66000366210938,119.03500366210938,288.9599914550781,7.590111767909713,3.851390675151038,16.13632001876831,16.26936998844147,1,6,2.1666666666666665,0.08451666666666668,0.16666666666666666,0.5,0.3333333333333333,0.5
2023-01-24,19.26499938964844,496204000,94.55999755859376,118.19000244140624,288.3699951171875,0.3751294389356285,3.6893864206531135,16.246100006103514,16.243659987449647,1,7,2.7142857142857144,0.36952857142857143,0.8571428571428571,0.5714285714285714,0.14285714285714285,0.7142857142857143
2023-01-25,19.32299995422364,449537000,92.41000366210938,118.30999755859376,287.7300109863281,0.3010670460044773,3.679679949489005,16.31756000518799,16.21923498630524,1,5,3.4,0.22322000000000003,0.0,0.4,0.2,0.6
2023-01-26,19.802000045776367,489535000,93.4499969482422,120.43000030517578,293.3399963378906,2.4789116218366214,3.6652084614926914,16.387060012817383,16.202649989128112,1,9,2.3333333333333335,0.19203333333333336,0.1111111111111111,0.5555555555555556,0.1111111111111111,0.7777777777777778
2023-01-27,20.364999771118164,542142000,93.3000030517578,119.63999938964844,296.260009765625,2.843145763257793,3.660076917463156,16.46846000671387,16.19488998889923,1,6,3.3333333333333335,0.043933333333333345,0.0,0.16666666666666666,0.3333333333333333,0.5
2023-01-28,20.364999771118164,0,93.3000030517578,119.63999938964844,296.260009765625,0.0,3.660076917463156,16.46846000671387,16.19488998889923,0,13,2.0,0.18666153846153846,3.0,0.5384615384615384,0.23076923076923078,0.46153846153846156
2023-01-29,20.364999771118164,0,93.3000030517578,119.63999938964844,296.260009765625,0.0,3.660076917463156,16.46846000671387,16.19488998889923,0,11,3.090909090909091,0.2176181818181818,0.8181818181818182,0.2727272727272727,0.2727272727272727,0.5454545454545454
2023-01-30,19.16200065612793,488611000,93.12999725341795,116.7750015258789,290.2699890136719,-5.9071894353583065,3.8124672671487767,16.518380012512207,16.183179993629455,1,6,1.6666666666666667,-0.17768333333333333,4.333333333333333,0.5,0.3333333333333333,0.3333333333333333
2023-01-31,19.53700065612793,498017000,92.7300033569336,118.5500030517578,294.6199951171875,1.9569981586451848,3.7293124982371286,16.590920028686522,16.169850001335146,1,8,2.5,0.2613,51.375,0.375,0.25,0.5
2023-02-01,20.94300079345703,660477000,94.73999786376952,124.13999938964844,300.9200134277344,7.196601781799594,3.8812584759738464,16.696240043640138,16.1682750082016,1,1,5.0,0.7717,0.0,0.0,0.0,1.0
2023-02-02,21.708999633789062,564276000,96.6500015258789,126.79499816894533,311.7200012207031,3.6575409984768825,3.877444158773966,16.822240028381348,16.16790500164032,1,8,2.375,0.05723749999999998,0.375,0.625,0.25,0.375
2023-02-03,21.100000381469727,429366000,94.66000366210938,124.46499633789062,306.17999267578125,-2.805284732565272,3.923260427815387,16.93790002822876,16.16241500377655,1,4,3.75,0.523325,0.5,0.25,0.0,1.0
2023-02-04,21.100000381469727,0,94.66000366210938,124.46499633789062,306.17999267578125,0.0,3.923260427815387,16.93790002822876,16.16241500377655,0,7,2.7142857142857144,0.021542857142857134,3.5714285714285716,0.2857142857142857,0.2857142857142857,0.2857142857142857
2023-02-05,21.100000381469727,0,94.66000366210938,124.46499633789062,306.17999267578125,0.0,3.923260427815387,16.93790002822876,16.16241500377655,0,8,2.75,0.26232500000000003,0.75,0.375,0.5,0.5
2023-02-06,21.089000701904297,452197000,91.83000183105467,122.3949966430664,303.5899963378906,-0.0521311818320602,3.915653028342661,17.038920040130616,16.16045000553131,1,10,2.7,-0.04823,17.9,0.5,0.3,0.3
2023-02-07,22.17300033569336,664150000,94.5500030517578,126.06999969482422,309.8800048828125,5.140118534356053,3.689254637617859,17.152000064849855,16.170400004386902,1,4,2.75,0.1989,0.5,0.25,0.25,0.75
2023-02-08,22.20499992370605,559651000,94.27999877929688,123.5999984741211,304.3699951171875,0.1443178078213591,3.6733421131320942,17.2707000541687,16.18385000705719,1,4,2.5,-0.11474999999999999,1.0,0.25,0.25,0.25
2023-02-09,22.33699989318848,523876000,96.69000244140624,124.08999633789062,301.67999267578125,0.5944605716548423,3.312034862658717,17.400900058746338,16.1960250043869,1,11,2.272727272727273,0.10166363636363637,0.9090909090909091,0.6363636363636364,0.36363636363636365,0.36363636363636365
2023-02-10,21.26499938964844,550737000,95.37000274658205,122.00499725341795,299.70001220703125,-4.799214346895974,3.4917213458140943,17.51342004776001,16.208410000801088,1,5,3.8,0.012680000000000002,1.8,0.2,0.4,0.6
2023-02-11,21.26499938964844,0,95.37000274658205,122.00499725341795,299.70001220703125,0.0,3.4917213458140943,17.51342004776001,16.208410000801088,0,5,3.8,0.24172000000000002,1.0,0.2,0.4,0.6
2023-02-12,21.26499938964844,0,95.37000274658205,122.00499725341795,299.70001220703125,0.0,3.4917213458140943,17.51342004776001,16.208410000801088,0,6,2.5,0.5868333333333333,5.833333333333333,0.5,0.0,1.0
2023-02-13,21.788000106811523,474919000,96.11000061035156,123.83999633789062,304.5,2.459443838111164,3.463157024262432,17.610720043182372,16.225274996757506,1,8,2.875,0.09872500000000001,0.75,0.375,0.25,0.5
2023-02-14,22.97100067138672,675474000,97.95999908447266,126.50499725341795,306.75,5.429596836679651,3.5298489101534987,17.72744005203247,16.241220002174376,1,11,3.272727272727273,0.17315454545454545,1.1818181818181819,0.36363636363636365,0.18181818181818182,0.45454545454545453
2023-02-15,22.763999938964844,420575000,92.76000213623048,126.5,309.1000061035156,-0.901139377352944,3.495330490290029,17.845200061798096,16.262304997444154,1,5,4.6,0.44160000000000005,0.0,0.0,0.0,0.6
2023-02-16,22.00200080871582,412026000,90.81999969482422,123.06500244140624,303.29998779296875,-3.347386805008379,3.598792793440349,17.953040065765382,16.274649996757507,1,4,2.5,0.27607499999999996,64.25,0.5,0.5,0.5
2023-02-17,21.38800048828125,465888000,90.0999984741211,121.38500213623048,301.1600036621094,-2.7906567487777867,3.5778064722503977,18.061060066223146,16.283580002784728,1,6,3.0,0.13303333333333334,1.0,0.3333333333333333,0.0,0.5
2023-02-18,21.38800048828125,0,90.0999984741211,121.38500213623048,301.1600036621094,0.0,3.5778064722503977,18.061060066223146,16.283580002784728,0,12,1.8333333333333333,-0.07958333333333334,5.75,0.75,0.5833333333333334,0.16666666666666666
2023-02-19,21.38800048828125,0,90.0999984741211,121.38500213623048,301.1600036621094,0.0,3.5778064722503977,18.061060066223146,16.283580002784728,0,3,2.3333333333333335,0.24073333333333333,0.0,0.6666666666666666,0.3333333333333333,0.3333333333333333
2023-02-20,21.38800048828125,0,90.0999984741211,121.38500213623048,301.1600036621094,0.0,3.5778064722503977,18.061060066223146,16.283580002784728,0,8,2.875,0.32275,0.625,0.375,0.125,0.625
2023-02-21,20.655000686645508,410015000,87.63999938964844,117.69499969482422,294.0299987792969,-3.427154408554278,3.644899269247524,18.151760063171388,16.285185008049012,1,9,3.4444444444444446,-0.12987777777777776,22.444444444444443,0.2222222222222222,0.4444444444444444,0.4444444444444444
2023-02-22,20.753999710083008,513184000,86.83000183105469,117.12000274658205,294.25,0.4792980883389974,3.5668482997283184,18.22346004486084,16.29473500728607,1,6,2.6666666666666665,-0.06879999999999999,1.8333333333333333,0.3333333333333333,0.5,0.3333333333333333
2023-02-23,23.66399955749512,1117995000,90.08000183105467,121.2699966430664,296.82000732421875,14.021392926965936,4.285581639120528,18.35672004699707,16.319680008888245,1,4,3.0,0.12664999999999998,0.25,0.25,0.25,0.25
2023-02-24,23.285999298095703,589716000,88.11000061035156,119.1050033569336,291.8500061035156,-1.5973642092115825,4.318570894806343,18.471740036010743,16.351360001564025,1,6,2.5,0.2527333333333333,0.16666666666666666,0.5,0.16666666666666666,0.8333333333333334
2023-02-25,23.285999298095703,0,88.11000061035156,119.1050033569336,291.8500061035156,0.0,4.318570894806343,18.471740036010743,16.351360001564025,0,7,1.8571428571428572,0.25105714285714287,0.0,0.7142857142857143,0.14285714285714285,0.7142857142857143
2023-02-26,23.285999298095703,0,88.11000061035156,119.1050033569336,291.8500061035156,0.0,4.318570894806343,18.471740036010743,16.351360001564025,0,12,2.5,0.010991666666666658,12.416666666666666,0.5,0.4166666666666667,0.4166666666666667
2023-02-27,23.5009994506836,452994000,87.30000305175781,119.63999938964844,293.94000244140625,0.9233022376904154,4.305043960130264,18.58032001495361,16.38089000225067,1,10,1.8,0.03871999999999999,0.1,0.8,0.4,0.2
2023-02-28,23.215999603271484,455963000,87.06999969482422,119.6999969482422,293.5599975585937,-1.212713731644377,4.323338866605407,18.691160011291505,16.413820004463197,1,5,1.2,-0.10804,0.2,0.8,0.4,0.2
2023-03-01,22.69799995422364,460026000,88.41999816894531,119.77999877929688,291.20001220703125,-2.231218374826549,4.310792328869794,18.806080017089844,16.44643500804901,1,6,3.8333333333333335,0.3894,0.6666666666666666,0.16666666666666666,0.16666666666666666,0.6666666666666666
2023-03-02,23.31399917602539,389415000,89.02999877929688,120.83999633789062,293.6099853515625,2.7138920743857486,4.290516293333676,18.9409400177002,16.47447500705719,1,5,2.2,0.026680000000000016,0.0,0.6,0.4,0.4
2023-03-03,23.88999938964844,412393000,89.79000091552734,122.4800033569336,299.67999267578125,2.4706195160861366,4.208035178618759,19.093660011291504,16.50760500431061,1,4,3.25,-0.13374999999999998,1.25,0.25,0.5,0.5
2023-03-04,23.88999938964844,0,89.79000091552734,122.4800033569336,299.67999267578125,0.0,4.208035178618759,19.093660011291504,16.50760500431061,0,4,4.0,-0.157225,0.0,0.0,0.75,0.25
2023-03-05,23.88999938964844,0,89.79000091552734,122.4800033569336,299.67999267578125,0.0,4.208035178618759,19.093660011291504,16.50760500431061,0,8,2.25,0.30167499999999997,16.75,0.5,0.125,0.625
2023-03-06,23.554000854492188,437429000,89.58000183105469,121.38999938964844,300.0199890136719,-1.4064401161175355,4.120064018480199,19.24304004669189,16.534490008354187,1,5,3.0,0.33268,0.4,0.2,0.2,0.8
2023-03-07,23.288000106811523,515154000,88.8499984741211,120.03500366210938,296.3399963378906,-1.1293229941015892,3.943638766557765,19.378780059814453,16.566240010261534,1,5,2.8,0.11857999999999999,0.0,0.4,0.4,0.6
2023-03-08,24.18099975585937,513573000,90.83000183105467,123.1750030517578,297.82000732421875,3.8345913987979374,3.983604589595619,19.55562005996704,16.60152500629425,1,3,3.0,-0.18216666666666667,5.0,0.3333333333333333,0.6666666666666666,0.3333333333333333
2023-03-09,23.43600082397461,501257000,88.87999725341797,120.81500244140624,292.6600036621094,-3.0809269236448444,4.046580121956731,19.72022006988525,16.63523500919342,1,6,2.5,0.1608333333333333,0.3333333333333333,0.3333333333333333,0.5,0.3333333333333333
2023-03-10,22.96500015258789,474866000,87.25,118.86000061035156,288.54998779296875,-2.00973141673938,4.06232632641562,19.89710006713868,16.665570006370544,1,9,3.2222222222222223,0.36813333333333337,0.0,0.3333333333333333,0.1111111111111111,0.7777777777777778
2023-03-11,22.96500015258789,0,87.25,118.86000061035156,288.54998779296875,0.0,4.06232632641562,19.89710006713868,16.665570006370544,0,11,2.5454545454545454,0.3958818181818182,0.45454545454545453,0.5454545454545454,0.09090909090909091,0.6363636363636364
2023-03-12,22.96500015258789,0,87.25,118.86000061035156,288.54998779296875,0.0,4.06232632641562,19.89710006713868,16.665570006370544,0,8,2.75,0.18980000000000002,0.0,0.375,0.25,0.625
2023-03-13,22.965999603271484,421890000,87.73999786376953,118.77999877929688,290.69000244140625,0.0043520604265268,4.040609656664303,20.075700054168703,16.699630007743835,1,6,2.6666666666666665,0.27276666666666666,0.16666666666666666,0.3333333333333333,0.16666666666666666,0.5
2023-03-14,24.0629997253418,474910000,89.29000091552734,122.33499908447266,297.3699951171875,4.776626931205064,3.927709255171652,20.26490005493164,16.735070004463196,1,3,4.0,0.30726666666666663,0.0,0.0,0.3333333333333333,0.6666666666666666
2023-03-15,24.22800064086914,524486000,86.69999694824219,120.95999908447266,298.92999267578125,0.685703849938446,3.922026461540324,20.45718006134033,16.766955008506773,1,5,2.2,0.23120000000000002,0.4,0.6,0.2,0.6
2023-03-16,25.541000366210938,583253000,89.30000305175781,125.8000030517578,306.8099975585937,5.419348235970234,3.8343833063722346,20.681700077056885,16.800605006217957,1,8,2.75,0.294725,12.0,0.5,0.375,0.625
2023-03-17,25.725000381469727,848547000,89.47000122070312,125.16000366210938,305.3599853515625,0.7204103700738651,3.7944011332912737,20.90122009277344,16.835870003700258,1,2,4.5,0.1362,0.0,0.0,0.0,0.5
2023-03-18,25.725000381469727,0,89.47000122070312,125.16000366210938,305.3599853515625,0.0,3.7944011332912737,20.90122009277344,16.835870003700258,0,10,1.9,0.18585000000000002,0.7,0.7,0.2,0.6
2023-03-19,25.725000381469727,0,89.47000122070312,125.16000366210938,305.3599853515625,0.0,3.7944011332912737,20.90122009277344,16.835870003700258,0,7,3.0,0.13934285714285716,1.1428571428571428,0.14285714285714285,0.2857142857142857,0.5714285714285714
2023-03-20,25.89999961853028,432747000,90.04000091552734,126.41999816894533,305.9700012207031,0.6802691330049626,3.738401986244455,21.133920078277587,16.873770003318786,1,5,2.4,0.07294,0.2,0.4,0.4,0.4
2023-03-21,26.198999404907227,547408000,92.5,126.81999969482422,310.3399963378906,1.154439346643965,3.7359597837757,21.36072006225585,16.906805005073547,1,3,2.3333333333333335,0.426,0.0,0.6666666666666666,0.3333333333333333,0.6666666666666666
2023-03-22,26.468000411987305,797295000,92.62000274658205,126.00499725341795,306.1199951171875,1.026760613726685,3.645205591414361,21.577520065307617,16.94554501056671,1,6,2.8333333333333335,0.23485,1.5,0.5,0.16666666666666666,0.6666666666666666
2023-03-23,27.19099998474121,564889000,94.58999633789062,129.35499572753906,309.75,2.731598766435184,3.66330446372613,21.80316005706787,16.98757001399994,1,4,1.75,0.11615,0.0,0.75,0.25,0.25
2023-03-24,26.77899932861328,454920000,92.79000091552734,127.30999755859376,310.8900146484375,-1.515209651572702,3.686366366875645,22.018720054626463,17.026835007667543,1,5,2.2,0.26168,0.4,0.6,0.2,0.6
2023-03-25,26.77899932861328,0,92.79000091552734,127.30999755859376,310.8900146484375,0.0,3.686366366875645,22.018720054626463,17.026835007667543,0,6,3.3333333333333335,0.46885,0.6666666666666666,0.3333333333333333,0.0,0.8333333333333334
2023-03-26,26.77899932861328,0,92.79000091552734,127.30999755859376,310.8900146484375,0.0,3.686366366875645,22.018720054626463,17.026835007667543,0,4,2.5,0.716,59.0,0.5,0.0,1.0
2023-03-27,26.5310001373291,361026000,90.66000366210938,125.8249969482422,308.760009765625,-0.9260958120238416,3.553672895894532,22.219120063781737,17.06625000476837,1,6,2.6666666666666665,0.3156666666666667,1.0,0.3333333333333333,0.16666666666666666,0.6666666666666666
2023-03-28,26.40999984741211,356104000,90.80999755859376,124.9499969482422,307.1199951171875,-0.4560713478220735,3.5465440401969754,22.409340057373047,17.108060002326965,1,6,3.0,0.28676666666666667,0.16666666666666666,0.5,0.3333333333333333,0.6666666666666666
2023-03-29,26.983999252319336,393694000,92.76000213623048,128.83999633789062,312.7200012207031,2.173416918680804,3.44522939645422,22.5949800491333,17.15810999393463,1,4,2.5,-0.11839999999999998,1.0,0.5,0.5,0.5
2023-03-30,27.382999420166016,364516000,92.47000122070312,130.68499755859375,315.67999267578125,1.4786546801893508,3.4370324586449743,22.795100021362305,17.216789989471437,1,6,3.5,0.4354833333333334,2.6666666666666665,0.3333333333333333,0.16666666666666666,0.6666666666666666
2023-03-31,27.777000427246094,433933000,93.0199966430664,131.59500122070312,320.92999267578125,1.438852629087517,3.354102800097127,23.015340042114257,17.276494989395143,1,4,3.75,-0.10407500000000001,12.25,0.25,0.5,0.5
2023-04-01,27.777000427246094,0,93.0199966430664,131.59500122070312,320.92999267578125,0.0,3.354102800097127,23.015340042114257,17.276494989395143,0,7,2.5714285714285716,0.46694285714285716,0.14285714285714285,0.2857142857142857,0.0,0.7142857142857143
2023-04-02,27.777000427246094,0,93.0199966430664,131.59500122070312,320.92999267578125,0.0,3.354102800097127,23.015340042114257,17.276494989395143,0,4,3.5,-0.02915000000000001,0.25,0.25,0.5,0.25
2023-04-03,27.96500015258789,398716000,92.83999633789062,130.84500122070312,320.1499938964844,0.6768179517230744,3.2839840700433345,23.21786003112793,17.33368498802185,1,7,2.857142857142857,0.3111428571428571,0.14285714285714285,0.42857142857142855,0.14285714285714285,0.5714285714285714
2023-04-04,27.452999114990234,368592000,92.16999816894533,128.8350067138672,319.07000732421875,-1.8308637039298408,3.223028613005844,23.3830599975586,17.392944984436035,1,5,2.8,0.027100000000000003,0.0,0.4,0.4,0.2
2023-04-05,26.881000518798828,515015000,90.1999969482422,126.58000183105467,315.9200134277344,-2.083555948825555,3.2709283424360653,23.5353800201416,17.447949986457825,1,6,2.3333333333333335,0.21958333333333332,1.5,0.5,0.16666666666666666,0.3333333333333333
2023-04-06,27.03700065612793,397654000,90.23999786376952,126.1999969482422,318.04998779296875,0.5803360526703827,2.13819104707749,23.68966003417969,17.500304989814758,1,6,2.0,0.04876666666666666,1.6666666666666667,0.3333333333333333,0.3333333333333333,0.3333333333333333
2023-04-07,27.03700065612793,0,90.23999786376952,126.1999969482422,318.04998779296875,0.0,2.13819104707749,23.68966003417969,17.500304989814758,0,9,2.111111111111111,0.057555555555555554,1.1111111111111112,0.6666666666666666,0.4444444444444444,0.3333333333333333
2023-04-08,27.03700065612793,0,90.23999786376952,126.1999969482422,318.04998779296875,0.0,2.13819104707749,23.68966003417969,17.500304989814758,0,4,4.0,0.190075,0.0,0.25,0.5,0.5
2023-04-09,27.03700065612793,0,90.23999786376952,126.1999969482422,318.04998779296875,0.0,2.13819104707749,23.68966003417969,17.500304989814758,0,7,2.2857142857142856,0.19740000000000002,0.42857142857142855,0.5714285714285714,0.42857142857142855,0.42857142857142855
2023-04-10,27.57900047302246,395279000,89.0199966430664,128.11000061035156,317.8699951171875,2.0046595544675805,2.1193213310606054,23.84520004272461,17.556399989128114,1,2,2.0,-0.38634999999999997,0.0,0.5,1.0,0.0
2023-04-11,27.16900062561035,314378000,89.23999786376953,127.43000030517578,315.8299865722656,-1.4866378055041096,2.151565966224925,23.98128005981445,17.611119990348815,1,8,1.75,-0.07622499999999999,3.5,0.75,0.5,0.5
2023-04-12,26.4950008392334,446259000,86.87000274658203,125.16500091552734,313.0400085449219,-2.480767679550277,2.1984552573133955,24.12794006347656,17.657964997291565,1,13,2.4615384615384617,0.00186153846153847,0.3076923076923077,0.38461538461538464,0.38461538461538464,0.3076923076923077
2023-04-13,26.46299934387207,353615000,87.05000305175781,126.1750030517578,319.1700134277344,-0.1207831453016616,2.1422693691869426,24.266460037231447,17.70593499660492,1,8,1.875,-0.159775,2.125,0.5,0.625,0.125
2023-04-14,26.757999420166016,395660000,87.19999694824219,126.04000091552734,318.57000732421875,1.1147643260712048,2.1057638476180425,24.382760009765622,17.75981499195099,1,11,2.4545454545454546,0.23822727272727276,23.636363636363637,0.5454545454545454,0.36363636363636365,0.5454545454545454
2023-04-15,26.757999420166016,0,87.19999694824219,126.04000091552734,318.57000732421875,0.0,2.1057638476180425,24.382760009765622,17.75981499195099,0,13,2.0,0.012076923076923072,1.0769230769230769,0.5384615384615384,0.3076923076923077,0.38461538461538464
2023-04-16,26.757999420166016,0,87.19999694824219,126.04000091552734,318.57000732421875,0.0,2.1057638476180425,24.382760009765622,17.75981499195099,0,5,3.4,-0.027360000000000006,0.8,0.4,0.4,0.2
2023-04-17,27.00200080871582,321471000,87.98999786376953,125.9499969482422,318.8399963378906,0.9118820309335752,2.0739827447600567,24.48862003326416,17.817114996910096,1,8,2.75,0.2113,11.375,0.5,0.375,0.625
2023-04-18,27.66699981689453,604812000,88.13999938964844,126.51499938964844,318.8599853515625,2.46277678787441,2.076176049372172,24.619960021972656,17.879654994010924,1,13,2.3076923076923075,0.2058846153846154,0.6923076923076923,0.5384615384615384,0.15384615384615385,0.5384615384615384
2023-04-19,27.93099975585937,358660000,87.2300033569336,125.31500244140624,318.7099914550781,0.9542051567283938,2.0524808863080084,24.75680000305176,17.946694993972777,1,12,2.0833333333333335,0.09839166666666667,1.75,0.5833333333333334,0.4166666666666667,0.5
2023-04-20,27.10400009155273,427713000,89.29000091552734,125.45500183105467,316.2799987792969,-2.9608666769371683,2.061352388840543,24.855419998168944,18.007394995689392,1,6,2.6666666666666665,-0.07639999999999998,46.0,0.5,0.6666666666666666,0.3333333333333333
2023-04-21,27.11899948120117,345103000,85.37000274658203,124.16999816894533,316.6099853515625,0.0553401328134972,1.9554594325176784,24.95369998931885,18.067339992523195,1,10,1.7,0.18085,1.9,0.8,0.1,0.4
2023-04-22,27.11899948120117,0,85.37000274658203,124.16999816894533,316.6099853515625,0.0,1.9554594325176784,24.95369998931885,18.067339992523195,0,9,1.6666666666666667,-0.018511111111111107,0.6666666666666666,0.6666666666666666,0.4444444444444444,0.4444444444444444
2023-04-23,27.11899948120117,0,85.37000274658203,124.16999816894533,316.6099853515625,0.0,1.9554594325176784,24.95369998931885,18.067339992523195,0,11,2.3636363636363638,0.014863636363636372,9.181818181818182,0.45454545454545453,0.36363636363636365,0.45454545454545453
2023-04-24,27.04199981689453,339282000,84.63999938964844,123.50499725341795,315.95001220703125,-0.283932540947962,1.903595172912233,25.04779998779297,18.12325999259949,1,7,2.2857142857142856,0.26781428571428567,1.1428571428571428,0.5714285714285714,0.2857142857142857,0.7142857142857143
2023-04-25,26.24099922180176,378527000,82.29000091552734,119.58999633789062,309.989990234375,-2.962061239983982,2.0078334635446,25.147319984436034,18.175274987220764,1,6,2.1666666666666665,0.08113333333333332,0.5,0.5,0.3333333333333333,0.5
2023-04-26,26.95599937438965,406337000,82.25,120.4250030517578,311.8699951171875,2.72474438394803,1.8872080544767087,25.2506799697876,18.23429498195648,1,9,2.111111111111111,0.3993555555555555,1.4444444444444444,0.6666666666666666,0.0,0.6666666666666666
2023-04-27,27.22599983215332,377161000,83.66999816894531,121.58999633789062,320.3500061035156,1.0016340110921451,1.889758594424612,25.33577995300293,18.29501498222351,1,2,3.0,-0.20095,0.0,0.5,0.5,0.0
2023-04-28,27.749000549316406,292216000,84.30000305175781,123.625,322.5599975585937,1.920960553835882,1.6642647672155673,25.43547996520996,18.35793998718262,1,5,1.8,-0.04360000000000001,0.0,0.8,0.4,0.4
2023-04-29,27.749000549316406,0,84.30000305175781,123.625,322.5599975585937,0.0,1.6642647672155673,25.43547996520996,18.35793998718262,0,11,2.1818181818181817,-0.03668181818181817,1.0,0.6363636363636364,0.45454545454545453,0.36363636363636365
2023-04-30,27.749000549316406,0,84.30000305175781,123.625,322.5599975585937,0.0,1.6642647672155673,25.43547996520996,18.35793998718262,0,7,2.7142857142857144,0.09509999999999999,1.7142857142857142,0.5714285714285714,0.2857142857142857,0.5714285714285714
2023-05-01,28.90999984741211,570329000,83.9800033569336,124.56999969482422,322.19000244140625,4.1839319438995215,1.8089796615764704,25.573639945983885,18.425629987716675,1,7,2.5714285714285716,0.2024857142857143,0.8571428571428571,0.42857142857142855,0.0,0.42857142857142855
2023-05-02,28.209999084472656,402730000,82.95999908447266,123.48999786376952,319.3800048828125,-2.421310157848766,1.8799796511674536,25.71007991790772,18.48786998271942,1,6,3.3333333333333335,0.026066666666666665,0.5,0.3333333333333333,0.16666666666666666,0.3333333333333333
2023-05-03,27.802000045776367,383387000,82.69999694824219,122.21499633789062,317.2900085449219,-1.4462922791119823,1.899193252108698,25.85301990509033,18.546374983787537,1,9,2.7777777777777777,0.1143,0.7777777777777778,0.4444444444444444,0.4444444444444444,0.5555555555555556
2023-05-04,27.562000274658203,321850000,83.48999786376953,121.80500030517578,316.1700134277344,-0.86324642372132,1.9027007337655,25.98917991638184,18.599224982261656,1,1,2.0,-0.0688,0.0,0.0,1.0,0.0
2023-05-05,28.68000030517578,361494000,84.97000122070312,124.37999725341795,322.8900146484375,4.056309481810438,1.9784803378148623,26.08949993133545,18.65358998775482,1,6,1.8333333333333333,0.1974,7.5,0.6666666666666666,0.0,0.3333333333333333
2023-05-06,28.68000030517578,0,84.97000122070312,124.37999725341795,322.8900146484375,0.0,1.9784803378148623,26.08949993133545,18.65358998775482,0,6,2.1666666666666665,0.32256666666666667,1.5,0.6666666666666666,0.3333333333333333,0.6666666666666666
2023-05-07,28.68000030517578,0,84.97000122070312,124.37999725341795,322.8900146484375,0.0,1.9784803378148623,26.08949993133545,18.65358998775482,0,6,1.8333333333333333,0.19309999999999997,0.0,0.6666666666666666,0.16666666666666666,0.5
2023-05-08,29.150999069213867,344979000,85.54000091552734,125.06999969482422,323.69000244140625,1.6422550872605246,1.968227801821204,26.20679992675781,18.709094986915588,1,4,3.25,0.04022500000000001,1.0,0.25,0.25,0.5
2023-05-09,28.57099914550781,314869000,85.05999755859375,123.13999938964844,321.6400146484375,-1.989639951375077,2.0004251529805765,26.308199920654296,18.765354981422423,1,6,3.5,0.17951666666666666,0.8333333333333334,0.16666666666666666,0.16666666666666666,0.5
2023-05-10,28.88500022888184,369350000,84.9000015258789,124.13999938964844,325.1400146484375,1.0990203099823903,2.001203432803349,26.421579933166505,18.8246599817276,1,6,2.8333333333333335,0.04265,0.3333333333333333,0.5,0.5,0.5
2023-05-11,28.577999114990234,322149000,83.43000030517578,123.04000091552734,326.20001220703125,-1.0628392295619071,1.984916930054324,26.53917991638184,18.884884972572326,1,4,2.75,0.4609,9.75,0.5,0.0,1.0
2023-05-12,28.34000015258789,274222000,83.43000030517578,122.9000015258789,325.0299987792969,-0.8328048490893303,1.9788453164576567,26.63969993591309,18.937634968757628,1,9,3.0,0.3777333333333333,3.3333333333333335,0.3333333333333333,0.2222222222222222,0.6666666666666666
2023-05-13,28.34000015258789,0,83.43000030517578,122.9000015258789,325.0299987792969,0.0,1.9788453164576567,26.63969993591309,18.937634968757628,0,4,3.0,0.30655,1.25,0.25,0.5,0.5
2023-05-14,28.34000015258789,0,83.43000030517578,122.9000015258789,325.0299987792969,0.0,1.9788453164576567,26.63969993591309,18.937634968757628,0,6,2.1666666666666665,-0.10395,0.5,0.6666666666666666,0.5,0.5
2023-05-15,28.952999114990234,293926000,85.66000366210938,126.12000274658205,326.7900085449219,2.163016792878758,1.9996262512975325,26.740959930419923,18.992479968070985,1,4,3.0,0.318575,0.75,0.25,0.25,0.5
2023-05-16,29.21299934387207,449405000,85.87999725341797,126.08999633789062,327.1600036621094,0.8980079329578672,2.002013201920181,26.85413990020752,19.047729964256288,1,5,2.6,-0.2633,6.0,0.4,0.6,0.2
2023-05-17,30.17799949645996,432535000,90.87999725341795,129.5,331.1199951171875,3.3033244591857303,2.044514915281299,26.991939888000488,19.10641496181488,1,6,2.0,0.22903333333333334,1.6666666666666667,0.5,0.3333333333333333,0.5
2023-05-18,31.67799949645996,748725000,92.6500015258789,134.0399932861328,337.2699890136719,4.970508400253504,2.159069156000011,27.1418798828125,19.17217496395111,1,6,3.1666666666666665,0.23106666666666667,1.0,0.3333333333333333,0.16666666666666666,0.6666666666666666
2023-05-19,31.263999938964844,473908000,92.58000183105467,133.3000030517578,336.510009765625,-1.3068993120647687,2.186118611877292,27.298439865112304,19.23402996540069,1,9,1.3333333333333333,0.0031666666666666696,1.3333333333333333,0.7777777777777778,0.3333333333333333,0.4444444444444444
2023-05-20,31.263999938964844,0,92.58000183105467,133.3000030517578,336.510009765625,0.0,2.186118611877292,27.298439865112304,19.23402996540069,0,5,2.4,0.0336,1.0,0.4,0.4,0.4
2023-05-21,31.263999938964844,0,92.58000183105467,133.3000030517578,336.510009765625,0.0,2.186118611877292,27.298439865112304,19.23402996540069,0,6,1.1666666666666667,0.16993333333333335,6.0,0.8333333333333334,0.16666666666666666,0.6666666666666666
2023-05-22,31.176000595092773,372000000,91.72000122070312,133.19000244140625,337.6400146484375,-0.2814718015732742,2.171959205881824,27.4626598739624,19.293834967613225,1,9,3.111111111111111,-0.000788888888888876,5.111111111111111,0.3333333333333333,0.3333333333333333,0.4444444444444444
2023-05-23,30.6879997253418,356253000,90.44000244140624,131.27000427246094,333.3599853515625,-1.5653094060685602,2.174401867063984,27.61709987640381,19.35232996463776,1,5,1.8,0.1068,0.8,0.6,0.4,0.4
2023-05-24,30.538000106811523,721419000,90.12999725341795,129.33999633789062,331.6499938964844,-0.4887891679900003,2.111986187951726,27.7465998840332,19.41605496883392,1,2,1.5,-0.374,0.5,0.5,1.0,0.0
2023-05-25,37.97999954223633,1543911000,100.9499969482422,140.4600067138672,339.7200012207031,24.369635894280005,4.83855665825242,28.021639862060542,19.52052496433258,1,2,4.5,0.7025,3.5,0.0,0.0,1.0
2023-05-26,38.94599914550781,714397000,103.20999908447266,147.36000061035156,348.3999938964844,2.5434429039348228,4.843574289162114,28.289739837646483,19.624769959449768,1,7,2.7142857142857144,0.08979999999999999,0.7142857142857143,0.5714285714285714,0.42857142857142855,0.2857142857142857
2023-05-27,38.94599914550781,0,103.20999908447266,147.36000061035156,348.3999938964844,0.0,4.843574289162114,28.289739837646483,19.624769959449768,0,5,2.2,0.0028000000000000026,2.0,0.6,0.4,0.6
2023-05-28,38.94599914550781,0,103.20999908447266,147.36000061035156,348.3999938964844,0.0,4.843574289162114,28.289739837646483,19.624769959449768,0,7,2.857142857142857,0.39884285714285717,1.4285714285714286,0.42857142857142855,0.0,0.5714285714285714
2023-05-29,38.94599914550781,0,103.20999908447266,147.36000061035156,348.3999938964844,0.0,4.843574289162114,28.289739837646483,19.624769959449768,0,9,2.4444444444444446,0.14583333333333334,3.111111111111111,0.5555555555555556,0.2222222222222222,0.5555555555555556
2023-05-30,40.11100006103516,923401000,101.9800033569336,148.07000732421875,349.9800109863281,2.9913237330867704,4.851814575770316,28.5774598312378,19.73561496257782,1,2,1.0,-0.3591,1.0,1.0,1.0,0.0
2023-05-31,37.83399963378906,1002580000,98.58999633789062,144.3300018310547,347.989990234375,-5.676748083521432,5.016800399134177,28.81613983154297,19.83123996257782,1,2,1.0,0.61305,1.0,1.0,0.0,1.0
2023-06-01,39.77000045776367,635873000,98.83999633789062,146.5,352.010009765625,5.117092675143953,5.068281324282693,29.08755985260009,19.93492996692657,1,4,2.75,-0.034650000000000014,0.5,0.0,0.25,0.25
2023-06-02,39.32699966430664,482731000,98.94000244140624,146.13999938964844,354.6499938964844,-1.1139069357756326,5.0258214728097,29.34473983764649,20.037169966697693,1,7,2.7142857142857144,0.11974285714285714,0.14285714285714285,0.42857142857142855,0.2857142857142857,0.42857142857142855
2023-06-03,39.32699966430664,0,98.94000244140624,146.13999938964844,354.6499938964844,0.0,5.0258214728097,29.34473983764649,20.037169966697693,0,5,3.0,0.15038,0.0,0.4,0.2,0.4
2023-06-04,39.32699966430664,0,98.94000244140624,146.13999938964844,354.6499938964844,0.0,5.0258214728097,29.34473983764649,20.037169966697693,0,5,3.0,-0.07368,2.4,0.4,0.6,0.4
2023-06-05,39.17100143432617,396094000,98.0500030517578,144.30999755859375,354.8999938964844,-0.3966695433469724,5.030537280214519,29.584339866638185,20.14134997844696,1,2,1.0,-0.5483,0.0,1.0,1.0,0.0
2023-06-06,38.65399932861328,388729000,99.81999969482422,145.3300018310547,354.8399963378906,-1.3198593009670525,5.045623642259413,29.821839866638182,20.240754971504213,1,5,2.6,0.017180000000000018,0.0,0.6,0.2,0.4
2023-06-07,37.47499847412109,511998000,100.29000091552734,144.5,348.82000732421875,-3.0501393774781893,5.048219281229006,30.040719833374023,20.338884959220888,1,5,3.2,0.29938,0.0,0.2,0.2,0.6
2023-06-08,38.5099983215332,417772000,99.94000244140624,146.1699981689453,353.1499938964844,2.7618409327670568,5.0485834041032485,30.282719802856445,20.44626494884491,1,6,1.1666666666666667,-0.10248333333333333,0.6666666666666666,0.8333333333333334,0.5,0.16666666666666666
2023-06-09,38.77000045776367,427717000,102.8000030517578,146.83999633789062,354.5,0.6751548885035596,5.049615845257367,30.51843982696533,20.55420995235443,1,8,3.0,0.176125,0.0,0.5,0.25,0.5
2023-06-10,38.77000045776367,0,102.8000030517578,146.83999633789062,354.5,0.0,5.049615845257367,30.51843982696533,20.55420995235443,0,6,2.5,0.09985000000000001,3.5,0.5,0.5,0.5
2023-06-11,38.77000045776367,0,102.8000030517578,146.83999633789062,354.5,0.0,5.049615845257367,30.51843982696533,20.55420995235443,0,6,1.3333333333333333,0.10554999999999999,0.0,0.8333333333333334,0.16666666666666666,0.6666666666666666
2023-06-12,39.48199844360352,388701000,107.05999755859376,151.17999267578125,360.489990234375,1.8364662817466293,5.049278797682329,30.760419807434083,20.665509943962096,1,8,3.5,0.46645000000000003,0.125,0.25,0.125,0.75
2023-06-13,41.02199935913086,613208000,106.8000030517578,153.27000427246094,363.260009765625,3.90051409815817,5.043945984739762,31.025319786071776,20.781054940223694,1,3,2.3333333333333335,0.1998,0.0,0.6666666666666666,0.0,0.3333333333333333
2023-06-14,42.99700164794922,740465000,107.41000366210938,155.60000610351562,365.8999938964844,4.814495440673228,5.033659298064102,31.325959815979004,20.91473994731903,1,8,2.5,0.1266125,8.125,0.625,0.125,0.5
2023-06-15,42.65299987792969,568622000,105.18000030517578,154.47999572753906,370.260009765625,-0.8000599037955025,5.021874743355039,31.629959831237795,21.04899994850159,1,5,2.4,0.39364,0.0,0.6,0.0,0.6
2023-06-16,42.69200134277344,655709000,104.56999969482422,153.3800048828125,367.9299926757813,0.0914389725350295,5.009086771161918,31.94617984771729,21.18511995315552,1,5,3.4,0.1389,0.2,0.4,0.4,0.6
2023-06-17,42.69200134277344,0,104.56999969482422,153.3800048828125,367.9299926757813,0.0,5.009086771161918,31.94617984771729,21.18511995315552,0,4,1.75,0.140625,0.25,0.75,0.25,0.5
2023-06-18,42.69200134277344,0,104.56999969482422,153.3800048828125,367.9299926757813,0.0,5.009086771161918,31.94617984771729,21.18511995315552,0,2,2.0,0.16625,1.0,0.5,0.0,1.0
2023-06-19,42.69200134277344,0,104.56999969482422,153.3800048828125,367.9299926757813,0.0,5.009086771161918,31.94617984771729,21.18511995315552,0,6,2.6666666666666665,0.37388333333333335,0.16666666666666666,0.5,0.0,0.8333333333333334
2023-06-20,43.80799865722656,451153000,103.9800033569336,152.83999633789062,366.8999938964844,2.614066521484437,4.991373510804494,32.281599807739255,21.328689947128296,1,4,4.75,0.5144500000000001,0.25,0.0,0.25,0.75
2023-06-21,43.04499816894531,551603000,101.63999938964844,149.33999633789062,361.8999938964844,-1.7416921833186438,5.0268643846295005,32.59091976165772,21.47422993659973,1,8,1.875,0.15115,1.125,0.75,0.375,0.5
2023-06-22,43.025001525878906,417737000,103.12999725341795,150.0800018310547,366.1700134277344,-0.0464552071483992,4.993860432144282,32.908039779663085,21.6211199426651,1,4,3.0,-0.13837500000000003,0.0,0.5,0.5,0.25
2023-06-23,42.20899963378906,358140000,101.91000366210938,147.52999877929688,362.5400085449219,-1.8965760909945173,5.031592402361322,33.2223197555542,21.764839940071106,1,6,2.8333333333333335,0.10698333333333333,1.6666666666666667,0.5,0.16666666666666666,0.3333333333333333
2023-06-24,42.20899963378906,0,101.91000366210938,147.52999877929688,362.5400085449219,0.0,5.031592402361322,33.2223197555542,21.764839940071106,0,6,2.6666666666666665,-0.08948333333333335,0.0,0.5,0.3333333333333333,0.5
2023-06-25,42.20899963378906,0,101.91000366210938,147.52999877929688,362.5400085449219,0.0,5.031592402361322,33.2223197555542,21.764839940071106,0,5,3.2,0.25604,3.6,0.4,0.2,0.6
2023-06-26,40.63199996948242,594322000,100.11000061035156,146.85000610351562,357.67999267578125,-3.736169248238297,5.099603558713622,33.50569976806641,21.899429941177367,1,3,3.0,0.5959333333333333,1.3333333333333333,0.3333333333333333,0.0,1.0
2023-06-27,41.8759994506836,462175000,102.08000183105467,151.50999450683594,363.8299865722656,3.0616250298668657,5.093181420581414,33.80805976867676,22.0388599395752,1,5,2.8,0.03088,0.0,0.4,0.0,0.4
2023-06-28,41.117000579833984,582639000,100.91999816894533,150.13999938964844,364.5400085449219,-1.8124913573548616,5.124884154578903,34.09035976409912,22.17250994205475,1,7,3.2857142857142856,-0.039228571428571425,0.2857142857142857,0.14285714285714285,0.2857142857142857,0.14285714285714285
2023-06-29,40.821998596191406,380514000,100.63999938964844,149.9199981689453,363.80999755859375,-0.7174696098510291,5.137622103711522,34.35345973968506,22.3040949344635,1,5,2.0,0.31894,0.0,0.6,0.0,0.8
2023-06-30,42.30199813842773,501148000,100.91999816894533,152.25,369.4200134277344,3.625495059358541,5.142425389105398,34.640879707336424,22.449949927330017,1,4,2.25,0.169275,0.0,0.5,0.0,0.25
2023-07-01,42.30199813842773,0,100.91999816894533,152.25,369.4200134277344,0.0,5.142425389105398,34.640879707336424,22.449949927330017,0,10,1.9,-0.06011999999999999,5.9,0.7,0.3,0.4
2023-07-02,42.30199813842773,0,100.91999816894533,152.25,369.4200134277344,0.0,5.142425389105398,34.640879707336424,22.449949927330017,0,10,2.5,0.13816,0.1,0.6,0.4,0.5
2023-07-03,42.41299819946289,198209000,103.1500015258789,153.60000610351562,370.2900085449219,0.2623990967800749,5.096522024137499,34.94705966949463,22.59637491703033,1,6,2.6666666666666665,0.08351666666666667,0.3333333333333333,0.3333333333333333,0.3333333333333333,0.5
2023-07-04,42.41299819946289,0,103.1500015258789,153.60000610351562,370.2900085449219,0.0,5.096522024137499,34.94705966949463,22.59637491703033,0,7,3.0,0.2453,6.571428571428571,0.2857142857142857,0.14285714285714285,0.42857142857142855
2023-07-05,42.31700134277344,323618000,100.98999786376952,150.6999969482422,370.2799987792969,-0.2263382943077818,5.082794629986479,35.25101970672608,22.74331492424012,1,7,2.857142857142857,0.2531285714285714,0.7142857142857143,0.42857142857142855,0.2857142857142857,0.5714285714285714
2023-07-06,42.10300064086914,303582000,99.41000366210938,148.91000366210938,367.4599914550781,-0.5057085689292196,5.085100880949536,35.55223972320557,22.88783992767334,1,15,2.466666666666667,0.0891,0.4,0.5333333333333333,0.3333333333333333,0.4666666666666667
2023-07-07,42.50299835205078,355881000,100.2300033569336,149.0500030517578,366.239990234375,0.9500456145478786,5.059989451340266,35.87747970581054,23.03344491958618,1,9,1.8888888888888888,-0.038711111111111106,0.7777777777777778,0.7777777777777778,0.4444444444444444,0.2222222222222222
2023-07-08,42.50299835205078,0,100.2300033569336,149.0500030517578,366.239990234375,0.0,5.059989451340266,35.87747970581054,23.03344491958618,0,5,2.4,0.18018,0.8,0.4,0.2,0.6
2023-07-09,42.50299835205078,0,100.2300033569336,149.0500030517578,366.239990234375,0.0,5.059989451340266,35.87747970581054,23.03344491958618,0,4,1.75,-0.13882499999999998,1.25,0.75,0.5,0.25
2023-07-10,42.18000030517578,353908000,99.7699966430664,151.16000366210938,366.3599853515625,-0.7599417909287642,5.063356425042183,36.18195972442627,23.17846492290497,1,7,1.1428571428571428,0.053399999999999996,2.142857142857143,0.8571428571428571,0.2857142857142857,0.42857142857142855
2023-07-11,42.40499877929688,298244000,101.26000213623048,151.32000732421875,368.1700134277344,0.5334245436064755,2.5452386518795453,36.48553970336914,23.324184918403624,1,7,2.5714285714285716,0.3481714285714285,0.42857142857142855,0.5714285714285714,0.2857142857142857,0.7142857142857143
2023-07-12,43.902000427246094,481277000,103.9000015258789,154.5,372.8200073242188,3.530248062830021,2.580042821415998,36.808599700927736,23.48088992118836,1,5,1.2,0.28474,0.0,0.8,0.0,0.6
2023-07-13,45.97700119018555,478204000,105.56999969482422,158.2100067138672,379.1499938964844,4.7264378450775135,2.657670012594903,37.149939727783206,23.64819492816925,1,23,2.4347826086956523,-0.05834782608695652,0.7391304347826086,0.5217391304347826,0.5217391304347826,0.43478260869565216
2023-07-14,45.46900177001953,772075000,105.13999938964844,156.89999389648438,379.0700073242188,-1.1048989864838266,2.41154638230787,37.49511978149414,23.81439993858337,1,9,3.111111111111111,0.5109666666666667,1.0,0.4444444444444444,0.1111111111111111,0.7777777777777778
2023-07-15,45.46900177001953,0,105.13999938964844,156.89999389648438,379.0700073242188,0.0,2.41154638230787,37.49511978149414,23.81439993858337,0,5,1.8,0.07803999999999998,1.2,0.8,0.2,0.2
2023-07-16,45.46900177001953,0,105.13999938964844,156.89999389648438,379.0700073242188,0.0,2.41154638230787,37.49511978149414,23.81439993858337,0,4,4.25,0.345225,0.5,0.0,0.25,0.75
2023-07-17,46.46099853515625,510488000,104.79000091552734,159.82000732421875,382.6099853515625,2.181699018056737,2.279674385986314,37.86829975128174,23.9846399307251,1,4,1.0,-0.17877500000000002,0.5,1.0,0.5,0.0
2023-07-18,47.49399948120117,569164000,103.1500015258789,160.25999450683594,385.739990234375,2.223372244708144,2.2773786744070827,38.2669397354126,24.158429927825928,1,6,3.5,0.21105,0.0,0.16666666666666666,0.3333333333333333,0.5
2023-07-19,47.07699966430664,427502000,103.05999755859376,158.5800018310547,385.6499938964844,-0.8780052668750038,2.286725614043177,38.634879722595215,24.33271492481232,1,5,2.4,0.13696,0.2,0.4,0.2,0.6
2023-07-20,45.52000045776367,537865000,97.86000061035156,152.97000122070312,376.760009765625,-3.3073458751524343,2.372632682739793,38.96225975036621,24.49961992740631,1,3,1.0,-0.46456666666666663,0.0,1.0,1.0,0.0
2023-07-21,44.30899810791016,963769000,97.25,153.7899932861328,375.6300048828125,-2.6603742040318346,2.35309256877658,39.27701972961426,24.658604917526244,1,5,2.6,0.02617999999999998,0.2,0.6,0.4,0.4
2023-07-22,44.30899810791016,0,97.25,153.7899932861328,375.6300048828125,0.0,2.35309256877658,39.27701972961426,24.658604917526244,0,5,1.8,0.4474600000000001,0.8,0.8,0.0,0.8
2023-07-23,44.30899810791016,0,97.25,153.7899932861328,375.6300048828125,0.0,2.35309256877658,39.27701972961426,24.658604917526244,0,4,2.0,0.18722499999999997,1.25,0.5,0.25,0.5
2023-07-24,44.61199951171875,382516000,98.25,153.9199981689453,376.2300109863281,0.683837181492275,2.317160505801322,39.591559715271,24.815829916000368,1,4,4.0,0.33342499999999997,0.0,0.25,0.25,0.5
2023-07-25,45.67900085449219,348081000,100.31999969482422,156.38999938964844,378.7799987792969,2.3917362020349664,2.342253037296256,39.93357975006104,24.97817992210388,1,9,1.7777777777777777,-0.09763333333333332,0.1111111111111111,0.7777777777777778,0.4444444444444444,0.5555555555555556
2023-07-26,45.45199966430664,364237000,99.41000366210938,154.67999267578125,377.5199890136719,-0.4969486765015851,2.337638714318285,40.27581974029541,25.13978991985321,1,3,3.0,0.41850000000000004,0.3333333333333333,0.3333333333333333,0.0,0.6666666666666666
2023-07-27,45.900001525878906,455976000,99.3499984741211,157.4600067138672,376.6199951171875,0.9856592996591028,2.250225136133151,40.61475978851318,25.30890992641449,1,5,4.0,0.47016,7.0,0.0,0.2,0.6
2023-07-28,46.75,331194000,100.86000061035156,160.5,383.4800109863281,1.8518484659349133,2.110454574942044,40.965499801635744,25.48430992603302,1,5,3.0,0.47538,0.4,0.4,0.0,0.8
2023-07-29,46.75,0,100.86000061035156,160.5,383.4800109863281,0.0,2.110454574942044,40.965499801635744,25.48430992603302,0,3,3.0,0.3572333333333333,0.0,0.3333333333333333,0.0,0.6666666666666666
2023-07-30,46.75,0,100.86000061035156,160.5,383.4800109863281,0.0,2.110454574942044,40.965499801635744,25.48430992603302,0,8,2.625,0.10163750000000002,0.125,0.5,0.25,0.625
2023-07-31,46.729000091552734,251055000,99.1500015258789,160.6199951171875,383.6799926757813,-0.0449195902615273,2.101356015245716,41.2965198135376,25.66002492427826,1,4,3.25,0.35635,0.0,0.25,0.0,1.0
2023-08-01,46.50699996948242,237858000,98.4000015258789,160.52999877929688,382.7900085449219,-0.475079975251691,2.1060762053959894,41.59309982299805,25.83505992412568,1,2,4.5,0.5549999999999999,0.0,0.0,0.0,1.0
2023-08-02,44.26900100708008,530142000,95.6999969482422,154.63999938964844,374.3900146484375,-4.812176583892535,2.256614758920556,41.853199844360354,25.99660492897034,1,4,1.75,0.225875,2.75,0.75,0.25,0.75
2023-08-03,44.51499938964844,324176000,94.9800033569336,154.19000244140625,373.7900085449219,0.555689934202519,2.2322320496608445,42.119979820251466,26.163044924736024,1,9,4.111111111111111,0.1594111111111111,4.333333333333333,0.1111111111111111,0.2222222222222222,0.5555555555555556
2023-08-04,44.68000030517578,362666000,96.16000366210938,154.25,372.0400085449219,0.3706636365038651,2.2323548915200497,42.39981983184814,26.327004928588867,1,8,2.625,0.624875,34.75,0.375,0.125,0.875
2023-08-05,44.68000030517578,0,96.16000366210938,154.25,372.0400085449219,0.0,2.2323548915200497,42.39981983184814,26.327004928588867,0,11,3.272727272727273,0.4465818181818182,2.090909090909091,0.36363636363636365,0.09090909090909091,0.7272727272727273
2023-08-06,44.68000030517578,0,96.16000366210938,154.25,372.0400085449219,0.0,2.2323548915200497,42.39981983184814,26.327004928588867,0,7,2.5714285714285716,-0.02431428571428571,0.0,0.42857142857142855,0.2857142857142857,0.2857142857142857
2023-08-07,45.41699981689453,322154000,96.3499984741211,155.91000366210938,375.1900024414063,1.64950650556146,2.2140600401039445,42.6973998260498,26.4942549276352,1,6,2.6666666666666665,0.18185000000000004,0.0,0.3333333333333333,0.16666666666666666,0.6666666666666666
2023-08-08,44.66400146484375,353843000,94.48999786376952,153.33999633789062,372.0,-1.657965860991717,2.114734812508905,42.83107986450195,26.65731993675232,1,7,2.5714285714285716,0.3792285714285714,0.42857142857142855,0.42857142857142855,0.0,0.5714285714285714
2023-08-09,42.55400085449219,586449000,93.9800033569336,150.3000030517578,367.9100036621094,-4.724163848177376,2.2427619688005085,42.90323989868164,26.80911993980408,1,8,4.0,0.39755,0.5,0.0,0.125,0.75
2023-08-10,42.38800048828125,492705000,94.8000030517578,149.97000122070312,368.5899963378906,-0.3900934409870271,2.2162980708317925,42.948779907226566,26.958729944229127,1,4,3.5,0.048099999999999976,0.0,0.25,0.5,0.5
2023-08-11,40.85499954223633,533085000,91.98999786376952,146.2100067138672,366.239990234375,-3.616591791039403,2.3153087407789887,43.00919990539551,27.100009942054747,1,3,4.0,0.23843333333333336,0.3333333333333333,0.0,0.3333333333333333,0.6666666666666666
2023-08-12,40.85499954223633,0,91.98999786376952,146.2100067138672,366.239990234375,0.0,2.3153087407789887,43.00919990539551,27.100009942054747,0,5,3.6,0.28826,0.2,0.0,0.0,0.6
2023-08-13,40.85499954223633,0,91.98999786376952,146.2100067138672,366.239990234375,0.0,2.3153087407789887,43.00919990539551,27.100009942054747,0,10,3.5,0.64364,7.1,0.2,0.0,0.9
2023-08-14,43.75299835205078,690286000,93.06999969482422,150.66000366210938,370.3500061035156,7.093376189659417,2.573275828111244,43.08885986328125,27.25246993541717,1,3,2.3333333333333335,0.29446666666666665,1.0,0.6666666666666666,0.0,0.3333333333333333
2023-08-15,43.93999862670898,676512000,91.68000030517578,148.85000610351562,366.4200134277344,0.4273999078955315,2.573713220426848,43.1811198425293,27.407689929008484,1,5,3.4,0.40304,0.6,0.4,0.0,0.6
2023-08-16,43.48600006103516,527451000,91.77999877929688,146.5,362.5400085449219,-1.033223895910329,2.581982511133425,43.26741981506348,27.559239931106568,1,8,2.375,0.048462500000000006,0.75,0.5,0.375,0.25
2023-08-17,43.34400177001953,452395000,91.63999938964844,145.50999450683594,358.5799865722656,-0.3265379451233063,2.5806851974499128,43.3612198638916,27.70678994178772,1,7,2.857142857142857,0.08361428571428571,5.0,0.2857142857142857,0.5714285714285714,0.42857142857142855
2023-08-18,43.29899978637695,583768000,91.0999984741211,146.1300048828125,358.1300048828125,-0.1038251702769721,2.576290994039049,43.47769989013672,27.855799942016603,1,5,3.0,0.11747999999999999,0.2,0.4,0.2,0.4
2023-08-19,43.29899978637695,0,91.0999984741211,146.1300048828125,358.1300048828125,0.0,2.576290994039049,43.47769989013672,27.855799942016603,0,6,2.0,-0.1376,0.3333333333333333,0.6666666666666666,0.3333333333333333,0.16666666666666666
2023-08-20,43.29899978637695,0,91.0999984741211,146.1300048828125,358.1300048828125,0.0,2.576290994039049,43.47769989013672,27.855799942016603,0,13,3.3076923076923075,0.18924615384615384,0.07692307692307693,0.38461538461538464,0.07692307692307693,0.5384615384615384
2023-08-21,46.96699905395508,692573000,92.55999755859376,151.0399932861328,363.8999938964844,8.471325632635462,2.98903303141422,43.64683990478515,28.02291993618012,1,5,4.4,0.4344,1.4,0.0,0.2,0.8
2023-08-22,45.667999267578125,755293000,92.23999786376952,149.52999877929688,363.3800048828125,-2.7657713129269346,3.0441940897771484,43.784799880981446,28.18516493320465,1,3,3.6666666666666665,0.3700333333333334,0.6666666666666666,0.3333333333333333,0.0,0.6666666666666666
2023-08-23,47.11600112915039,779046000,94.22000122070312,152.77000427246094,369.1099853515625,3.1707144713919444,3.031686040767726,43.937479934692384,28.35363994121552,1,2,5.0,0.5386500000000001,0.0,0.0,0.0,1.0
2023-08-24,47.16299819946289,1156044000,92.52999877929688,148.82000732421875,361.2200012207031,0.099747578712539,2.913027255956297,44.06029991149902,28.518674931526185,1,7,3.0,0.6582,3.0,0.42857142857142855,0.0,1.0
2023-08-25,46.01800155639648,925341000,93.0999984741211,149.08999633789062,364.0199890136719,-2.427743542138605,2.9421572351156486,44.12071990966797,28.67725994110108,1,13,4.461538461538462,0.41562307692307693,3.8461538461538463,0.07692307692307693,0.07692307692307693,0.6923076923076923
2023-08-26,46.01800155639648,0,93.0999984741211,149.08999633789062,364.0199890136719,0.0,2.9421572351156486,44.12071990966797,28.67725994110108,0,11,1.8181818181818181,0.059936363636363635,3.1818181818181817,0.7272727272727273,0.2727272727272727,0.2727272727272727
2023-08-27,46.01800155639648,0,93.0999984741211,149.08999633789062,364.0199890136719,0.0,2.9421572351156486,44.12071990966797,28.67725994110108,0,12,2.5833333333333335,-0.02135833333333335,0.0,0.5,0.4166666666666667,0.3333333333333333
2023-08-28,46.834999084472656,685192000,94.0,150.92999267578125,366.760009765625,1.7753868061282765,2.933075656197406,44.20435989379883,28.83842493534088,1,1,2.0,-0.0516,0.0,0.0,1.0,0.0
2023-08-29,48.78400039672852,701397000,95.08000183105467,154.8000030517578,374.7699890136719,4.16142062635807,3.002709524780028,44.32619987487793,29.013464937210085,1,1,1.0,-0.34,0.0,1.0,1.0,0.0
2023-08-30,49.26399993896485,735206000,94.77999877929688,155.58999633789062,376.8599853515625,0.9839282107510838,3.0003496621962245,44.435319900512695,29.181034936904908,1,3,1.0,-0.2986,0.0,1.0,0.6666666666666666,0.0
2023-08-31,49.35499954223633,528570000,93.56999969482422,156.22000122070312,377.989990234375,0.1847182595490215,2.9266481799884567,44.56151992797852,29.34617493629456,1,2,1.0,-0.5345,0.0,1.0,1.0,0.0
2023-09-01,48.50899887084961,463830000,93.19000244140624,156.2100067138672,377.5899963378906,-1.714113421605323,2.898486666607349,44.67119987487793,29.507244930267333,1,4,2.0,-0.183875,0.25,0.75,0.5,0.25
2023-09-02,48.50899887084961,0,93.19000244140624,156.2100067138672,377.5899963378906,0.0,2.898486666607349,44.67119987487793,29.507244930267333,0,4,2.25,-0.145225,0.0,0.5,0.25,0.0
2023-09-03,48.50899887084961,0,93.19000244140624,156.2100067138672,377.5899963378906,0.0,2.898486666607349,44.67119987487793,29.507244930267333,0,6,2.8333333333333335,-0.03946666666666668,0.16666666666666666,0.3333333333333333,0.5,0.3333333333333333
2023-09-04,48.50899887084961,0,93.19000244140624,156.2100067138672,377.5899963378906,0.0,2.898486666607349,44.67119987487793,29.507244930267333,0,3,1.0,-0.19343333333333335,1.0,1.0,0.6666666666666666,0.0
2023-09-05,48.54800033569336,382653000,94.5999984741211,156.5800018310547,378.0700073242188,0.0804004736267405,2.898128298914831,44.79797988891602,29.666654930114746,1,7,2.0,0.3204142857142857,0.42857142857142855,0.42857142857142855,0.14285714285714285,0.5714285714285714
2023-09-06,47.06100082397461,468670000,92.26000213623048,154.75999450683594,374.739990234375,-3.062946983267368,2.9346863903235447,44.926559906005856,29.82240993499756,1,2,3.0,0.08344999999999997,0.5,0.5,0.5,0.5
2023-09-07,46.24100112915039,433330000,90.05000305175781,151.3300018310547,372.05999755859375,-1.7424187341261943,2.9527663026334867,45.0138599395752,29.97522994041443,1,3,2.6666666666666665,-0.03789999999999997,0.0,0.3333333333333333,0.6666666666666666,0.3333333333333333
2023-09-08,45.571998596191406,473069000,89.63999938964844,150.3800048828125,372.5799865722656,-1.4467734621282813,2.96095933075248,45.102959899902345,30.126044931411744,1,5,1.8,0.28924000000000005,1.0,0.8,0.2,0.6
2023-09-09,45.571998596191406,0,89.63999938964844,150.3800048828125,372.5799865722656,0.0,2.96095933075248,45.102959899902345,30.126044931411744,0,4,3.0,0.09759999999999999,2.75,0.5,0.25,0.25
2023-09-10,45.571998596191406,0,89.63999938964844,150.3800048828125,372.5799865722656,0.0,2.96095933075248,45.102959899902345,30.126044931411744,0,5,2.4,-0.10051999999999998,3.8,0.6,0.4,0.2
2023-09-11,45.178001403808594,473966000,89.5999984741211,150.49000549316406,376.9700012207031,-0.8645598273491983,2.9444253897201325,45.19007995605469,30.27534993648529,1,2,3.0,0.091,0.0,0.5,0.5,0.5
2023-09-12,44.869998931884766,349256000,90.4800033569336,149.36000061035156,372.7900085449219,-0.6817532036684226,2.946512180620172,45.24143997192383,30.41950993061066,1,3,2.6666666666666665,0.11710000000000005,0.0,0.3333333333333333,0.3333333333333333,0.6666666666666666
2023-09-13,45.48500061035156,398355000,91.22000122070312,150.57000732421875,374.2099914550781,1.370630026981745,2.95753060409394,45.3028800201416,30.56433993816376,1,3,2.3333333333333335,0.07633333333333332,6.0,0.6666666666666666,0.6666666666666666,0.3333333333333333
2023-09-14,45.58100128173828,370097000,91.47000122070312,151.38999938964844,377.2699890136719,0.2110600639738669,2.816428398212344,45.3681600189209,30.71089494228363,1,3,2.6666666666666665,0.4255333333333334,0.0,0.3333333333333333,0.0,1.0
2023-09-15,43.900001525878906,506831000,89.25,146.80999755859375,370.80999755859375,-3.68793951117712,2.899897110363385,45.404100036621095,30.85125995159149,1,3,1.0,-0.11699999999999999,0.3333333333333333,1.0,0.3333333333333333,0.0
2023-09-16,43.900001525878906,0,89.25,146.80999755859375,370.80999755859375,0.0,2.899897110363385,45.404100036621095,30.85125995159149,0,6,1.8333333333333333,0.25715,0.16666666666666666,0.6666666666666666,0.0,0.3333333333333333
2023-09-17,43.900001525878906,0,89.25,146.80999755859375,370.80999755859375,0.0,2.899897110363385,45.404100036621095,30.85125995159149,0,5,2.8,0.22908,0.8,0.4,0.0,0.4
2023-09-18,43.96599960327149,500271000,88.83000183105469,147.3000030517578,370.6600036621094,0.15033730090801,2.89918778685562,45.43336006164551,30.992894949913023,1,1,1.0,0.4019,1.0,1.0,0.0,1.0
2023-09-19,43.52000045776367,373064000,88.16999816894531,146.02999877929688,369.8699951171875,-1.0144182994411557,2.887255377564772,45.46016006469726,31.125879950523377,1,3,3.6666666666666665,0.26783333333333337,0.0,0.3333333333333333,0.3333333333333333,0.6666666666666666
2023-09-20,42.23899841308594,367108000,87.29000091552734,143.6300048828125,364.5400085449219,-2.9434789319934707,2.920481803451873,45.45684005737305,31.2513999414444,1,1,5.0,0.4939,0.0,0.0,0.0,1.0
2023-09-21,41.016998291015625,450736000,85.36000061035156,140.75999450683594,357.8599853515625,-2.8930613129589,2.8395026383552007,45.39914001464844,31.372104935646057,1,1,4.0,-0.2732,0.0,0.0,1.0,0.0
2023-09-22,41.61000061035156,479236000,85.63999938964844,141.9600067138672,357.9100036621094,1.4457477242205474,2.852442298449558,45.31180000305176,31.497104935646057,1,4,4.5,0.263575,1.75,0.0,0.25,0.75
2023-09-23,41.61000061035156,0,85.63999938964844,141.9600067138672,357.9100036621094,0.0,2.852442298449558,45.31180000305176,31.497104935646057,0,6,2.5,0.018716666666666677,1.1666666666666667,0.5,0.3333333333333333,0.3333333333333333
2023-09-24,41.61000061035156,0,85.63999938964844,141.9600067138672,357.9100036621094,0.0,2.852442298449558,45.31180000305176,31.497104935646057,0,4,1.75,-0.3385,9.25,0.5,1.0,0.0
2023-09-25,42.22200012207031,419091000,86.23999786376953,142.9600067138672,359.6099853515625,1.4707990933470416,2.781801950938896,45.24685997009277,31.628279933929445,1,0,,,,,,
2023-09-26,41.9109992980957,402282000,84.29000091552734,140.6999969482422,354.2099914550781,-0.7365847735196329,2.455731858369428,45.15585998535156,31.75723492622376,1,3,2.3333333333333335,-0.3813,2.6666666666666665,0.6666666666666666,0.6666666666666666,0.3333333333333333
2023-09-27,42.46799850463867,444935000,85.44000244140625,141.99000549316406,355.0400085449219,1.3290048337460505,2.468081042288107,45.05533996582031,31.883729915618897,1,3,2.6666666666666665,-0.33076666666666665,0.0,0.3333333333333333,0.6666666666666666,0.3333333333333333
2023-09-28,43.0890007019043,424663000,86.41000366210938,144.2899932861328,358.010009765625,1.462282704935558,2.4770462914376528,44.97557998657226,32.014169921875,1,4,2.0,0.27975,2.5,0.75,0.25,0.5
2023-09-29,43.499000549316406,397830000,86.9000015258789,144.97999572753906,358.2699890136719,0.9515185795292423,2.482247934936528,44.93515998840332,32.143989925384524,1,2,4.0,0.246,0.5,0.0,0.0,1.0
2023-09-30,43.499000549316406,0,86.9000015258789,144.97999572753906,358.2699890136719,0.0,2.482247934936528,44.93515998840332,32.143989925384524,0,3,1.0,-0.1939,2.3333333333333335,1.0,0.6666666666666666,0.3333333333333333
2023-10-01,43.499000549316406,0,86.9000015258789,144.97999572753906,358.2699890136719,0.0,2.482247934936528,44.93515998840332,32.143989925384524,0,3,3.0,0.41163333333333335,24.666666666666668,0.3333333333333333,0.3333333333333333,0.6666666666666666
2023-10-02,44.78200149536133,433298000,87.6500015258789,146.22999572753906,361.260009765625,2.949495229414145,2.538068510309837,44.944620056152345,32.27753993034363,1,6,3.0,0.21676666666666666,0.0,0.3333333333333333,0.16666666666666666,0.3333333333333333
2023-10-03,43.516998291015625,470850000,85.41000366210938,142.97999572753906,354.9200134277344,-2.8248027379409013,2.051098070329032,44.92272003173828,32.406754922866824,1,2,1.0,0.27149999999999996,0.5,1.0,0.5,0.5
2023-10-04,44.04100036621094,361821000,86.66999816894531,145.2100067138672,359.75,1.2041319387221971,2.009745652983912,44.889960021972655,32.54219992637634,1,9,2.3333333333333335,0.04945555555555556,6.666666666666667,0.4444444444444444,0.2222222222222222,0.3333333333333333
2023-10-05,44.6879997253418,393483000,87.02999877929688,145.2100067138672,358.69000244140625,1.4690841573781643,1.936907674873936,44.87468002319336,32.68278492927551,1,5,3.0,0.24354,0.6,0.4,0.2,0.6
2023-10-06,45.762001037597656,434436000,89.29000091552734,148.35000610351562,364.7000122070313,2.4033327042087604,1.992347213923166,44.87192001342773,32.83032493591308,1,6,3.1666666666666665,0.4699166666666667,1.0,0.3333333333333333,0.16666666666666666,0.8333333333333334
2023-10-07,45.762001037597656,0,89.29000091552734,148.35000610351562,364.7000122070313,0.0,1.992347213923166,44.87192001342773,32.83032493591308,0,4,3.5,0.698225,1.5,0.25,0.0,1.0
2023-10-08,45.762001037597656,0,89.29000091552734,148.35000610351562,364.7000122070313,0.0,1.992347213923166,44.87192001342773,32.83032493591308,0,5,1.4,0.08542000000000001,0.4,0.8,0.2,0.2
2023-10-09,45.27299880981445,409675000,88.98999786376953,147.97000122070312,366.55999755859375,-1.0685770217553237,1.952197377750252,44.84237998962402,32.97626493453979,1,5,3.0,0.20088,0.0,0.4,0.2,0.4
2023-10-10,45.79800033569336,368582000,90.61000061035156,149.8000030517578,368.5899963378906,1.1596349693652197,1.9356636738297368,44.82375999450684,33.122749938964844,1,0,,,,,,
2023-10-11,46.805999755859375,378137000,92.0,151.4199981689453,371.2200012207031,2.2009681924483937,1.817864996811001,44.82973999023437,33.28008493900299,1,2,2.0,-0.5065999999999999,0.0,0.0,1.0,0.0
2023-10-12,46.94499969482422,481325000,92.41999816894533,152.19000244140625,369.9299926757813,0.2969703450195871,1.8077548316253755,44.88325996398926,33.43877993583679,1,5,3.8,0.30796,2.0,0.2,0.2,0.6
2023-10-13,45.46099853515625,474115000,90.45999908447266,148.3800048828125,365.2799987792969,-3.1611485127596706,1.8881532970508803,44.902179946899416,33.59547992706299,1,9,3.0,0.009877777777777784,7.222222222222222,0.4444444444444444,0.4444444444444444,0.4444444444444444
2023-10-14,45.46099853515625,0,90.45999908447266,148.3800048828125,365.2799987792969,0.0,1.8881532970508803,44.902179946899416,33.59547992706299,0,1,5.0,0.5859,0.0,0.0,0.0,1.0
2023-10-15,45.46099853515625,0,90.45999908447266,148.3800048828125,365.2799987792969,0.0,1.8881532970508803,44.902179946899416,33.59547992706299,0,7,3.142857142857143,0.19237142857142858,7.428571428571429,0.14285714285714285,0.2857142857142857,0.7142857142857143
2023-10-16,46.095001220703125,375099000,91.22000122070312,150.08999633789062,369.4100036621094,1.394607918822066,1.890687929016375,44.93047996520996,33.75577493190765,1,2,4.0,0.012450000000000001,0.0,0.0,0.0,0.5
2023-10-17,43.9379997253418,812333000,91.0,148.32000732421875,368.2000122070313,-4.679469439719918,2.0623824950305982,44.900899963378905,33.90244993209839,1,1,1.0,0.765,0.0,1.0,0.0,1.0
2023-10-18,42.19599914550781,627294000,89.5999984741211,145.35000610351562,363.3699951171875,-3.964678844561198,2.1098927691966174,44.85153991699219,34.04035992622376,1,1,1.0,-0.4215,0.0,1.0,1.0,0.0
2023-10-19,42.10100173950195,501233000,92.91000366210938,144.36000061035156,359.9700012207031,-0.2251336807507997,2.0932692379430566,44.84247993469239,34.17928993701935,1,5,2.8,0.02343999999999997,0.0,0.4,0.6,0.4
2023-10-20,41.387001037597656,477266000,91.30999755859376,142.10000610351562,354.6000061035156,-1.695923309193792,2.0985015591696325,44.82245994567871,34.312479944229125,1,2,3.0,0.171,0.0,0.5,0.5,0.5
2023-10-21,41.387001037597656,0,91.30999755859376,142.10000610351562,354.6000061035156,0.0,2.0985015591696325,44.82245994567871,34.312479944229125,0,4,3.75,0.4344,0.25,0.0,0.0,0.75
2023-10-22,41.387001037597656,0,91.30999755859376,142.10000610351562,354.6000061035156,0.0,2.0985015591696325,44.82245994567871,34.312479944229125,0,4,2.5,0.115175,0.0,0.25,0.25,0.5
2023-10-23,42.97499847412109,478530000,91.11000061035156,142.60000610351562,355.6700134277344,3.836947342671282,2.226467395220303,44.864859924316406,34.45602993488312,1,3,4.666666666666667,0.06743333333333333,1.3333333333333333,0.0,0.0,0.3333333333333333
2023-10-24,43.66299819946289,401463000,91.63999938964844,144.27000427246094,359.1300048828125,1.600930191437011,2.2463144065340472,44.86305992126465,34.60004992485047,1,2,1.0,-0.01090000000000002,8.0,1.0,0.5,0.5
2023-10-25,41.77899932861328,398379000,87.63999938964844,138.67999267578125,350.3399963378906,-4.31486372567238,2.3579684079792886,44.81983993530273,34.73080492019653,1,3,3.3333333333333335,0.08700000000000001,0.0,0.3333333333333333,0.3333333333333333,0.6666666666666666
2023-10-26,40.32600021362305,541001000,87.44999694824219,137.4600067138672,343.6600036621094,-3.4778217246460352,2.427930126229149,44.75663993835449,34.852889919281004,1,4,4.0,0.377075,0.0,0.25,0.0,0.75
2023-10-27,40.5,416784000,85.98999786376953,138.30999755859375,345.3099975585937,0.4314828781808444,2.3495449020089643,44.6997599029541,34.97538492202759,1,5,1.8,0.12269999999999999,0.4,0.6,0.2,0.4
2023-10-28,40.5,0,85.98999786376953,138.30999755859375,345.3099975585937,0.0,2.3495449020089643,44.6997599029541,34.97538492202759,0,8,2.875,0.2938625,0.0,0.5,0.125,0.625
2023-10-29,40.5,0,85.98999786376953,138.30999755859375,345.3099975585937,0.0,2.3495449020089643,44.6997599029541,34.97538492202759,0,7,2.7142857142857144,-0.16915714285714287,4.428571428571429,0.42857142857142855,0.5714285714285714,0.42857142857142855
2023-10-30,41.1609992980957,388028000,86.05999755859375,137.9600067138672,349.20001220703125,1.632097032335067,2.3735168863988987,44.65699989318848,35.09863492012024,1,8,3.375,0.1474125,1.375,0.375,0.25,0.375
2023-10-31,40.77999877929688,517969000,86.30999755859375,138.9499969482422,350.8699951171875,-0.9256347642085938,2.3725112603330225,44.53325988769532,35.21803991317749,1,5,1.8,-0.14526,0.0,0.6,0.6,0.2
2023-11-01,42.32500076293945,437593000,87.80000305175781,142.41000366210938,356.9599914550781,3.788626851129151,2.420886809616834,44.46639991760254,35.341154918670654,1,2,3.5,0.46195,1.0,0.0,0.0,0.5
2023-11-02,43.50600051879883,409172000,90.4800033569336,146.10000610351562,363.4400024414063,2.790312426629616,2.4061547005675563,44.39419990539551,35.47179991722107,1,6,2.3333333333333335,0.32908333333333334,8.5,0.5,0.0,0.6666666666666666
2023-11-03,45.005001068115234,424610000,91.79000091552734,149.50999450683594,367.7099914550781,3.44550299140618,2.4680498723755555,44.35103996276855,35.6129999256134,1,9,2.5555555555555554,0.024011111111111108,0.3333333333333333,0.3333333333333333,0.4444444444444444,0.3333333333333333
2023-11-04,45.005001068115234,0,91.79000091552734,149.50999450683594,367.7099914550781,0.0,2.4680498723755555,44.35103996276855,35.6129999256134,0,13,2.3846153846153846,0.08646153846153845,0.8461538461538461,0.6153846153846154,0.3076923076923077,0.46153846153846156
2023-11-05,45.005001068115234,0,91.79000091552734,149.50999450683594,367.7099914550781,0.0,2.4680498723755555,44.35103996276855,35.6129999256134,0,4,1.5,0.134825,5.5,0.5,0.25,0.5
2023-11-06,45.7509994506836,400733000,92.5999984741211,149.9499969482422,369.2099914550781,1.6575899674778016,2.471361143770076,44.3456999206543,35.7525599193573,1,7,2.5714285714285716,0.02625714285714285,0.7142857142857143,0.5714285714285714,0.2857142857142857,0.42857142857142855
2023-11-07,45.95500183105469,343165000,92.41000366210938,150.88999938964844,372.7000122070313,0.4458971013103108,2.463714940066725,44.328099975585936,35.886369924545285,1,8,1.5,0.25315,35.625,0.625,0.25,0.5
2023-11-08,46.57400131225586,346719000,92.0,151.42999267578125,372.9400024414063,1.3469686792241031,2.463966506613613,44.28389999389648,36.02291493415832,1,7,2.4285714285714284,0.16752857142857142,9.857142857142858,0.5714285714285714,0.42857142857142855,0.42857142857142855
2023-11-09,46.95000076293945,540496000,91.62000274658205,151.16000366210938,370.0700073242188,0.8073161851881672,2.4565487553306413,44.23762001037598,36.16104993820191,1,6,2.0,-0.03594999999999998,1.5,0.5,0.6666666666666666,0.3333333333333333
2023-11-10,48.334999084472656,421245000,97.44000244140624,157.27999877929688,378.3900146484375,2.949943128917832,2.5010727970011555,44.2172200012207,36.30371493339538,1,3,1.6666666666666667,0.49016666666666664,11.666666666666666,0.6666666666666666,0.0,1.0
2023-11-11,48.334999084472656,0,97.44000244140624,157.27999877929688,378.3900146484375,0.0,2.5010727970011555,44.2172200012207,36.30371493339538,0,5,2.0,0.057940000000000005,0.8,0.6,0.4,0.6
2023-11-12,48.334999084472656,0,97.44000244140624,157.27999877929688,378.3900146484375,0.0,2.5010727970011555,44.2172200012207,36.30371493339538,0,6,1.6666666666666667,0.21755,2.5,0.8333333333333334,0.16666666666666666,0.6666666666666666
2023-11-13,48.619998931884766,384136000,96.41999816894533,156.32000732421875,377.2099914550781,0.5896345356581678,2.4542237119118533,44.21944000244141,36.44498992919922,1,3,3.3333333333333335,0.31936666666666663,0.6666666666666666,0.3333333333333333,0.3333333333333333,0.6666666666666666
2023-11-14,49.65599822998047,416954000,98.91000366210938,161.08999633789062,385.3299865722656,2.1308089692620324,2.40261664186771,44.24159996032715,36.59745991706848,1,6,1.3333333333333333,-0.17679999999999998,1.1666666666666667,0.8333333333333334,0.5,0.16666666666666666
2023-11-15,48.88800048828125,475497000,98.8000030517578,161.2100067138672,385.6199951171875,-1.5466363965582874,2.425969391657792,44.27813995361328,36.74421491622925,1,6,2.1666666666666665,0.35073333333333334,0.3333333333333333,0.5,0.0,0.8333333333333334
2023-11-16,49.47999954223633,339756000,98.54000091552734,161.80999755859375,385.9500122070313,1.210929160616803,2.422418403165856,44.342919921875,36.886899909973145,1,6,1.8333333333333333,0.09789999999999999,15.0,0.5,0.3333333333333333,0.5
2023-11-17,49.29800033569336,325205000,99.58000183105467,162.57000732421875,386.0400085449219,-0.3678237838050324,2.3948357189151697,44.41743995666504,37.02484491348267,1,5,1.2,-0.20137999999999998,0.2,0.8,0.4,0.2
2023-11-18,49.29800033569336,0,99.58000183105467,162.57000732421875,386.0400085449219,0.0,2.3948357189151697,44.41743995666504,37.02484491348267,0,8,2.625,0.0806875,0.5,0.375,0.25,0.375
2023-11-19,49.29800033569336,0,99.58000183105467,162.57000732421875,386.0400085449219,0.0,2.3948357189151697,44.41743995666504,37.02484491348267,0,4,2.0,-0.32655,0.0,0.5,0.75,0.0
2023-11-20,50.40900039672852,414120000,99.95999908447266,164.89999389648438,390.739990234375,2.253641229806136,2.4072812236212493,44.52205993652344,37.17138991355896,1,1,4.0,0.4404,0.0,0.0,0.0,1.0
2023-11-21,49.94400024414063,565747000,98.41000366210938,162.47000122070312,388.4700012207031,-0.922454619072488,2.414243079737704,44.62353996276856,37.31566491127014,1,3,1.6666666666666667,-0.29119999999999996,1.3333333333333333,0.6666666666666666,0.6666666666666666,0.3333333333333333
2023-11-22,48.71599960327149,899420000,98.6500015258789,162.1199951171875,390.05999755859375,-2.4587550754171072,2.4386706170493864,44.68815994262695,37.44837990760803,1,4,2.0,-0.13015,0.0,0.5,0.5,0.25
2023-11-23,48.71599960327149,0,98.6500015258789,162.1199951171875,390.05999755859375,0.0,2.4386706170493864,44.68815994262695,37.44837990760803,0,4,2.5,0.12239999999999998,3.75,0.5,0.25,0.75
2023-11-24,47.7760009765625,294645000,97.83000183105467,161.75999450683594,389.510009765625,-1.929548062985576,2.468134093204869,44.73205993652344,37.57623491287232,1,6,3.5,0.3088166666666667,0.5,0.3333333333333333,0.16666666666666666,0.5
2023-11-25,47.7760009765625,0,97.83000183105467,161.75999450683594,389.510009765625,0.0,2.468134093204869,44.73205993652344,37.57623491287232,0,8,2.5,0.3434875,1.625,0.375,0.0,0.875
2023-11-26,47.7760009765625,0,97.83000183105467,161.75999450683594,389.510009765625,0.0,2.468134093204869,44.73205993652344,37.57623491287232,0,9,2.111111111111111,-0.13266666666666665,2.5555555555555554,0.6666666666666666,0.5555555555555556,0.2222222222222222
2023-11-27,48.242000579833984,395662000,97.20999908447266,161.66000366210938,389.1700134277344,0.9753842802793232,2.394808250620754,44.818899917602536,37.70575991630554,1,6,2.0,-0.01789999999999999,0.3333333333333333,0.6666666666666666,0.3333333333333333,0.3333333333333333
2023-11-28,47.82099914550781,401491000,97.9800033569336,160.72999572753906,390.1900024414063,-0.8726865164504716,2.392431925983918,44.89599990844727,37.83853991508484,1,8,2.5,0.44243750000000004,28.25,0.625,0.25,0.75
2023-11-29,48.13999938964844,382005000,98.87999725341795,162.2100067138672,389.80999755859375,0.6670714745419248,2.2126161602436287,44.98839988708496,37.97029991149903,1,2,1.0,-0.58265,1.5,1.0,1.0,0.0
2023-11-30,46.77000045776367,526247000,97.30999755859376,160.47999572753906,388.8299865722656,-2.8458640408278835,2.1461883445457484,45.079019927978514,38.08929491043091,1,3,4.0,0.08256666666666664,0.0,0.0,0.3333333333333333,0.3333333333333333
2023-12-01,46.76499938964844,369317000,98.5500030517578,161.1300048828125,389.9400024414063,-0.0106928972980258,2.144508327604344,45.19397994995117,38.209299907684326,1,1,5.0,-0.5992,3.0,0.0,1.0,0.0
2023-12-02,46.76499938964844,0,98.5500030517578,161.1300048828125,389.9400024414063,0.0,2.144508327604344,45.19397994995117,38.209299907684326,0,6,3.3333333333333335,0.14666666666666664,0.0,0.3333333333333333,0.3333333333333333,0.5
2023-12-03,46.76499938964844,0,98.5500030517578,161.1300048828125,389.9400024414063,0.0,2.144508327604344,45.19397994995117,38.209299907684326,0,5,3.4,0.33974000000000004,0.0,0.4,0.2,0.8
2023-12-04,45.5099983215332,437543000,97.01000213623048,158.77999877929688,386.3200073242188,-2.68363323959121,2.1845757404251454,45.271979904174806,38.32683989524841,1,9,3.111111111111111,0.3863222222222222,0.3333333333333333,0.4444444444444444,0.2222222222222222,0.6666666666666666
2023-12-05,46.56600189208984,371718000,96.69000244140624,158.77999877929688,387.2900085449219,2.320377080868829,2.1173814538058995,45.3588599395752,38.45272990226746,1,6,1.5,0.16548333333333334,2.3333333333333335,0.8333333333333334,0.3333333333333333,0.3333333333333333
2023-12-06,45.50299835205078,380590000,97.8499984741211,157.5,385.0499877929688,-2.2827889379518185,2.1528703397177043,45.4306999206543,38.57696989059448,1,5,2.2,0.12284000000000002,0.0,0.4,0.2,0.2
2023-12-07,46.59600067138672,350823000,99.29000091552734,161.10000610351562,390.4299926757813,2.402044610070564,2.016374112498402,45.513259963989256,38.706179895401,1,5,1.4,-0.1826,0.8,0.8,0.6,0.2
2023-12-08,47.50600051879883,359224000,100.3499984741211,162.47999572753906,392.1700134277344,1.9529569797841264,1.8980166856638567,45.60159996032715,38.82538990020752,1,9,1.4444444444444444,-0.0726,0.5555555555555556,0.8888888888888888,0.5555555555555556,0.2222222222222222
2023-12-09,47.50600051879883,0,100.3499984741211,162.47999572753906,392.1700134277344,0.0,1.8980166856638567,45.60159996032715,38.82538990020752,0,5,2.6,0.38056,0.2,0.4,0.2,0.6
2023-12-10,47.50600051879883,0,100.3499984741211,162.47999572753906,392.1700134277344,0.0,1.8980166856638567,45.60159996032715,38.82538990020752,0,11,2.8181818181818183,0.06129090909090909,0.7272727272727273,0.45454545454545453,0.36363636363636365,0.5454545454545454
2023-12-11,46.62699890136719,509728000,100.9499969482422,166.3800048828125,395.5199890136719,-1.8502959791022788,1.9485993612534809,45.66415992736816,38.94209489822388,1,3,3.3333333333333335,0.05876666666666667,0.3333333333333333,0.0,0.3333333333333333,0.3333333333333333
2023-12-12,47.65700149536133,372387000,101.5999984741211,168.13999938964844,398.6700134277344,2.2090261399258404,1.963062857993004,45.721659927368165,39.06287490844726,1,4,2.0,-0.120625,0.25,0.75,0.25,0.25
2023-12-13,48.0880012512207,447792000,102.12000274658205,170.1199951171875,403.739990234375,0.9043786691055766,1.945322887682868,45.81307998657226,39.18723491668701,1,8,2.375,0.34165,0.25,0.5,0.0,0.5
2023-12-14,48.34999847412109,391232000,103.4499969482422,173.25999450683594,403.3900146484375,0.5448286809253577,1.847921133910448,45.89925994873047,39.3154949092865,1,4,2.25,0.1371,0.0,0.25,0.25,0.5
2023-12-15,48.88999938964844,479948000,102.54000091552734,174.0800018310547,405.3399963378906,1.1168581852518011,1.799818489330882,45.9832999420166,39.44337491035461,1,5,2.2,0.16194,1.2,0.4,0.2,0.4
2023-12-16,48.88999938964844,0,102.54000091552734,174.0800018310547,405.3399963378906,0.0,1.799818489330882,45.9832999420166,39.44337491035461,0,9,1.8888888888888888,0.2763333333333333,2.111111111111111,0.7777777777777778,0.2222222222222222,0.5555555555555556
2023-12-17,48.88999938964844,0,102.54000091552734,174.0800018310547,405.3399963378906,0.0,1.799818489330882,45.9832999420166,39.44337491035461,0,9,1.5555555555555556,-0.06839999999999999,1.5555555555555556,0.7777777777777778,0.4444444444444444,0.2222222222222222
2023-12-18,50.07699966430664,412587000,102.93000030517578,173.33999633789062,407.0799865722656,2.4278999580219507,1.749430220412741,46.06959991455078,39.57430991172791,1,13,2.6153846153846154,0.1999923076923077,7.923076923076923,0.5384615384615384,0.15384615384615385,0.5384615384615384
2023-12-19,49.604000091552734,464444000,103.87000274658205,173.9199981689453,409.1600036621094,-0.9445445532373696,1.7479689088913384,46.15621994018554,39.70455990791321,1,6,1.3333333333333333,0.13983333333333334,7.833333333333333,0.6666666666666666,0.3333333333333333,0.3333333333333333
2023-12-20,48.11100006103516,397894000,100.04000091552734,169.0800018310547,403.0799865722656,-3.0098379722643065,1.847983195143708,46.202479934692384,39.82867490768432,1,6,1.0,0.07413333333333334,0.6666666666666666,1.0,0.16666666666666666,0.3333333333333333
2023-12-21,48.9900016784668,300425000,102.5500030517578,173.25999450683594,407.7699890136719,1.8270283642337848,1.8605664366285704,46.24615997314453,39.952719917297365,1,10,1.1,0.019179999999999996,2.7,0.9,0.3,0.2
2023-12-22,48.83000183105469,252507000,103.1500015258789,173.27999877929688,408.3800048828125,-0.3265969420908066,1.8590154320751149,46.28386001586914,40.07968992233276,1,8,2.25,0.194625,1.875,0.5,0.25,0.625
2023-12-23,48.83000183105469,0,103.1500015258789,173.27999877929688,408.3800048828125,0.0,1.8590154320751149,46.28386001586914,40.07968992233276,0,7,1.2857142857142858,-0.03837142857142858,0.5714285714285714,0.8571428571428571,0.42857142857142855,0.5714285714285714
2023-12-24,48.83000183105469,0,103.1500015258789,173.27999877929688,408.3800048828125,0.0,1.8590154320751149,46.28386001586914,40.07968992233276,0,6,1.0,-0.04443333333333333,1.3333333333333333,1.0,0.16666666666666666,0.16666666666666666
2023-12-25,48.83000183105469,0,103.1500015258789,173.27999877929688,408.3800048828125,0.0,1.8590154320751149,46.28386001586914,40.07968992233276,0,8,2.375,0.1901875,0.25,0.5,0.25,0.625
2023-12-26,49.27899932861328,244200000,104.4499969482422,175.6699981689453,410.8800048828125,0.9195115312755188,1.7891229850514032,46.36022003173828,40.21125991821289,1,10,2.2,-0.13783000000000004,7.8,0.4,0.4,0.2
2023-12-27,49.41699981689453,233648000,104.6500015258789,175.86000061035156,411.5,0.2800391447906669,1.7869736359719706,46.42666000366211,40.343514919281006,1,13,2.076923076923077,0.25564615384615386,0.7692307692307693,0.5384615384615384,0.07692307692307693,0.6153846153846154
2023-12-28,49.52199935913086,246587000,104.6999969482422,175.82000732421875,411.2999877929688,0.2124765619632596,1.7444934934795495,46.53833999633789,40.47080991744995,1,7,2.7142857142857144,0.0628857142857143,0.7142857142857143,0.42857142857142855,0.5714285714285714,0.42857142857142855
2023-12-29,49.52199935913086,389293000,104.0,174.8699951171875,409.5199890136719,0.0,1.7197121216099198,46.68486000061035,40.59727991104126,1,4,3.5,0.3638,1.25,0.25,0.25,0.5
2023-12-30,49.52199935913086,0,104.0,174.8699951171875,409.5199890136719,0.0,1.7197121216099198,46.68486000061035,40.59727991104126,0,3,2.0,-0.03640000000000002,0.6666666666666666,0.6666666666666666,0.3333333333333333,0.3333333333333333
2023-12-31,49.52199935913086,0,104.0,174.8699951171875,409.5199890136719,0.0,1.7197121216099198,46.68486000061035,40.59727991104126,0,8,1.625,0.12211250000000001,1.375,0.75,0.25,0.625
2024-01-01,49.52199935913086,0,104.0,174.8699951171875,409.5199890136719,0.0,1.7197121216099198,46.68486000061035,40.59727991104126,0,3,1.0,0.2423,1.0,1.0,0.0,0.3333333333333333
2024-01-02,48.167999267578125,411254000,101.52999877929688,168.97000122070312,402.5899963378906,-2.734138583003487,1.7782919827455073,46.80619995117188,40.7104149055481,1,9,1.4444444444444444,-0.1153777777777778,0.6666666666666666,0.7777777777777778,0.4444444444444444,0.2222222222222222
2024-01-03,47.56900024414063,320896000,100.16999816894533,165.97000122070312,398.3299865722656,-1.2435621834944843,1.7904244333150694,46.92983993530274,40.81963490486145,1,5,2.4,0.053759999999999995,0.6,0.4,0.2,0.4
2024-01-04,47.99800109863281,306535000,99.12999725341795,164.99000549316406,396.2799987792969,0.9018496337749538,1.7455060832986842,47.03029998779297,40.93012491226196,1,6,1.6666666666666667,-0.11133333333333333,5.666666666666667,0.8333333333333334,0.6666666666666666,0.3333333333333333
2024-01-05,49.09700012207031,415039000,99.61000061035156,166.0800018310547,396.75,2.289676649615324,1.7942286915156274,47.13898002624512,41.04461491584778,1,7,2.2857142857142856,0.04365714285714285,1.7142857142857142,0.2857142857142857,0.2857142857142857,0.2857142857142857
2024-01-06,49.09700012207031,0,99.61000061035156,166.0800018310547,396.75,0.0,1.7942286915156274,47.13898002624512,41.04461491584778,0,4,2.5,0.35385,0.5,0.25,0.0,0.75
2024-01-07,49.09700012207031,0,99.61000061035156,166.0800018310547,396.75,0.0,1.7942286915156274,47.13898002624512,41.04461491584778,0,11,2.909090909090909,0.19381818181818183,1.9090909090909092,0.36363636363636365,0.18181818181818182,0.45454545454545453
2024-01-08,52.25299835205078,642510000,102.23999786376952,171.9600067138672,404.9500122070313,6.428087708278873,2.090506457367232,47.34846000671386,41.1735399055481,1,8,2.375,0.06773749999999999,0.25,0.5,0.375,0.5
2024-01-09,53.13999938964844,773100000,101.88999938964844,172.4199981689453,405.75,1.6975122300572076,2.064540591009007,47.60473999023438,41.30328490257264,1,2,3.0,0.31975,0.5,0.5,0.5,0.5
2024-01-10,54.34999847412109,533796000,100.8000030517578,172.5800018310547,408.5,2.2770024433014235,2.0910832471760776,47.8817399597168,41.44113989830017,1,4,1.0,-0.175225,0.5,1.0,0.75,0.25
2024-01-11,54.821998596191406,596759000,101.22000122070312,173.55999755859375,409.3500061035156,0.8684455111715561,2.0781148506051825,48.15495994567871,41.582594890594486,1,4,2.0,0.004799999999999999,0.25,0.75,0.25,0.25
2024-01-12,54.709999084472656,352994000,101.23999786376952,172.9499969482422,409.55999755859375,-0.2042966593460371,2.0814559261544963,48.43355995178223,41.72409488677979,1,4,2.25,0.05889999999999998,0.75,0.25,0.5,0.5
2024-01-13,54.709999084472656,0,101.23999786376952,172.9499969482422,409.55999755859375,0.0,2.0814559261544963,48.43355995178223,41.72409488677979,0,8,2.25,0.2759375,0.0,0.5,0.25,0.625
2024-01-14,54.709999084472656,0,101.23999786376952,172.9499969482422,409.55999755859375,0.0,2.0814559261544963,48.43355995178223,41.72409488677979,0,12,1.9166666666666667,-0.33623333333333333,17.333333333333332,0.5833333333333334,0.6666666666666666,0.16666666666666666
2024-01-15,54.709999084472656,0,101.23999786376952,172.9499969482422,409.55999755859375,0.0,2.0814559261544963,48.43355995178223,41.72409488677979,0,4,2.5,0.6854,0.5,0.5,0.0,1.0
2024-01-16,56.38199996948242,449580000,101.66999816894533,175.6999969482422,409.5199890136719,3.056115724710917,2.0378440669963305,48.71469993591309,41.8710848903656,1,6,3.1666666666666665,0.24406666666666665,12.333333333333334,0.3333333333333333,0.16666666666666666,0.6666666666666666
2024-01-17,56.053001403808594,474394000,102.9499969482422,174.63999938964844,407.2099914550781,-0.5835170193535189,2.046861895544147,48.96563995361328,42.01443490028382,1,4,2.25,-0.19974999999999998,5.75,0.5,0.75,0.25
2024-01-18,57.10699844360352,491650000,113.02999877929688,180.3099975585937,412.989990234375,1.8803578994849524,1.9601832412365487,49.20767990112304,42.1610848903656,1,3,2.3333333333333335,-0.07913333333333335,0.0,0.6666666666666666,0.3333333333333333,0.3333333333333333
2024-01-19,59.49100112915039,543501000,114.1999969482422,187.17999267578125,421.1799926757813,4.174624390215875,2.038179868387364,49.48247993469239,42.31871489524841,1,4,2.0,0.108525,0.25,0.75,0.0,0.25
2024-01-20,59.49100112915039,0,114.1999969482422,187.17999267578125,421.1799926757813,0.0,2.038179868387364,49.48247993469239,42.31871489524841,0,6,3.5,0.22818333333333332,1.3333333333333333,0.16666666666666666,0.16666666666666666,0.6666666666666666
2024-01-21,59.49100112915039,0,114.1999969482422,187.17999267578125,421.1799926757813,0.0,2.038179868387364,49.48247993469239,42.31871489524841,0,6,2.0,0.2954666666666667,0.16666666666666666,0.6666666666666666,0.16666666666666666,0.6666666666666666
2024-01-22,59.65399932861328,452955000,113.02999877929688,188.0500030517578,421.7300109863281,0.2739879920814037,1.954863988252973,49.756459884643554,42.47971989631653,1,4,3.0,0.2649,0.0,0.5,0.25,0.5
2024-01-23,59.87300109863281,294654000,114.12999725341795,189.009994506836,423.4800109863281,0.3671200128814833,1.9370663880918395,50.022439880371095,42.644679899215696,1,4,2.5,0.502775,1.5,0.5,0.0,0.75
2024-01-24,61.36199951171875,560271000,116.5199966430664,192.3699951171875,425.8299865722656,2.486927973817465,1.949893828198708,50.31067985534668,42.81630489349365,1,6,1.3333333333333333,0.21411666666666665,0.6666666666666666,0.6666666666666666,0.16666666666666666,0.6666666666666666
2024-01-25,61.617000579833984,482777000,116.55999755859376,192.3699951171875,426.3500061035156,0.4155683813180433,1.883445594115308,50.57631988525391,42.98649489402771,1,4,3.0,0.309325,1.0,0.5,0.25,0.75
2024-01-26,61.03099822998047,390309000,117.26000213623048,188.2700042724609,423.80999755859375,-0.9510400446939404,1.898931586274644,50.82453987121582,43.15580488204956,1,4,1.75,0.33865,13.0,0.5,0.25,0.5
2024-01-27,61.03099822998047,0,117.26000213623048,188.2700042724609,423.80999755859375,0.0,1.898931586274644,50.82453987121582,43.15580488204956,0,7,1.7142857142857142,0.029971428571428593,0.14285714285714285,0.7142857142857143,0.2857142857142857,0.2857142857142857
2024-01-28,61.03099822998047,0,117.26000213623048,188.2700042724609,423.80999755859375,0.0,1.898931586274644,50.82453987121582,43.15580488204956,0,4,1.0,-0.4589,0.75,1.0,1.0,0.0
2024-01-29,62.46500015258789,348733000,116.9800033569336,190.47999572753903,428.1499938964844,2.3496288184632563,1.918717106887473,51.08071990966797,43.33565487861633,1,7,2.857142857142857,0.3116,0.5714285714285714,0.42857142857142855,0.2857142857142857,0.5714285714285714
2024-01-30,62.77399826049805,410735000,116.05999755859376,188.58999633789065,425.2999877929688,0.4946739888823215,1.9190529995825,51.3584398651123,43.51720987319946,1,4,1.0,0.11005,0.5,1.0,0.25,0.5
2024-01-31,61.527000427246094,453795000,112.95999908447266,185.8699951171875,416.9700012207031,-1.9864878258625367,1.988863494281059,51.5993798828125,43.69105487823487,1,3,1.3333333333333333,-0.2295,0.6666666666666666,0.6666666666666666,0.3333333333333333,0.0
2024-02-01,63.027000427246094,369146000,113.38999938964844,187.57000732421875,421.8800048828125,2.437954052016078,1.9891501570767056,51.873959884643554,43.87117987632752,1,3,1.3333333333333333,0.33390000000000003,2.6666666666666665,0.6666666666666666,0.0,0.6666666666666666
2024-02-02,66.16000366210938,476578000,115.75,191.22000122070312,429.010009765625,4.970890592326049,2.101457113154213,52.188979949951175,44.06364489555359,1,4,1.75,0.08722500000000002,0.5,0.75,0.25,0.25
2024-02-03,66.16000366210938,0,115.75,191.22000122070312,429.010009765625,0.0,2.101457113154213,52.188979949951175,44.06364489555359,0,9,1.5555555555555556,0.19652222222222224,0.4444444444444444,0.7777777777777778,0.2222222222222222,0.5555555555555556
2024-02-04,66.16000366210938,0,115.75,191.22000122070312,429.010009765625,0.0,2.101457113154213,52.188979949951175,44.06364489555359,0,8,2.5,0.1546125,2.5,0.25,0.25,0.5
2024-02-05,69.33200073242188,680078000,118.79000091552734,194.9499969482422,428.4500122070313,4.794433033154655,2.07264581120803,52.5767399597168,44.2706499004364,1,4,2.5,-0.3029,3.25,0.25,0.75,0.0
2024-02-06,68.2229995727539,683111000,119.37999725341795,192.7400054931641,427.5899963378906,-1.5995516470785565,2.1330473542743635,52.96687995910644,44.476244897842406,1,6,3.0,-0.1407666666666667,6.666666666666667,0.3333333333333333,0.6666666666666666,0.3333333333333333
2024-02-07,70.0989990234375,495575000,124.9800033569336,196.6300048828125,431.989990234375,2.749804996016048,2.134476245731707,53.413339920043946,44.69114489555359,1,4,2.0,0.027700000000000002,0.75,0.75,0.5,0.5
2024-02-08,69.64099884033203,414422000,133.72999572753906,199.42999267578125,432.7900085449219,-0.6533619445155514,2.16161556470578,53.84131988525391,44.90413989067078,1,6,1.6666666666666667,-0.010866666666666672,1.1666666666666667,0.8333333333333334,0.16666666666666666,0.16666666666666666
2024-02-09,72.13300323486328,436637000,133.11000061035156,203.8500061035156,437.0499877929688,3.578358202823506,2.197750988500609,54.32755996704102,45.13359991073608,1,2,2.5,0.16455000000000003,1.0,0.5,0.5,0.5
2024-02-10,72.13300323486328,0,133.11000061035156,203.8500061035156,437.0499877929688,0.0,2.197750988500609,54.32755996704102,45.13359991073608,0,5,3.0,0.30184,2.6,0.4,0.2,0.8
2024-02-11,72.13300323486328,0,133.11000061035156,203.8500061035156,437.0499877929688,0.0,2.197750988500609,54.32755996704102,45.13359991073608,0,9,2.3333333333333335,-0.027288888888888894,0.7777777777777778,0.6666666666666666,0.5555555555555556,0.4444444444444444
2024-02-12,72.24800109863281,613710000,130.4600067138672,203.0599975585937,435.3399963378906,0.1594247551222949,2.198670427703848,54.809720001220704,45.3600599193573,1,0,,,,,,
2024-02-13,72.12799835205078,602580000,127.5500030517578,199.3000030517578,428.5499877929688,-0.1660983622483902,2.202236807878624,55.31687995910645,45.584569911956784,1,2,5.0,0.2202,0.0,0.0,0.0,0.5
2024-02-14,73.9000015258789,504917000,129.27000427246094,203.3000030517578,433.2200012207031,2.45674802339464,2.0759184875380816,55.859580001831056,45.8153249168396,1,3,2.3333333333333335,0.054433333333333334,0.6666666666666666,0.6666666666666666,0.3333333333333333,0.3333333333333333
2024-02-15,72.65799713134766,420122000,129.02999877929688,202.6199951171875,434.510009765625,-1.6806554382767014,2.0969558827218227,56.40253997802734,46.03406490325928,1,2,4.0,0.51725,0.0,0.0,0.0,1.0
2024-02-16,72.61299896240234,495327000,126.69000244140624,201.75,430.5700073242188,-0.0619314744720655,2.112851759078617,56.9234799194336,46.25607990264893,1,3,3.6666666666666665,0.369,0.3333333333333333,0.3333333333333333,0.0,1.0
2024-02-17,72.61299896240234,0,126.69000244140624,201.75,430.5700073242188,0.0,2.112851759078617,56.9234799194336,46.25607990264893,0,5,2.2,0.11672,0.2,0.4,0.4,0.6
2024-02-18,72.61299896240234,0,126.69000244140624,201.75,430.5700073242188,0.0,2.112851759078617,56.9234799194336,46.25607990264893,0,9,2.888888888888889,0.1432111111111111,2.111111111111111,0.3333333333333333,0.2222222222222222,0.4444444444444444
2024-02-19,72.61299896240234,0,126.69000244140624,201.75,430.5700073242188,0.0,2.112851759078617,56.9234799194336,46.25607990264893,0,4,3.0,-0.06992500000000001,4.0,0.5,0.5,0.25
2024-02-20,69.4520034790039,704833000,125.33000183105467,197.77999877929688,427.3200073242188,-4.3532088311558965,2.352100923404964,57.40246002197266,46.46432991981506,1,3,1.0,0.10743333333333333,5.666666666666667,1.0,0.3333333333333333,0.6666666666666666
2024-02-21,67.47200012207031,673755000,125.33999633789062,196.509994506836,425.6099853515625,-2.8508945138381314,2.2471925637118604,57.81998001098633,46.66387991905212,1,5,1.8,0.34682,1.4,0.8,0.0,0.6
2024-02-22,78.53800201416016,865100000,129.07000732421875,209.92999267578125,438.0700073242188,16.40088017558281,3.6173475142236073,58.44062004089356,46.913169927597046,1,6,3.3333333333333335,0.62605,2.6666666666666665,0.3333333333333333,0.0,1.0
2024-02-23,78.81700134277344,829388000,129.52999877929688,208.6199951171875,436.7799987792969,0.3552411844688574,3.617748911589821,59.08442008972168,47.161499938964845,1,4,1.0,0.07665000000000001,0.0,1.0,0.25,0.5
2024-02-24,78.81700134277344,0,129.52999877929688,208.6199951171875,436.7799987792969,0.0,3.617748911589821,59.08442008972168,47.161499938964845,0,4,4.5,0.638175,0.0,0.0,0.0,1.0
2024-02-25,78.81700134277344,0,129.52999877929688,208.6199951171875,436.7799987792969,0.0,3.617748911589821,59.08442008972168,47.161499938964845,0,4,3.25,0.014550000000000007,4.0,0.25,0.25,0.5
2024-02-26,79.09200286865234,503973000,130.63999938964844,210.3500061035156,436.5499877929688,0.3489114292523299,3.621157562881552,59.7131201171875,47.41410495758057,1,3,2.3333333333333335,-0.08446666666666665,1.6666666666666667,0.6666666666666666,0.6666666666666666,0.3333333333333333
2024-02-27,78.70099639892578,391705000,128.58999633789062,209.7400054931641,437.6000061035156,-0.4943691593901178,3.625666003243611,60.3253800201416,47.66318493843079,1,7,2.4285714285714284,0.22092857142857145,9.285714285714286,0.42857142857142855,0.2857142857142857,0.7142857142857143
2024-02-28,77.66300201416016,393110000,127.37999725341795,207.41000366210932,435.2699890136719,-1.3189088223281908,3.639682077587633,60.91164009094239,47.90860995292664,1,3,2.6666666666666665,-0.22613333333333333,0.0,0.3333333333333333,0.3333333333333333,0.0
2024-02-29,79.11199951171875,507289000,128.6699981689453,211.9499969482422,439.0,1.8657500482590184,3.627295523536607,61.51608009338379,48.16246994972229,1,3,2.3333333333333335,0.08166666666666667,1.6666666666666667,0.3333333333333333,0.3333333333333333,0.6666666666666666
2024-03-01,82.27899932861328,479135000,133.89999389648438,220.5399932861328,445.6099853515625,4.0031851507247085,3.661273157098403,62.16012008666992,48.4290999507904,1,2,3.5,0.27465,0.0,0.0,0.0,0.5
2024-03-02,82.27899932861328,0,133.89999389648438,220.5399932861328,445.6099853515625,0.0,3.661273157098403,62.16012008666992,48.4290999507904,0,8,1.5,0.1148875,0.875,0.75,0.125,0.5
2024-03-03,82.27899932861328,0,133.89999389648438,220.5399932861328,445.6099853515625,0.0,3.661273157098403,62.16012008666992,48.4290999507904,0,7,2.7142857142857144,0.24531428571428573,1.1428571428571428,0.5714285714285714,0.14285714285714285,0.8571428571428571
2024-03-04,85.23699951171875,615616000,138.25999450683594,224.08999633789065,444.0199890136719,3.5950852674952127,3.647005206418065,62.87278007507325,48.70921995162964,1,1,2.0,0.34,57.0,0.0,0.0,1.0
2024-03-05,85.96399688720703,520639000,134.97000122070312,220.66000366210932,436.0499877929688,0.8529129129989377,3.643103225800273,63.62984001159668,48.988149938583376,1,6,2.3333333333333335,-0.04693333333333335,0.5,0.6666666666666666,0.5,0.16666666666666666
2024-03-06,88.69999694824219,582520000,141.57000732421875,226.3500061035156,438.7900085449219,3.1827278396850733,3.654875135132455,64.42403991699219,49.27325992584228,1,3,2.3333333333333335,0.040766666666666694,1.0,0.6666666666666666,0.3333333333333333,0.3333333333333333
2024-03-07,92.66899871826172,608119000,149.1999969482422,234.1699981689453,445.4500122070313,4.474635745856337,3.6934580689610375,65.30081985473633,49.58028491973877,1,4,2.0,0.14352499999999996,1.25,0.5,0.25,0.5
2024-03-08,87.52799987792969,1142269000,146.3699951171875,224.9900054931641,439.0199890136719,-5.5477008616031664,3.9052051860535233,66.06579986572265,49.86204491615295,1,6,3.0,0.5190166666666667,0.0,0.16666666666666666,0.0,1.0
2024-03-09,87.52799987792969,0,146.3699951171875,224.9900054931641,439.0199890136719,0.0,3.9052051860535233,66.06579986572265,49.86204491615295,0,6,1.8333333333333333,-0.010416666666666638,0.3333333333333333,0.6666666666666666,0.5,0.3333333333333333
2024-03-10,87.52799987792969,0,146.3699951171875,224.9900054931641,439.0199890136719,0.0,3.9052051860535233,66.06579986572265,49.86204491615295,0,8,1.75,0.1970625,0.375,0.625,0.125,0.5
2024-03-11,85.77400207519531,678364000,139.02000427246094,220.97999572753903,437.3900146484375,-2.003927663354099,3.930289929962006,66.79293991088868,50.13747492790222,1,3,3.0,0.25266666666666665,10.333333333333334,0.3333333333333333,0.0,0.6666666666666666
2024-03-12,91.91300201416016,668075000,144.39999389648438,227.97000122070312,443.6600036621094,7.157180253269502,4.073677550079554,67.64075996398925,50.444349937438965,1,7,2.2857142857142856,-0.01452857142857143,0.0,0.5714285714285714,0.42857142857142855,0.14285714285714285
2024-03-13,90.88800048828124,635713000,142.13999938964844,223.4600067138672,440.25,-1.115186647609434,4.096174857204255,68.46807998657226,50.70888994216919,1,2,3.0,0.41285000000000005,0.5,0.5,0.0,1.0
2024-03-14,87.94400024414062,602318000,139.6199951171875,219.4600067138672,439.1400146484375,-3.239151734359269,4.137204956656498,69.26360000610352,50.95387994766235,1,2,2.0,0.856,0.5,0.5,0.0,1.0
2024-03-15,87.83699798583984,642086000,136.97999572753906,217.83999633789065,433.9200134277344,-0.1216709019418393,4.138822548159963,70.0689599609375,51.19250993728637,1,3,2.3333333333333335,0.22673333333333334,0.3333333333333333,0.6666666666666666,0.3333333333333333,0.6666666666666666
2024-03-16,87.83699798583984,0,136.97999572753906,217.83999633789065,433.9200134277344,0.0,4.138822548159963,70.0689599609375,51.19250993728637,0,7,2.7142857142857144,-0.054514285714285717,0.7142857142857143,0.5714285714285714,0.2857142857142857,0.2857142857142857
2024-03-17,87.83699798583984,0,136.97999572753906,217.83999633789065,433.9200134277344,0.0,4.138822548159963,70.0689599609375,51.19250993728637,0,3,3.0,0.4201333333333333,2.6666666666666665,0.0,0.3333333333333333,0.6666666666666666
2024-03-18,88.45500183105469,668976000,136.63999938964844,218.27999877929688,437.4800109863281,0.7035803356058246,4.0773192466177,70.87809997558594,51.44561494827271,1,5,3.0,0.28448,2.8,0.4,0.0,0.6
2024-03-19,89.39800262451172,672171000,134.8699951171875,217.8000030517578,438.5700073242188,1.0660796720779242,4.015575971825448,71.68412002563477,51.69375495910644,1,5,3.4,0.27832,2.2,0.2,0.2,0.6
2024-03-20,90.37200164794922,479063000,136.75,221.2899932861328,443.7699890136719,1.0895087080731392,3.987196855310184,72.44650009155274,51.948979969024656,1,7,3.0,0.03704285714285714,16.571428571428573,0.42857142857142855,0.5714285714285714,0.42857142857142855
2024-03-21,91.43499755859376,480372000,139.4499969482422,226.3099975585937,445.8699951171875,1.1762447342767768,3.97390865709616,73.21240005493163,52.21029994964599,1,2,1.0,0.01555,41.5,1.0,0.0,0.0
2024-03-22,94.28900146484376,586719000,140.5399932861328,227.63999938964844,446.3800048828125,3.1213473860718155,3.980751720977969,74.0111801147461,52.488474960327146,1,5,1.6,0.19364,6.0,0.4,0.2,0.6
2024-03-23,94.28900146484376,0,140.5399932861328,227.63999938964844,446.3800048828125,0.0,3.980751720977969,74.0111801147461,52.488474960327146,0,6,2.8333333333333335,0.20648333333333335,0.5,0.5,0.3333333333333333,0.5
2024-03-24,94.28900146484376,0,140.5399932861328,227.63999938964844,446.3800048828125,0.0,3.980751720977969,74.0111801147461,52.488474960327146,0,4,1.75,0.42475,14.0,0.75,0.25,0.75
2024-03-25,95.0019989013672,552136000,140.22999572753906,227.0800018310547,444.760009765625,0.7561830387919466,3.953116459570147,74.8147801208496,52.77610996246338,1,7,2.0,0.2639,0.2857142857142857,0.5714285714285714,0.14285714285714285,0.5714285714285714
2024-03-26,92.56099700927734,513648000,138.83999633789062,224.97000122070312,443.3200073242188,-2.569421612511691,4.0040433472864505,75.5718000793457,53.0463649559021,1,2,3.0,0.31245,0.5,0.5,0.0,0.5
2024-03-27,90.25,586067000,136.69000244140625,224.88999938964844,444.8299865722656,-2.496728734507592,4.047866946753639,76.24916007995606,53.30376495361328,1,8,2.875,0.19587499999999997,7.875,0.375,0.375,0.625
2024-03-28,90.3560028076172,435212000,136.0500030517578,224.9900054931641,444.010009765625,0.1174546344788751,4.03787059010898,76.93522010803223,53.55813497543335,1,1,5.0,0.0,0.0,0.0,0.0,0.0
2024-03-29,90.3560028076172,0,136.0500030517578,224.9900054931641,444.010009765625,0.0,4.03787059010898,76.93522010803223,53.55813497543335,0,7,2.2857142857142856,0.48938571428571426,3.0,0.42857142857142855,0.0,1.0
2024-03-30,90.3560028076172,0,136.0500030517578,224.9900054931641,444.010009765625,0.0,4.03787059010898,76.93522010803223,53.55813497543335,0,4,1.5,-0.391575,0.25,0.75,0.75,0.25
2024-03-31,90.3560028076172,0,136.0500030517578,224.9900054931641,444.010009765625,0.0,4.03787059010898,76.93522010803223,53.55813497543335,0,7,2.7142857142857144,0.05615714285714286,0.14285714285714285,0.42857142857142855,0.2857142857142857,0.2857142857142857
2024-04-01,90.36299896240234,452441000,141.49000549316406,227.94000244140625,444.9500122070313,0.0077428776924293,4.014564778972938,77.6003401184082,53.80483997344971,1,6,2.1666666666666665,0.2638833333333333,0.0,0.5,0.0,0.5
2024-04-02,89.4520034790039,433064000,140.22000122070312,225.009994506836,441.1099853515625,-1.0081510063399746,4.025300272891731,78.19956016540527,54.03711498260498,1,2,3.0,0.401,1.0,0.5,0.0,0.5
2024-04-03,88.96399688720703,370067000,142.0,225.91000366210932,442.1000061035156,-0.5455513267642154,3.916694209049219,78.78576011657715,54.26866996765137,1,8,2.5,0.32305,22.375,0.5,0.125,0.625
2024-04-04,85.90499877929688,434965000,139.66000366210938,219.88999938964844,435.3399963378906,-3.4384674867840137,3.9375050953506334,79.30640007019043,54.48473495483398,1,5,4.0,0.18382,0.0,0.2,0.0,0.4
2024-04-05,88.00800323486328,399678000,141.36000061035156,222.63999938964844,440.4700012207031,2.4480583033000824,2.6565682260114007,79.83932014465331,54.705734977722166,1,4,3.25,0.494825,11.25,0.0,0.25,0.75
2024-04-06,88.00800323486328,0,141.36000061035156,222.63999938964844,440.4700012207031,0.0,2.6565682260114007,79.83932014465331,54.705734977722166,0,4,2.5,-0.137775,0.75,0.25,0.5,0.5
2024-04-07,88.00800323486328,0,141.36000061035156,222.63999938964844,440.4700012207031,0.0,2.6565682260114007,79.83932014465331,54.705734977722166,0,3,3.6666666666666665,0.2524,3.6666666666666665,0.3333333333333333,0.3333333333333333,0.6666666666666666
2024-04-08,87.13300323486328,283220000,142.7899932861328,223.0599975585937,440.6000061035156,-0.9942277609286564,2.6689948475223626,80.3496401977539,54.92617500305176,1,7,3.7142857142857144,0.45175714285714286,0.14285714285714285,0.14285714285714285,0.0,0.8571428571428571
2024-04-09,85.35399627685547,501700000,145.39999389648438,224.1000061035156,442.2300109863281,-2.041714266651151,2.7050629800652555,80.83610015869141,55.13781997680664,1,1,5.0,0.5106,0.0,0.0,0.0,1.0
2024-04-10,87.03900146484375,431929000,146.22000122070312,222.1499938964844,438.3699951171875,1.974137429397893,2.7179128184314725,81.32758018493652,55.36196998596191,1,6,2.1666666666666665,0.062150000000000004,7.5,0.6666666666666666,0.3333333333333333,0.5
2024-04-11,90.61599731445312,431637000,147.1999969482422,227.3099975585937,445.3699951171875,4.109647157492002,2.7814424067636283,81.88442016601563,55.61188997268677,1,3,1.3333333333333333,-0.09743333333333333,7.666666666666667,0.6666666666666666,0.3333333333333333,0.3333333333333333
2024-04-12,88.18599700927734,426805000,142.52000427246094,220.67999267578125,438.2699890136719,-2.6816460417505072,2.8308850698750514,82.41760009765625,55.843439960479735,1,3,2.6666666666666665,0.44993333333333335,1.6666666666666667,0.3333333333333333,0.3333333333333333,0.6666666666666666
2024-04-13,88.18599700927734,0,142.52000427246094,220.67999267578125,438.2699890136719,0.0,2.8308850698750514,82.41760009765625,55.843439960479735,0,6,3.1666666666666665,0.4015166666666667,0.5,0.16666666666666666,0.0,0.6666666666666666
2024-04-14,88.18599700927734,0,142.52000427246094,220.67999267578125,438.2699890136719,0.0,2.8308850698750514,82.41760009765625,55.843439960479735,0,5,2.0,-0.043399999999999994,0.4,0.6,0.4,0.4
2024-04-15,86.0009994506836,443077000,140.13999938964844,217.3600006103516,431.05999755859375,-2.4777148670937943,2.793561108009404,82.877080078125,56.06785995483399,1,7,1.7142857142857142,-0.18189999999999998,0.2857142857142857,0.7142857142857143,0.5714285714285714,0.2857142857142857
2024-04-16,87.41500091552734,370453000,139.8000030517578,219.16000366210932,431.1000061035156,1.644168642080257,2.733504213325148,83.30218002319336,56.30082496643067,1,1,1.0,-0.6887,2.0,1.0,1.0,0.0
2024-04-17,84.03500366210938,495400000,139.02999877929688,212.3999938964844,425.8399963378906,-3.866610098973966,2.824174328347201,83.59624008178712,56.50948999404907,1,4,2.0,-0.075525,0.5,0.5,0.5,0.5
2024-04-18,84.6709976196289,447260000,132.27000427246094,208.6300048828125,423.4100036621094,0.7568202889319364,2.762861525427691,83.92520004272461,56.720779991149904,1,4,2.5,0.15180000000000002,1.0,0.5,0.25,0.25
2024-04-19,76.19999694824219,875198000,127.6999969482422,199.2100067138672,414.6499938964844,-10.004607137666376,3.167878764832712,84.04722000122071,56.89019496917725,1,2,3.0,0.17440000000000003,1.5,0.5,0.5,0.5
2024-04-20,76.19999694824219,0,127.6999969482422,199.2100067138672,414.6499938964844,0.0,3.167878764832712,84.04722000122071,56.89019496917725,0,3,2.3333333333333335,-0.0816666666666667,1.6666666666666667,0.6666666666666666,0.3333333333333333,0.3333333333333333
2024-04-21,76.19999694824219,0,127.6999969482422,199.2100067138672,414.6499938964844,0.0,3.167878764832712,84.04722000122071,56.89019496917725,0,2,2.5,-0.009199999999999986,0.5,0.5,0.5,0.5
2024-04-22,79.51799774169922,596341000,129.75,203.0200042724609,418.8200073242188,4.354331924331611,3.1504876305971523,84.24475997924804,57.0772699546814,1,4,3.75,0.42222499999999996,8.5,0.25,0.0,0.5
2024-04-23,82.4229965209961,438559000,133.42999267578125,207.8000030517578,425.0700073242188,3.653259465527881,3.211878125978626,84.4505598449707,57.27686994552612,1,6,3.0,0.3754833333333334,0.16666666666666666,0.3333333333333333,0.16666666666666666,0.8333333333333334
2024-04-24,79.677001953125,512208000,132.97000122070312,208.0399932861328,426.510009765625,-3.33158788660588,2.957468926353838,84.59913986206055,57.46435495376587,1,4,2.25,0.24147500000000002,6.0,0.5,0.25,0.75
2024-04-25,82.63200378417969,424641000,136.5800018310547,212.1999969482422,424.4500122070313,3.708726180225952,3.048760509943744,84.80921997070313,57.66548997879028,1,1,1.0,-0.8575,39.0,1.0,1.0,0.0
2024-04-26,87.73500061035156,551011000,138.3000030517578,217.63999938964844,431.0,6.175569503917644,3.21283536553042,85.08591995239257,57.88465497970581,1,8,2.375,0.028837499999999988,1.0,0.625,0.375,0.5
2024-04-27,87.73500061035156,0,138.3000030517578,217.63999938964844,431.0,0.0,3.21283536553042,85.08591995239257,57.88465497970581,0,7,2.0,-0.1508428571428571,0.5714285714285714,0.5714285714285714,0.42857142857142855,0.2857142857142857
2024-04-28,87.73500061035156,0,138.3000030517578,217.63999938964844,431.0,0.0,3.21283536553042,85.08591995239257,57.88465497970581,0,3,1.3333333333333333,0.036399999999999995,0.6666666666666666,0.6666666666666666,0.3333333333333333,0.3333333333333333
2024-04-29,87.75700378417969,388971000,138.5,218.3800048828125,432.75,0.0250791288255003,3.2126879901886505,85.38790008544922,58.09355499267578,1,6,1.6666666666666667,-0.32988333333333336,1.0,0.6666666666666666,0.8333333333333334,0.0
2024-04-30,86.4020004272461,363709000,137.33999633789062,214.08999633789065,424.5899963378906,-1.5440401318462804,3.223056487448298,85.6636801147461,58.29821998596192,1,7,2.5714285714285716,0.06378571428571429,0.0,0.42857142857142855,0.2857142857142857,0.42857142857142855
2024-05-01,83.04100036621094,559863000,134.94000244140625,207.8500061035156,421.5199890136719,-3.889956302418307,3.291376125230217,85.93546005249023,58.48111999511719,1,7,2.7142857142857144,-0.2551857142857143,0.0,0.42857142857142855,0.5714285714285714,0.14285714285714285
2024-05-02,85.81700134277344,377898000,136.22999572753906,212.02999877929688,426.8999938964844,3.342928149131552,3.346885123340769,86.3023600769043,58.67273500442505,1,12,3.3333333333333335,0.20930833333333332,0.0,0.4166666666666667,0.3333333333333333,0.5
2024-05-03,88.78900146484375,398341000,141.55999755859375,217.72999572753903,435.4800109863281,3.4631833734197315,3.402938820993917,86.50738006591797,58.88129501342773,1,9,2.5555555555555554,0.1732,4.666666666666667,0.4444444444444444,0.1111111111111111,0.4444444444444444
2024-05-04,88.78900146484375,0,141.55999755859375,217.72999572753903,435.4800109863281,0.0,3.402938820993917,86.50738006591797,58.88129501342773,0,4,1.75,0.231325,4.25,0.75,0.0,0.5
2024-05-05,88.78900146484375,0,141.55999755859375,217.72999572753903,435.4800109863281,0.0,3.402938820993917,86.50738006591797,58.88129501342773,0,2,1.0,-0.17805,1.0,1.0,0.5,0.0
2024-05-06,92.13999938964844,376203000,142.8300018310547,222.6699981689453,440.25,3.77411376355159,3.4258666777167166,86.77384002685547,59.11439500808716,1,2,3.0,0.125,1.0,0.5,0.0,0.5
2024-05-07,90.5540008544922,437342000,141.11000061035156,220.72999572753903,440.3200073242188,-1.7212921051250052,3.4363729673702106,87.00307998657226,59.34562002182007,1,4,3.25,0.28102499999999997,0.0,0.25,0.0,0.5
2024-05-08,90.41200256347656,325721000,143.60000610351562,221.3999938964844,440.05999755859375,-0.1568106209286046,3.4047196658649934,87.23730010986328,59.57462003707886,1,4,3.25,0.247875,0.25,0.0,0.0,0.25
2024-05-09,88.74700164794922,378013000,142.7899932861328,219.97999572753903,441.0199890136719,-1.8415706635392604,3.390366207379458,87.45898010253906,59.78996004104614,1,6,3.1666666666666665,0.35818333333333335,0.16666666666666666,0.16666666666666666,0.16666666666666666,0.5
2024-05-10,89.87799835205078,335325000,149.25999450683594,223.3000030517578,442.05999755859375,1.2744055383280717,3.3983146640764503,87.6743000793457,60.012090034484864,1,5,3.2,-0.22671999999999998,3.4,0.2,0.8,0.2
2024-05-11,89.87799835205078,0,149.25999450683594,223.3000030517578,442.05999755859375,0.0,3.3983146640764503,87.6743000793457,60.012090034484864,0,4,1.0,0.005949999999999997,0.25,1.0,0.25,0.25
2024-05-12,89.87799835205078,0,149.25999450683594,223.3000030517578,442.05999755859375,0.0,3.3983146640764503,87.6743000793457,60.012090034484864,0,3,2.3333333333333335,-0.024899999999999995,17.333333333333332,0.6666666666666666,0.6666666666666666,0.3333333333333333
2024-05-13,90.39900207519533,289680000,146.41000366210938,223.259994506836,443.0799865722656,0.5796788231795746,3.39973758994398,87.83670013427735,60.23458503723145,1,3,3.6666666666666665,0.4134,0.0,0.3333333333333333,0.3333333333333333,0.6666666666666666
2024-05-14,91.3560028076172,296507000,151.9499969482422,227.0800018310547,445.9299926757813,1.0586408151119109,3.3983284387483645,87.95908020019532,60.45761505126953,1,2,2.0,0.24344999999999997,1.5,0.5,0.5,0.5
2024-05-15,94.62999725341795,417735000,155.5800018310547,233.8999938964844,452.8999938964844,3.5837759371930344,3.4533336455584425,88.13240020751954,60.69712003707886,1,3,2.0,0.7221666666666667,0.0,0.3333333333333333,0.0,1.0
2024-05-16,94.35900115966795,323952000,152.22999572753906,232.1999969482422,451.9800109863281,-0.2863744072868046,3.3840392141833497,88.24558029174804,60.936380043029786,1,5,3.4,0.35958,2.0,0.4,0.0,0.6
2024-05-17,92.47899627685548,359691000,151.67999267578125,230.25,451.760009765625,-1.9923959131691984,3.3871044096476584,88.24178024291992,61.17743001937866,1,4,2.0,0.052125000000000005,1.5,0.75,0.5,0.25
2024-05-18,92.47899627685548,0,151.67999267578125,230.25,451.760009765625,0.0,3.3871044096476584,88.24178024291992,61.17743001937866,0,0,,,,,,
2024-05-19,92.47899627685548,0,151.67999267578125,230.25,451.760009765625,0.0,3.3871044096476584,88.24178024291992,61.17743001937866,0,3,2.3333333333333335,0.08800000000000001,0.0,0.6666666666666666,0.3333333333333333,0.6666666666666666
2024-05-20,94.77999877929688,318764000,153.5500030517578,235.0,454.9100036621094,2.488135247005574,3.403631669503433,88.38682022094727,61.4287550163269,1,8,2.5,0.308475,0.25,0.625,0.125,0.625
2024-05-21,95.38600158691406,328946000,153.6699981689453,234.6699981689453,455.7999877929688,0.6393783661343022,3.3740718531124463,88.57906021118164,61.6822850227356,1,3,2.3333333333333335,0.14516666666666667,0.0,0.6666666666666666,0.3333333333333333,0.3333333333333333
2024-05-22,94.9499969482422,548648000,156.14999389648438,236.58999633789065,455.7099914550781,-0.4570949944626812,3.364816170049901,88.63980010986329,61.92995000839233,1,2,1.0,0.34075,0.5,1.0,0.5,0.5
2024-05-23,103.79900360107422,835065000,157.08999633789062,239.82000732421875,453.6600036621094,9.319649223007008,3.684984140091142,88.89802017211915,62.22562501907348,1,7,3.142857142857143,0.39440000000000003,0.14285714285714285,0.42857142857142855,0.14285714285714285,0.8571428571428571
2024-05-24,106.46900177001952,429494000,160.0,244.259994506836,457.9500122070313,2.572277263090883,3.652296248160852,89.26852020263672,62.54520002365112,1,3,3.3333333333333335,0.5420333333333334,1.0,0.0,0.3333333333333333,0.6666666666666666
2024-05-25,106.46900177001952,0,160.0,244.259994506836,457.9500122070313,0.0,3.652296248160852,89.26852020263672,62.54520002365112,0,6,1.6666666666666667,0.2635,0.16666666666666666,0.8333333333333334,0.16666666666666666,0.6666666666666666
2024-05-26,106.46900177001952,0,160.0,244.259994506836,457.9500122070313,0.0,3.652296248160852,89.26852020263672,62.54520002365112,0,4,3.75,0.365275,0.25,0.25,0.25,0.75
2024-05-27,106.46900177001952,0,160.0,244.259994506836,457.9500122070313,0.0,3.652296248160852,89.26852020263672,62.54520002365112,0,3,3.3333333333333335,0.36423333333333335,0.3333333333333333,0.3333333333333333,0.0,0.6666666666666666
2024-05-28,113.9010009765625,652728000,159.41000366210938,249.8300018310547,459.6799926757813,6.98043475846295,3.7751510313193535,89.78980026245117,62.90276502609253,1,0,,,,,,
2024-05-29,114.8249969482422,557442000,154.33999633789062,245.6499938964844,456.4400024414063,0.8112272620587557,3.773389272194828,90.31720016479493,63.27261501312256,1,1,5.0,0.4404,0.0,0.0,0.0,1.0
2024-05-30,110.5,484553000,152.9600067138672,242.2700042724609,451.5499877929688,-3.766598792240072,3.76899925772107,90.73924011230469,63.6063500213623,1,4,3.75,0.2807,0.0,0.25,0.25,0.5
2024-05-31,109.63300323486328,613263000,151.0399932861328,240.47999572753903,450.7099914550781,-0.7846124571373014,3.782708163173668,91.12446014404296,63.934815044403074,1,3,4.666666666666667,0.5783,0.0,0.0,0.0,1.0
2024-06-01,109.63300323486328,0,151.0399932861328,240.47999572753903,450.7099914550781,0.0,3.782708163173668,91.12446014404296,63.934815044403074,0,5,3.4,-0.005199999999999982,0.4,0.2,0.4,0.4
2024-06-02,109.63300323486328,0,151.0399932861328,240.47999572753903,450.7099914550781,0.0,3.782708163173668,91.12446014404296,63.934815044403074,0,1,5.0,0.4215,0.0,0.0,0.0,1.0
2024-06-03,115.0,438392000,154.9499969482422,243.47999572753903,453.1300048828125,4.895420728044075,3.235520085434686,91.5957601928711,64.2923850440979,1,6,2.8333333333333335,0.18405000000000002,5.333333333333333,0.5,0.3333333333333333,0.5
2024-06-04,116.43699645996094,403324000,152.47000122070312,242.6000061035156,454.3699951171875,1.2495621390964606,3.188094275746805,92.03872009277345,64.6578500175476,1,4,2.0,-0.322725,1.25,0.75,0.75,0.25
2024-06-05,122.44000244140624,528402000,162.9199981689453,254.41000366210932,463.5299987792969,5.155582988186724,3.2373063894426366,92.5874801635742,65.05355503082275,1,5,2.4,0.2001,12.2,0.4,0.0,0.4
2024-06-06,120.9980010986328,664696000,162.07000732421875,252.41000366210932,463.3699951171875,-1.1777207726400565,3.1520292917200354,93.15622024536133,65.42371004104615,1,3,3.0,0.12946666666666665,0.0,0.3333333333333333,0.3333333333333333,0.6666666666666666
2024-06-07,120.88800048828124,412386000,164.38999938964844,252.2100067138672,462.9599914550781,-0.0909110971691995,3.134400067098474,93.76898025512696,65.79981004714966,1,6,4.333333333333333,0.37833333333333335,0.0,0.16666666666666666,0.0,0.8333333333333334
2024-06-08,120.88800048828124,0,164.38999938964844,252.2100067138672,462.9599914550781,0.0,3.134400067098474,93.76898025512696,65.79981004714966,0,4,4.0,0.4373,0.0,0.25,0.0,0.75
2024-06-09,120.88800048828124,0,164.38999938964844,252.2100067138672,462.9599914550781,0.0,3.134400067098474,93.76898025512696,65.79981004714966,0,2,2.0,-0.3607,0.0,0.5,1.0,0.0
2024-06-10,121.79000091552734,313434100,168.16000366210938,255.8600006103516,464.8299865722656,0.7461455426533758,2.9983237700081067,94.39766021728516,66.17318004608154,1,2,5.0,0.47155,0.0,0.0,0.0,1.0
2024-06-11,120.91000366210938,222551200,165.7100067138672,255.47999572753903,468.0199890136719,-0.7225529573879674,3.011004785617453,95.0086003112793,66.54191507339478,1,3,1.6666666666666667,-0.47996666666666665,0.0,0.6666666666666666,0.6666666666666666,0.0
2024-06-12,125.1999969482422,299595000,172.97999572753906,263.0899963378906,474.1499938964844,3.548087963111368,2.9993423554855294,95.72356018066408,66.93782505035401,1,4,2.0,-0.23452499999999998,0.75,0.75,0.5,0.25
2024-06-13,129.61000061035156,260704500,172.91000366210938,267.2099914550781,476.7200012207031,3.5223672281178064,2.8602971684694625,96.53648025512696,67.3517000579834,1,1,1.0,0.3818,1.0,1.0,0.0,1.0
2024-06-14,131.8800048828125,309320400,172.50999450683594,267.8900146484375,479.1900024414063,1.7514113585149094,2.8402703838420056,97.45598037719726,67.76718008041382,1,1,4.0,0.34,1.0,0.0,0.0,1.0
2024-06-15,131.8800048828125,0,172.50999450683594,267.8900146484375,479.1900024414063,0.0,2.8402703838420056,97.45598037719726,67.76718008041382,0,7,2.7142857142857144,0.30984285714285714,0.7142857142857143,0.42857142857142855,0.0,0.5714285714285714
2024-06-16,131.8800048828125,0,172.50999450683594,267.8900146484375,479.1900024414063,0.0,2.8402703838420056,97.45598037719726,67.76718008041382,0,4,2.75,0.19125,0.25,0.5,0.0,0.25
2024-06-17,130.97999572753906,288504400,177.24000549316406,272.4800109863281,485.05999755859375,-0.682445497384665,2.84132991692598,98.31542022705078,68.17576005935669,1,6,3.5,0.2433166666666667,0.16666666666666666,0.3333333333333333,0.16666666666666666,0.5
2024-06-18,135.5800018310547,294335100,179.69000244140625,276.760009765625,485.2099914550781,3.511991337275977,2.8339875844617497,99.2843601989746,68.60688507080079,1,8,3.0,0.1122,7.25,0.375,0.375,0.625
2024-06-19,135.5800018310547,0,179.69000244140625,276.760009765625,485.2099914550781,0.0,2.8339875844617497,99.2843601989746,68.60688507080079,0,4,3.0,0.2261,0.0,0.5,0.25,0.5
2024-06-20,130.77999877929688,517768400,175.3800048828125,268.9200134277344,481.4700012207031,-3.540347386732645,2.91976473225529,100.19288024902345,69.01824007034301,1,7,2.4285714285714284,0.2789857142857143,0.42857142857142855,0.5714285714285714,0.0,0.42857142857142855
2024-06-21,126.56999969482422,649445800,173.9600067138672,264.8900146484375,480.1799926757813,-3.2191459885065554,3.0231743956926227,100.98350021362305,69.40835006713867,1,4,1.25,0.031375,1.75,0.75,0.25,0.25
2024-06-22,126.56999969482422,0,173.9600067138672,264.8900146484375,480.1799926757813,0.0,3.0231743956926227,100.98350021362305,69.40835006713867,0,4,3.5,0.152675,0.0,0.25,0.25,0.75
2024-06-23,126.56999969482422,0,173.9600067138672,264.8900146484375,480.1799926757813,0.0,3.0231743956926227,100.98350021362305,69.40835006713867,0,7,2.142857142857143,0.27827142857142856,0.7142857142857143,0.5714285714285714,0.14285714285714285,0.5714285714285714
2024-06-24,118.11000061035156,476060900,167.80999755859375,255.77999877929688,473.9599914550781,-6.684047645469504,3.3056445791587263,101.53338027954102,69.76359506607055,1,3,2.6666666666666665,-0.21033333333333334,5.333333333333333,0.3333333333333333,0.6666666666666666,0.3333333333333333
2024-06-25,126.08999633789062,414192600,172.60000610351562,261.7699890136719,479.3800048828125,6.756409860554746,3.4683134216639893,102.29146026611328,70.16284004211425,1,7,1.5714285714285714,0.04417142857142858,1.2857142857142858,0.7142857142857143,0.42857142857142855,0.2857142857142857
2024-06-26,126.4000015258789,362975900,172.07000732421875,260.9100036621094,480.3699951171875,0.2458602561598466,3.470880850032424,103.0994403076172,70.5669800567627,1,4,1.75,0.152975,2.75,0.5,0.0,0.5
2024-06-27,123.98999786376952,252571700,171.6300048828125,258.8599853515625,481.6099853515625,-1.906648443841952,3.516411389262626,103.83094024658205,70.9610400390625,1,3,1.0,-0.05296666666666667,2.0,1.0,0.6666666666666666,0.3333333333333333
2024-06-28,123.54000091552734,315516700,173.80999755859375,260.70001220703125,479.1099853515625,-0.3629300395154522,3.493347575105089,104.6210401916504,71.35439004898072,1,8,3.25,0.224325,0.125,0.375,0.25,0.5
2024-06-29,123.54000091552734,0,173.80999755859375,260.70001220703125,479.1099853515625,0.0,3.493347575105089,104.6210401916504,71.35439004898072,0,4,4.0,0.24822500000000003,0.25,0.25,0.25,0.75
2024-06-30,123.54000091552734,0,173.80999755859375,260.70001220703125,479.1099853515625,0.0,3.493347575105089,104.6210401916504,71.35439004898072,0,6,3.0,-0.020933333333333342,0.6666666666666666,0.5,0.5,0.3333333333333333
2024-07-01,124.3000030517578,284885500,172.3300018310547,261.010009765625,481.9200134277344,0.6151870896861533,3.4862093650475785,105.41362030029296,71.74846506118774,1,5,4.0,0.74276,0.6,0.2,0.0,1.0
2024-07-02,122.66999816894533,218374000,175.6999969482422,263.6300048828125,486.9800109863281,-1.3113474197854802,3.4683530167461742,106.34302032470704,72.13391004562378,1,4,1.0,-0.287025,1.0,1.0,0.75,0.0
2024-07-03,128.27999877929688,215749000,182.4900054931641,269.6199951171875,491.0400085449219,4.57324585806651,3.5196445933372336,107.31826034545898,72.55581003189087,1,5,1.6,-0.08990000000000001,0.4,0.8,0.4,0.2
2024-07-04,128.27999877929688,0,182.4900054931641,269.6199951171875,491.0400085449219,0.0,3.5196445933372336,107.31826034545898,72.55581003189087,0,3,3.6666666666666665,0.04973333333333333,0.0,0.3333333333333333,0.3333333333333333,0.6666666666666666
2024-07-05,125.83000183105467,214176700,183.9900054931641,269.7200012207031,496.1600036621094,-1.90988226657014,3.561003396897176,108.18640045166016,72.96513004302979,1,1,5.0,0.4404,0.0,0.0,0.0,1.0
2024-07-06,125.83000183105467,0,183.9900054931641,269.7200012207031,496.1600036621094,0.0,3.561003396897176,108.18640045166016,72.96513004302979,0,4,1.0,-0.12692499999999998,1.25,1.0,0.25,0.25
2024-07-07,125.83000183105467,0,183.9900054931641,269.7200012207031,496.1600036621094,0.0,3.561003396897176,108.18640045166016,72.96513004302979,0,5,2.2,0.46064,2.4,0.6,0.2,0.8
2024-07-08,128.1999969482422,237677300,186.6300048828125,274.2099914550781,497.3399963378906,1.8834896945877588,3.553884829000802,109.1568603515625,73.38853002548218,1,5,2.0,-0.09014000000000001,1.0,0.6,0.8,0.2
2024-07-09,131.3800048828125,285366600,184.5200042724609,274.8099975585937,497.7699890136719,2.4805054682288,3.208777893439524,110.13182037353516,73.83423505783081,1,4,1.5,0.176525,1.25,0.75,0.25,0.5
2024-07-10,134.91000366210938,248978600,191.0500030517578,281.2699890136719,502.9599914550781,2.6868615071566904,3.2109808630677623,111.07532043457032,74.30370008468628,1,0,,,,,,
2024-07-11,127.4000015258789,374782700,184.5,271.0199890136719,491.9299926757813,-5.566675511357733,3.20097023498564,111.8681803894043,74.73265008926391,1,5,4.0,0.03184,0.2,0.2,0.4,0.4
2024-07-12,129.24000549316406,252680500,187.3500061035156,274.45001220703125,494.8200073242188,1.4442731124389985,3.205696895072148,112.72494049072266,75.16774011611939,1,4,4.25,-0.18774999999999997,43.0,0.0,0.5,0.5
2024-07-13,129.24000549316406,0,187.3500061035156,274.45001220703125,494.8200073242188,0.0,3.205696895072148,112.72494049072266,75.16774011611939,0,1,1.0,0.0,0.0,1.0,0.0,0.0
2024-07-14,129.24000549316406,0,187.3500061035156,274.45001220703125,494.8200073242188,0.0,3.205696895072148,112.72494049072266,75.16774011611939,0,2,3.0,0.3348,0.0,0.5,0.0,0.5
2024-07-15,128.44000244140625,208326200,185.22000122070312,273.8299865722656,496.1499938964844,-0.6190057395193516,3.113289478623316,113.63292053222656,75.60038513183594,1,3,3.0,0.23743333333333336,2.0,0.3333333333333333,0.3333333333333333,0.6666666666666666
2024-07-16,126.36000061035156,214769500,186.0399932861328,273.7099914550781,496.3399963378906,-1.619434593209057,3.1293159678927744,114.44378051757812,76.0198451423645,1,6,3.8333333333333335,0.15360000000000001,6.0,0.16666666666666666,0.3333333333333333,0.5
2024-07-17,117.98999786376952,390086200,171.1999969482422,254.22000122070312,481.7699890136719,-6.62393376555298,3.2773789491946506,115.02780044555664,76.39435012817383,1,4,4.5,0.211875,0.0,0.0,0.0,0.25
2024-07-18,121.08999633789062,320979500,171.8699951171875,255.5399932861328,479.489990234375,2.627340054451333,3.3030481940867653,115.60680038452148,76.7823051071167,1,4,3.25,0.33997499999999997,0.75,0.25,0.0,1.0
2024-07-19,117.93000030517578,217223800,165.77000427246094,248.13999938964844,475.239990234375,-2.609626004031884,3.202731444716895,116.15432037353516,77.14804510116578,1,3,3.6666666666666665,0.8066,1.6666666666666667,0.3333333333333333,0.0,1.0
2024-07-20,117.93000030517578,0,165.77000427246094,248.13999938964844,475.239990234375,0.0,3.202731444716895,116.15432037353516,77.14804510116578,0,5,3.4,0.34265999999999996,0.4,0.4,0.2,0.8
2024-07-21,117.93000030517578,0,165.77000427246094,248.13999938964844,475.239990234375,0.0,3.202731444716895,116.15432037353516,77.14804510116578,0,5,3.0,0.2428,0.0,0.4,0.2,0.8
2024-07-22,123.54000091552734,258068900,169.35000610351562,257.7200012207031,482.3200073242188,4.757059777693695,3.3136463064462887,116.81688034057618,77.54816011428834,1,1,5.0,0.6249,0.0,0.0,0.0,1.0
2024-07-23,122.58999633789062,173911000,169.82000732421875,254.8600006103516,480.6199951171875,-0.7689854060194623,3.317464050823981,117.493740234375,77.94090509414673,1,5,2.8,-0.12274,0.6,0.4,0.6,0.4
2024-07-24,114.25,327776900,159.8000030517578,240.97999572753903,463.3800048828125,-6.8031622375641305,3.545271247546475,117.98118026733398,78.28871509552002,1,5,2.6,0.26824,0.0,0.6,0.2,0.6
2024-07-25,112.27999877929688,460067000,160.27999877929688,236.5599975585937,458.2699890136719,-1.724289908711707,3.5555374179378814,118.41880020141602,78.62130508422851,1,1,1.0,-0.7794,0.0,1.0,1.0,0.0
2024-07-26,113.05999755859376,293399100,161.94000244140625,240.3099975585937,462.9700012207031,0.6946907621811382,3.489790395019159,118.85288009643554,78.96024007797241,1,3,3.0,-0.029599999999999998,1.0,0.0,0.3333333333333333,0.3333333333333333
2024-07-27,113.05999755859376,0,161.94000244140625,240.3099975585937,462.9700012207031,0.0,3.489790395019159,118.85288009643554,78.96024007797241,0,6,1.6666666666666667,-0.15233333333333335,8.5,0.5,0.5,0.5
2024-07-28,113.05999755859376,0,161.94000244140625,240.3099975585937,462.9700012207031,0.0,3.489790395019159,118.85288009643554,78.96024007797241,0,6,2.8333333333333335,0.3315333333333333,0.5,0.5,0.3333333333333333,0.6666666666666666
2024-07-29,111.58999633789062,248152100,160.00999450683594,238.6000061035156,463.8999938964844,-1.300195694716244,3.418951483674608,119.192080078125,79.2892000579834,1,2,4.5,0.5292,0.0,0.0,0.0,1.0
2024-07-30,103.7300033569336,486833300,154.5399932861328,229.47000122070312,457.5299987792969,-7.043635844522522,3.596938356794726,119.37950012207033,79.57382007598876,1,6,3.6666666666666665,0.17845,11.166666666666666,0.3333333333333333,0.3333333333333333,0.6666666666666666
2024-07-31,117.0199966430664,473174200,165.8000030517578,246.9900054931641,471.0700073242188,12.812101471164627,4.365318083969461,119.87032012939451,79.92419506072999,1,3,5.0,0.7353666666666667,0.0,0.0,0.0,1.0
2024-08-01,109.20999908447266,523462300,158.17999267578125,231.009994506836,459.6600036621094,-6.674070913209606,4.455086514371947,120.15892013549804,80.24294006347657,1,4,3.25,0.25279999999999997,1.5,0.25,0.25,0.5
2024-08-02,107.2699966430664,482027500,149.86000061035156,218.42999267578125,448.75,-1.776396353511256,4.426815472124096,120.3966000366211,80.54881504058838,1,3,4.0,0.10606666666666666,0.6666666666666666,0.0,0.0,0.3333333333333333
2024-08-03,107.2699966430664,0,149.86000061035156,218.42999267578125,448.75,0.0,4.426815472124096,120.3966000366211,80.54881504058838,0,6,3.3333333333333335,0.32443333333333335,0.6666666666666666,0.16666666666666666,0.3333333333333333,0.6666666666666666
2024-08-04,107.2699966430664,0,149.86000061035156,218.42999267578125,448.75,0.0,4.426815472124096,120.3966000366211,80.54881504058838,0,6,3.8333333333333335,0.25731666666666664,1.3333333333333333,0.16666666666666666,0.3333333333333333,0.5
2024-08-05,100.4499969482422,552842400,147.9499969482422,213.3099975585937,435.3699951171875,-6.357788671810349,4.527648615250621,120.5066000366211,80.83137502670289,1,2,5.0,0.44745,15.5,0.0,0.0,0.5
2024-08-06,104.25,409012100,155.38999938964844,217.4600067138672,439.5299987792969,3.7829797582928704,4.450828348790426,120.5156199645996,81.14164503097534,1,4,2.25,0.2827,9.25,0.5,0.0,0.5
2024-08-07,98.91000366210938,411440400,155.0399932861328,211.47000122070312,434.7699890136719,-5.122298645458634,4.32616377630829,120.3644400024414,81.42569004058838,1,9,1.6666666666666667,-0.058244444444444446,6.555555555555555,0.6666666666666666,0.3333333333333333,0.3333333333333333
2024-08-08,104.97000122070312,391910000,164.5500030517578,224.91000366210932,448.0700073242188,6.126779227807488,4.500985570574753,120.18582000732422,81.74360504150391,1,4,1.5,-0.175625,0.0,0.75,0.5,0.25
2024-08-09,104.75,290844200,167.1199951171875,224.8500061035156,450.4100036621094,-0.2095848510476505,4.4936223456614055,119.98432006835938,82.0524800491333,1,4,3.0,0.12327500000000001,3.25,0.5,0.0,0.5
2024-08-10,104.75,0,167.1199951171875,224.8500061035156,450.4100036621094,0.0,4.4936223456614055,119.98432006835938,82.0524800491333,0,4,3.75,0.5966,3.5,0.25,0.0,1.0
2024-08-11,104.75,0,167.1199951171875,224.8500061035156,450.4100036621094,0.0,4.4936223456614055,119.98432006835938,82.0524800491333,0,4,2.5,-0.12772500000000003,1.5,0.5,0.75,0.25
2024-08-12,109.0199966430664,325559900,167.6300048828125,226.9600067138672,451.3800048828125,4.076369110325917,4.569516913643196,119.9547200012207,82.37926504135132,1,3,3.6666666666666665,0.4257,0.0,0.3333333333333333,0.0,0.6666666666666666
2024-08-13,116.13999938964844,312646700,172.33999633789062,236.19000244140625,462.5799865722656,6.530914479747296,4.735706029293942,120.0848599243164,82.75107004165649,1,4,1.0,0.0009500000000000064,0.0,1.0,0.5,0.5
2024-08-14,118.08000183105467,339246400,169.97000122070312,236.38999938964844,462.7300109863281,1.6703999066657094,4.741100860586688,120.1464599609375,83.13984004974365,1,2,4.5,0.37020000000000003,0.5,0.0,0.0,1.0
2024-08-15,122.86000061035156,318086700,173.9600067138672,246.3699951171875,474.4200134277344,4.048101884463007,4.724499857977806,120.27492004394531,83.5516400527954,1,3,3.3333333333333335,0.047033333333333344,0.0,0.3333333333333333,0.3333333333333333,0.6666666666666666
2024-08-16,124.58000183105467,302589900,174.5399932861328,246.7100067138672,475.0299987792969,1.399968429235221,4.717894943960951,120.31772003173828,83.96873506546021,1,7,3.7142857142857144,0.08787142857142859,0.0,0.2857142857142857,0.14285714285714285,0.42857142857142855
2024-08-17,124.58000183105467,0,174.5399932861328,246.7100067138672,475.0299987792969,0.0,4.717894943960951,120.31772003173828,83.96873506546021,0,11,3.5454545454545454,0.2727818181818182,7.909090909090909,0.18181818181818182,0.09090909090909091,0.5454545454545454
2024-08-18,124.58000183105467,0,174.5399932861328,246.7100067138672,475.0299987792969,0.0,4.717894943960951,120.31772003173828,83.96873506546021,0,7,2.857142857142857,0.3396,13.142857142857142,0.2857142857142857,0.14285714285714285,0.7142857142857143
2024-08-19,130.0,318333600,175.4499969482422,251.33999633789065,481.2699890136719,4.350616543011032,4.771729214082032,120.49776000976564,84.41483507156372,1,4,1.25,-0.003950000000000009,2.5,0.75,0.25,0.5
2024-08-20,127.25,300087400,172.0399932861328,248.0599975585937,480.260009765625,-2.115384615384619,4.768290659010409,120.625,84.83946006774903,1,2,5.0,0.47835,0.0,0.0,0.0,1.0
2024-08-21,128.5,257883600,171.44000244140625,250.6300048828125,482.5,0.982318271119853,4.745300984583262,120.75919998168943,85.26443006515503,1,5,2.4,-0.11851999999999999,0.4,0.6,0.6,0.2
2024-08-22,123.73999786376952,376189100,166.44000244140625,242.4199981689453,474.8500061035156,-3.704281818078181,4.682466272013063,120.81579986572264,85.6581050491333,1,9,3.2222222222222223,0.004966666666666663,0.4444444444444444,0.4444444444444444,0.4444444444444444,0.3333333333333333
2024-08-23,129.3699951171875,323230300,171.27999877929688,248.38999938964844,480.0,4.5498604740694,4.749174295546756,120.89919982910156,86.07620002746582,1,8,2.5,0.2547625,4.25,0.5,0.125,0.625
2024-08-24,129.3699951171875,0,171.27999877929688,248.38999938964844,480.0,0.0,4.749174295546756,120.89919982910156,86.07620002746582,0,7,2.4285714285714284,-0.0025285714285714195,0.42857142857142855,0.42857142857142855,0.5714285714285714,0.42857142857142855
2024-08-25,129.3699951171875,0,171.27999877929688,248.38999938964844,480.0,0.0,4.749174295546756,120.89919982910156,86.07620002746582,0,3,2.6666666666666665,-0.3596333333333333,0.6666666666666666,0.3333333333333333,0.6666666666666666,0.3333333333333333
2024-08-26,126.45999908447266,331964700,169.07000732421875,242.57000732421875,475.3399963378906,-2.249359312473398,4.767113024906284,120.836199798584,86.47872501373291,1,4,3.0,-0.1557,0.0,0.5,0.75,0.25
2024-08-27,128.3000030517578,303134600,170.5500030517578,245.009994506836,476.760009765625,1.4550086830667164,4.762877836785404,120.76459976196288,86.88735502243043,1,7,1.5714285714285714,0.052042857142857134,4.0,0.8571428571428571,0.2857142857142857,0.2857142857142857
2024-08-28,125.61000061035156,448101100,169.1999969482422,240.88999938964844,471.3500061035156,-2.0966503331422914,4.609803033003242,120.65719985961914,87.28065502166749,1,5,3.8,0.21238,0.0,0.2,0.2,0.6
2024-08-29,117.58999633789062,453023300,169.14999389648438,237.91000366210932,470.6600036621094,-6.384845341526102,4.74525932289059,120.29739974975584,87.62693000793458,1,3,1.0,0.09863333333333335,0.6666666666666666,1.0,0.3333333333333333,0.6666666666666666
2024-08-30,119.37000274658205,333751600,171.6999969482422,243.4600067138672,476.2699890136719,1.5137396582415308,4.72644825722626,120.06919982910156,87.98068002700806,1,4,2.0,-0.120925,0.25,0.75,0.5,0.0
2024-08-31,119.37000274658205,0,171.6999969482422,243.4600067138672,476.2699890136719,0.0,4.72644825722626,120.06919982910156,87.98068002700806,0,3,3.6666666666666665,0.4848333333333333,0.0,0.3333333333333333,0.0,0.6666666666666666
2024-09-01,119.37000274658205,0,171.6999969482422,243.4600067138672,476.2699890136719,0.0,4.72644825722626,120.06919982910156,87.98068002700806,0,4,1.75,0.015050000000000008,8.0,0.75,0.25,0.5
2024-09-02,119.37000274658205,0,171.6999969482422,243.4600067138672,476.2699890136719,0.0,4.72644825722626,120.06919982910156,87.98068002700806,0,3,3.3333333333333335,0.19240000000000004,0.0,0.3333333333333333,0.3333333333333333,0.6666666666666666
2024-09-03,108.0,477155100,160.49000549316406,225.19000244140625,461.80999755859375,-9.52500836472302,4.959648997787129,119.69779983520507,88.27240003585815,1,3,3.0,0.3875,1.0,0.3333333333333333,0.0,0.6666666666666666
2024-09-04,106.20999908447266,372470300,160.8699951171875,224.6499938964844,460.6099853515625,-1.6574082551179092,4.965017856925098,119.4597998046875,88.55901002883911,1,8,2.625,0.2757625,11.875,0.5,0.25,0.5
2024-09-05,107.20999908447266,306850700,163.6999969482422,224.259994506836,461.0400085449219,0.9415309374070092,4.817516232938684,119.08219985961914,88.84766002655029,1,5,2.4,0.19746000000000002,0.2,0.4,0.2,0.4
2024-09-06,102.83000183105467,413638100,156.82000732421875,215.0,448.6900024414063,-4.085437264081026,4.864027207376792,118.61079986572264,89.11532003402709,1,7,3.4285714285714284,0.3916714285714286,49.142857142857146,0.2857142857142857,0.14285714285714285,0.7142857142857143
2024-09-07,102.83000183105467,0,156.82000732421875,215.0,448.6900024414063,0.0,4.864027207376792,118.61079986572264,89.11532003402709,0,6,1.6666666666666667,-0.020699999999999996,1.6666666666666667,0.8333333333333334,0.5,0.3333333333333333
2024-09-08,102.83000183105467,0,156.82000732421875,215.0,448.6900024414063,0.0,4.864027207376792,118.61079986572264,89.11532003402709,0,7,4.142857142857143,0.3367857142857143,0.2857142857142857,0.14285714285714285,0.14285714285714285,0.5714285714285714
2024-09-09,106.47000122070312,273912000,162.77999877929688,219.8600006103516,454.4599914550781,3.539822352263311,4.909174951928541,118.26039993286132,89.39562503814697,1,5,3.4,0.05820000000000001,0.0,0.4,0.2,0.4
2024-09-10,108.0999984741211,268283700,162.42999267578125,221.94000244140625,458.6600036621094,1.5309450875642616,4.912201718502724,117.9515998840332,89.68640502929688,1,2,1.5,0.3524,1.5,0.5,0.0,1.0
2024-09-11,116.91000366210938,441422400,170.22999572753906,233.3999938964844,468.6199951171875,8.149866153881003,4.94299055269298,117.80379989624024,90.02737504959106,1,9,2.6666666666666665,0.24153333333333332,0.0,0.4444444444444444,0.2222222222222222,0.5555555555555556
2024-09-12,119.13999938964844,366052700,171.42999267578125,233.8999938964844,473.2200012207031,1.9074464611122053,4.376096466936965,117.7331999206543,90.3841950416565,1,2,1.0,-0.10285,0.5,1.0,0.5,0.0
2024-09-13,119.0999984741211,238358300,172.5,236.91000366210932,475.3399963378906,-0.0335747152360843,4.182512110335286,117.54959991455078,90.73848503112794,1,7,2.2857142857142856,0.1715142857142857,0.8571428571428571,0.5714285714285714,0.2857142857142857,0.42857142857142855
2024-09-14,119.0999984741211,0,172.5,236.91000366210932,475.3399963378906,0.0,4.182512110335286,117.54959991455078,90.73848503112794,0,5,2.4,0.2237,0.4,0.6,0.2,0.4
2024-09-15,119.0999984741211,0,172.5,236.91000366210932,475.3399963378906,0.0,4.182512110335286,117.54959991455078,90.73848503112794,0,6,2.8333333333333335,0.11113333333333335,0.0,0.5,0.3333333333333333,0.6666666666666666
2024-09-16,116.77999877929688,248772300,169.0800018310547,233.8000030517578,473.239990234375,-1.947942673843384,4.185670401878829,117.36859985351562,91.08328002929689,1,2,1.5,-0.30935,0.0,0.5,1.0,0.0
2024-09-17,115.58999633789062,231925900,167.35000610351562,233.72000122070312,473.489990234375,-1.0190122057247453,3.999151218185768,117.1163998413086,91.42053001403808,1,6,1.6666666666666667,0.14136666666666667,0.16666666666666666,0.6666666666666666,0.3333333333333333,0.3333333333333333
2024-09-18,113.37000274658205,310318900,167.27999877929688,231.0599975585937,471.4400024414063,-1.9205758816871588,3.975504959184233,116.75619979858398,91.75353002548218,1,4,2.5,0.2784,0.0,0.5,0.0,0.5
2024-09-19,117.87000274658205,293506400,176.22000122070312,241.08999633789065,483.3599853515625,3.969303952526948,3.889020746010853,116.41539978027345,92.10905504226685,1,4,3.0,0.42305,0.25,0.5,0.0,0.75
2024-09-20,116.0,382462400,174.0800018310547,237.8999938964844,482.4400024414063,-1.5864958878490043,3.7682190984028088,116.18739974975584,92.46150505065918,1,4,3.25,0.0912,0.5,0.25,0.25,0.5
2024-09-21,116.0,0,174.0800018310547,237.8999938964844,482.4400024414063,0.0,3.7682190984028088,116.18739974975584,92.46150505065918,0,1,1.0,-0.2584,0.0,1.0,1.0,0.0
2024-09-22,116.0,0,174.0800018310547,237.8999938964844,482.4400024414063,0.0,3.7682190984028088,116.18739974975584,92.46150505065918,0,1,1.0,0.0,0.0,1.0,0.0,0.0
2024-09-23,116.26000213623048,206228500,174.75999450683594,238.9499969482422,483.0400085449219,0.2241397726124638,3.766620686926857,115.9277996826172,92.80997505187987,1,2,3.5,0.312,0.0,0.0,0.0,0.5
2024-09-24,120.87000274658205,354966800,181.97000122070312,243.3999938964844,485.3699951171875,3.965250753177929,3.7629511187228313,115.7763996887207,93.18681007385254,1,2,1.5,-0.025900000000000034,1.0,0.5,0.5,0.5
2024-09-25,123.51000213623048,284692900,182.3500061035156,245.5399932861328,485.8200073242188,2.1841642505655345,3.599408052546728,115.71939971923828,93.57138008117676,1,2,4.5,0.5445,0.0,0.0,0.0,1.0
2024-09-26,124.04000091552734,302582900,186.8300018310547,252.6199951171875,489.4700012207031,0.4291140556473172,3.5898595211889512,115.84039978027344,93.9540500831604,1,3,3.0,0.3531666666666667,17.0,0.3333333333333333,0.3333333333333333,0.6666666666666666
2024-09-27,121.4000015258789,271009200,177.97000122070312,247.7400054931641,486.75,-2.128345187167735,3.539934806703519,115.8465998840332,94.32791509628296,1,2,4.5,0.31845,0.0,0.0,0.0,0.5
2024-09-28,121.4000015258789,0,177.97000122070312,247.7400054931641,486.75,0.0,3.539934806703519,115.8465998840332,94.32791509628296,0,7,2.5714285714285716,0.3375142857142857,3.5714285714285716,0.5714285714285714,0.0,0.7142857142857143
2024-09-29,121.4000015258789,0,177.97000122070312,247.7400054931641,486.75,0.0,3.539934806703519,115.8465998840332,94.32791509628296,0,5,1.8,0.19532000000000002,0.6,0.6,0.2,0.4
2024-09-30,121.44000244140624,226553700,173.6699981689453,245.4499969482422,488.0700073242188,0.032949682886807,3.5303614730081767,115.91679992675782,94.69683010101318,1,4,3.75,0.06554999999999998,0.75,0.25,0.5,0.5
2024-10-01,117.0,302094500,172.07000732421875,238.8800048828125,481.2699890136719,-3.6561284190919854,3.49064693958399,115.78599990844728,95.04139009475708,1,5,3.2,0.051019999999999975,0.4,0.4,0.4,0.6
2024-10-02,118.8499984741211,221845900,175.8000030517578,242.32000732421875,481.9500122070313,1.5811952770265814,3.48927589140506,115.71119995117188,95.39389009475708,1,2,4.5,-0.13775,0.0,0.0,0.5,0.0
2024-10-03,122.8499984741211,277118000,179.47999572753906,244.5500030517578,481.5899963378906,3.3655869174209263,3.5430834056133533,115.88319992065428,95.76369009017944,1,2,2.5,-0.20095,2.0,0.5,0.5,0.0
2024-10-04,124.91999816894533,243678100,181.16000366210932,247.82000732421875,487.3200073242188,1.6849814574969368,3.4896548143918777,116.13599990844726,96.13790508270264,1,3,3.6666666666666665,0.1527666666666667,0.0,0.3333333333333333,0.6666666666666666,0.3333333333333333
2024-10-05,124.91999816894533,0,181.16000366210932,247.82000732421875,487.3200073242188,0.0,3.4896548143918777,116.13599990844726,96.13790508270264,0,5,2.6,-0.05462,0.4,0.6,0.2,0.2
2024-10-06,124.91999816894533,0,181.16000366210932,247.82000732421875,487.3200073242188,0.0,3.4896548143918777,116.13599990844726,96.13790508270264,0,5,1.8,0.15228,20.2,0.8,0.4,0.6
2024-10-07,127.72000122070312,346250200,184.509994506836,248.22000122070312,482.1000061035156,2.241436993915902,3.4125477416962893,116.42919998168944,96.5284850883484,1,2,3.0,0.45809999999999995,0.0,0.5,0.0,1.0
2024-10-08,132.88999938964844,285722500,186.0500030517578,252.5200042724609,489.2999877929688,4.047915846799466,3.461833349639811,116.8552000427246,96.95238008499146,1,4,3.75,0.28600000000000003,0.0,0.25,0.5,0.5
2024-10-09,132.64999389648438,246191600,187.13999938964844,255.1499938964844,493.1499938964844,-0.1806046310981912,3.454651469558326,117.43359985351564,97.37068004608156,1,3,1.0,-0.01996666666666665,0.0,1.0,0.3333333333333333,0.3333333333333333
2024-10-10,134.80999755859375,242311300,185.77999877929688,254.6499938964844,492.5899963378906,1.6283481051608373,3.4372883275032224,117.78939987182618,97.80058002471924,1,5,3.4,0.31608,0.6,0.2,0.4,0.6
2024-10-11,134.8000030517578,170209500,190.8099975585937,256.69000244140625,493.3599853515625,-0.0074137727297252,3.198949089875652,118.30119995117188,98.22818504333496,1,6,3.0,0.22791666666666666,1.5,0.5,0.5,0.3333333333333333
2024-10-12,134.8000030517578,0,190.8099975585937,256.69000244140625,493.3599853515625,0.0,3.198949089875652,118.30119995117188,98.22818504333496,0,2,1.0,0.0,0.5,1.0,0.5,0.5
2024-10-13,134.8000030517578,0,190.8099975585937,256.69000244140625,493.3599853515625,0.0,3.198949089875652,118.30119995117188,98.22818504333496,0,3,4.666666666666667,0.3402,20.0,0.0,0.3333333333333333,0.6666666666666666
2024-10-14,138.07000732421875,232347700,192.2100067138672,261.2799987792969,497.5,2.425819138301799,3.2131562765561146,118.91720016479492,98.67145008087158,1,8,3.125,0.5175375,0.5,0.375,0.0,1.0
2024-10-15,131.60000610351562,377831000,187.1300048828125,247.16000366210932,490.8500061035156,-4.6860294614964,2.7833553786135288,119.5402003479004,99.0818401145935,1,3,2.3333333333333335,0.2298,4.333333333333333,0.6666666666666666,0.0,0.3333333333333333
2024-10-16,135.72000122070312,264879700,187.47999572753903,247.32000732421875,490.9100036621094,3.1306952326026094,2.780911144428992,120.16960037231443,99.51283012390137,1,1,5.0,0.5859,7.0,0.0,0.0,1.0
2024-10-17,136.92999267578125,306435900,205.83999633789065,251.5800018310547,491.25,0.8915351047709352,2.780874112433454,120.9300001525879,99.9566400909424,1,4,3.0,0.04502499999999998,0.0,0.5,0.5,0.5
2024-10-18,138.0,176090200,200.77999877929688,251.509994506836,494.4700012207031,0.7814265547740673,2.6199704929631387,121.59060012817385,100.40879508972168,1,4,2.0,0.254075,73.25,0.5,0.25,0.5
2024-10-19,138.0,0,200.77999877929688,251.509994506836,494.4700012207031,0.0,2.6199704929631387,121.59060012817385,100.40879508972168,0,5,3.2,0.25250000000000006,0.4,0.4,0.2,0.6
2024-10-20,138.0,0,200.77999877929688,251.509994506836,494.4700012207031,0.0,2.6199704929631387,121.59060012817385,100.40879508972168,0,9,1.8888888888888888,0.028377777777777773,3.111111111111111,0.7777777777777778,0.4444444444444444,0.2222222222222222
2024-10-21,143.7100067138672,264554500,201.9499969482422,252.83999633789065,495.4200134277344,4.137686024541432,2.641993907225007,122.36980026245118,100.88735511779784,1,8,2.75,0.25715,34.625,0.5,0.125,0.625
2024-10-22,143.58999633789062,226311600,198.47999572753903,251.69000244140625,495.9599914550781,-0.0835087122468158,2.648044976787621,123.06120025634766,101.35982009887697,1,4,3.0,0.73095,1.75,0.25,0.0,1.0
2024-10-23,139.55999755859375,285930000,200.8600006103516,249.009994506836,488.3599853515625,-2.806601352515969,2.3662600637840177,123.52960021972656,101.79635509490969,1,2,1.0,-0.33775,0.0,1.0,1.0,0.0
2024-10-24,140.41000366210938,172354900,197.92999267578125,250.0599975585937,492.3200073242188,0.6090614204537825,2.353723859263204,123.97620025634764,102.23270511627196,1,4,3.0,0.250925,0.5,0.5,0.25,0.5
2024-10-25,141.5399932861328,205122100,203.44000244140625,252.9600067138672,495.3200073242188,0.8047785731440493,2.3512147177997846,124.34980010986328,102.66865509033204,1,7,1.7142857142857142,-0.01515714285714286,0.0,0.7142857142857143,0.42857142857142855,0.2857142857142857
2024-10-26,141.5399932861328,0,203.44000244140625,252.9600067138672,495.3200073242188,0.0,2.3512147177997846,124.34980010986328,102.66865509033204,0,2,1.0,-0.53355,1.0,1.0,1.0,0.0
2024-10-27,141.5399932861328,0,203.44000244140625,252.9600067138672,495.3200073242188,0.0,2.3512147177997846,124.34980010986328,102.66865509033204,0,6,3.5,0.42028333333333334,0.6666666666666666,0.3333333333333333,0.16666666666666666,0.6666666666666666
2024-10-28,140.52000427246094,173586700,194.67999267578125,251.2100067138672,495.3999938964844,-0.7206366130100728,2.315694168600154,124.6686001586914,103.0971451187134,1,5,3.4,0.43044000000000004,0.0,0.4,0.0,0.6
2024-10-29,141.25,157593600,196.94000244140625,256.9200134277344,500.1600036621094,0.5194959474407845,2.2945188156983987,124.8936001586914,103.529845123291,1,3,2.3333333333333335,-0.008833333333333332,0.0,0.6666666666666666,0.6666666666666666,0.3333333333333333
2024-10-30,139.33999633789062,179418100,194.47999572753903,250.67999267578125,496.3800048828125,-1.3522149820243357,2.274428187798039,125.13540008544922,103.94463510513306,1,3,3.0,0.4121333333333333,0.3333333333333333,0.3333333333333333,0.0,0.6666666666666666
2024-10-31,132.75999450683594,270039600,190.5399932861328,241.67999267578125,483.8500061035156,-4.722263530923742,2.395909733522139,125.22059997558594,104.3281700706482,1,5,2.4,0.28834,13.0,0.6,0.0,0.6
2024-11-01,135.39999389648438,207127800,192.9499969482422,244.75,487.4299926757813,1.9885503908427136,2.3812658902804067,125.45379989624024,104.7196350479126,1,5,3.6,0.20457999999999998,2.4,0.2,0.0,0.6
2024-11-02,135.39999389648438,0,192.9499969482422,244.75,487.4299926757813,0.0,2.3812658902804067,125.45379989624024,104.7196350479126,0,13,2.8461538461538463,0.2013153846153846,3.769230769230769,0.46153846153846156,0.23076923076923078,0.6153846153846154
2024-11-03,135.39999389648438,0,192.9499969482422,244.75,487.4299926757813,0.0,2.3812658902804067,125.45379989624024,104.7196350479126,0,2,1.0,-0.1806,0.0,1.0,0.5,0.0
2024-11-04,136.0500030517578,187528200,191.5599975585937,244.2700042724609,486.010009765625,0.4800658674847469,2.3805375118818337,125.58740005493163,105.10243005752564,1,6,3.1666666666666665,0.39785000000000004,0.8333333333333334,0.3333333333333333,0.16666666666666666,0.8333333333333334
2024-11-05,139.91000366210938,160537400,195.759994506836,248.3099975585937,492.2099914550781,2.837192593728277,2.333217347396676,125.85640014648438,105.50371007919313,1,3,4.0,-0.03546666666666668,0.6666666666666666,0.0,0.3333333333333333,0.3333333333333333
2024-11-06,145.61000061035156,242043900,193.22000122070312,254.8099975585937,505.5799865722656,4.074045314163532,2.404261962676981,126.20260009765624,105.9323950767517,1,4,3.0,0.21094999999999997,0.0,0.5,0.5,0.5
2024-11-07,148.8800048828125,207323300,201.19000244140625,261.0199890136719,513.5399780273438,2.245727806300457,2.4231779721855617,126.66800018310546,106.36998510360718,1,10,2.3,0.29931,3.1,0.6,0.4,0.6
2024-11-08,147.6300048828125,175665800,201.1999969482422,259.3399963378906,514.1400146484375,-0.8396023367838512,2.38352902571666,127.2688003540039,106.80005012512208,1,7,1.0,-0.2498857142857143,1.0,1.0,0.7142857142857143,0.2857142857142857
2024-11-09,147.6300048828125,0,201.1999969482422,259.3399963378906,514.1400146484375,0.0,2.38352902571666,127.2688003540039,106.80005012512208,0,12,3.0,0.11687499999999999,0.4166666666666667,0.5,0.16666666666666666,0.5
2024-11-10,147.6300048828125,0,201.1999969482422,259.3399963378906,514.1400146484375,0.0,2.38352902571666,127.2688003540039,106.80005012512208,0,8,2.5,-0.01092499999999999,0.125,0.5,0.25,0.25
2024-11-11,145.25999450683594,182325600,194.0500030517578,253.52999877929688,513.8400268554688,-1.6053717385282609,2.4174347343203806,127.78660018920898,107.22119510650634,1,6,2.3333333333333335,0.6117,1.8333333333333333,0.6666666666666666,0.16666666666666666,0.8333333333333334
2024-11-12,148.2899932861328,198634700,191.7700042724609,251.8600006103516,512.9099731445312,2.0859141497174383,2.290595147620003,128.59240005493163,107.65032007217408,1,2,3.0,0.5982500000000001,0.5,0.5,0.0,1.0
2024-11-13,146.27000427246094,191903300,186.66000366210932,247.6300048828125,512.25,-1.3621883506152788,2.3196559329620574,129.3936001586914,108.06780010223387,1,3,2.3333333333333335,-0.09246666666666664,0.0,0.6666666666666666,0.3333333333333333,0.3333333333333333
2024-11-14,146.75999450683594,194463300,188.5,248.17999267578125,508.6900024414063,0.3349902372753677,2.265856399019518,130.18460006713866,108.49396507263184,1,7,2.5714285714285716,0.17307142857142857,0.0,0.5714285714285714,0.14285714285714285,0.42857142857142855
2024-11-15,141.97999572753906,250132900,186.009994506836,239.9499969482422,496.5700073242188,-3.2570175512470656,2.363271362527167,130.96759994506837,108.8887300491333,1,2,3.0,-0.07519999999999999,0.0,0.5,0.5,0.5
2024-11-16,141.97999572753906,0,186.009994506836,239.9499969482422,496.5700073242188,0.0,2.363271362527167,130.96759994506837,108.8887300491333,0,4,1.5,-0.2147,0.25,0.75,1.0,0.0
2024-11-17,141.97999572753906,0,186.009994506836,239.9499969482422,496.5700073242188,0.0,2.363271362527167,130.96759994506837,108.8887300491333,0,2,1.0,0.482,1.0,1.0,0.0,0.5
2024-11-18,140.14999389648438,221205300,187.47999572753903,241.5399932861328,500.0199890136719,-1.2889152599824594,2.359126576949802,131.64119979858398,109.25868000030518,1,6,3.6666666666666665,0.32385,0.16666666666666666,0.3333333333333333,0.16666666666666666,0.5
2024-11-19,147.00999450683594,227834900,189.6699981689453,244.17999267578125,503.4599914550781,4.894756267644507,2.409586882920189,132.41939971923827,109.64706996917724,1,6,2.0,0.12913333333333332,4.0,0.6666666666666666,0.3333333333333333,0.5
2024-11-20,145.88999938964844,309871700,188.3600006103516,242.5399932861328,503.1700134277344,-0.7618496422264864,2.4164543902561766,132.99899963378903,110.03540496826172,1,6,2.1666666666666665,0.2912666666666667,2.8333333333333335,0.6666666666666666,0.16666666666666666,0.5
2024-11-21,146.6699981689453,400946600,191.2400054931641,246.1000061035156,504.9800109863281,0.5346485588869188,2.4046603085767977,133.549599609375,110.41825996398926,1,6,3.0,0.38726666666666665,0.0,0.3333333333333333,0.0,0.6666666666666666
2024-11-22,141.9499969482422,236406200,190.0800018310547,244.6199951171875,505.7900085449219,-3.2181095518023284,2.4892101269148537,134.00659957885742,110.7798049545288,1,5,1.6,-0.21960000000000002,0.0,0.8,0.4,0.0
2024-11-23,141.9499969482422,0,190.0800018310547,244.6199951171875,505.7900085449219,0.0,2.4892101269148537,134.00659957885742,110.7798049545288,0,4,2.25,0.275225,0.0,0.5,0.0,0.5
2024-11-24,141.9499969482422,0,190.0800018310547,244.6199951171875,505.7900085449219,0.0,2.4892101269148537,134.00659957885742,110.7798049545288,0,7,2.142857142857143,-0.08164285714285716,4.0,0.42857142857142855,0.42857142857142855,0.42857142857142855
2024-11-25,136.02000427246094,344941900,185.0800018310547,243.66000366210932,506.5899963378906,-4.177522228438968,2.576254534520391,134.3913996887207,111.0992399597168,1,5,2.4,0.32326,5.6,0.6,0.0,0.6
2024-11-26,136.9199981689453,190287700,183.83999633789065,241.4199981689453,509.30999755859375,0.6616628938502345,2.422527904877805,134.8179997253418,111.42259994506836,1,5,2.4,-0.0226,0.4,0.6,0.4,0.4
2024-11-27,135.33999633789062,226370900,181.19000244140625,238.25,505.2999877929688,-1.153959868670995,2.367049768162649,135.25739959716796,111.73865993499756,1,9,2.7777777777777777,0.19407777777777777,0.1111111111111111,0.3333333333333333,0.2222222222222222,0.5555555555555556
2024-11-28,135.33999633789062,0,181.19000244140625,238.25,505.2999877929688,0.0,2.367049768162649,135.25739959716796,111.73865993499756,0,4,4.0,0.396925,24.75,0.0,0.25,0.75
2024-11-29,138.25,141863200,184.66000366210932,242.1300048828125,509.739990234375,2.1501431512117364,2.3940707742781155,135.66499954223633,112.06040992736816,1,4,4.0,0.500025,0.0,0.25,0.25,0.75
2024-11-30,138.25,0,184.66000366210932,242.1300048828125,509.739990234375,0.0,2.3940707742781155,135.66499954223633,112.06040992736816,0,5,2.4,-0.035640000000000005,59.2,0.6,0.4,0.4
2024-12-01,138.25,0,184.66000366210932,242.1300048828125,509.739990234375,0.0,2.3940707742781155,135.66499954223633,112.06040992736816,0,6,2.8333333333333335,0.010616666666666663,0.3333333333333333,0.3333333333333333,0.3333333333333333,0.3333333333333333
2024-12-02,138.6300048828125,171682800,194.3999938964844,247.8699951171875,515.2899780273438,0.274867908001819,2.3905886240505723,136.11759963989255,112.39026996612547,1,6,2.5,-0.0635,0.0,0.3333333333333333,0.3333333333333333,0.3333333333333333
2024-12-03,140.25999450683594,164414000,198.88999938964844,248.4199981689453,516.8699951171875,1.1757841496155883,2.273957536121776,136.59759948730468,112.72850494384764,1,5,3.0,-0.016279999999999996,3.8,0.4,0.4,0.2
2024-12-04,145.13999938964844,231224300,200.69000244140625,252.6300048828125,523.260009765625,3.479256433718647,2.363729650887461,137.082999420166,113.10694492340087,1,8,3.25,0.412975,0.375,0.375,0.0,0.75
2024-12-05,145.05999755859375,172621200,204.3000030517578,248.3000030517578,521.8099975585938,-0.0551204570698016,2.3011037673763464,137.5139993286133,113.4948849105835,1,2,3.0,0.43184999999999996,0.0,0.5,0.5,0.5
2024-12-06,142.44000244140625,188505600,203.0200042724609,248.6100006103516,526.47998046875,-1.8061458439837752,2.326759855889524,137.88199935913087,113.81439491271972,1,3,3.6666666666666665,0.012266666666666667,0.3333333333333333,0.3333333333333333,0.3333333333333333,0.3333333333333333
2024-12-07,142.44000244140625,0,203.0200042724609,248.6100006103516,526.47998046875,0.0,2.326759855889524,137.88199935913087,113.81439491271972,0,6,2.8333333333333335,0.06453333333333333,6.0,0.5,0.3333333333333333,0.5
2024-12-08,142.44000244140625,0,203.0200042724609,248.6100006103516,526.47998046875,0.0,2.326759855889524,137.88199935913087,113.81439491271972,0,6,1.8333333333333333,-0.2281,0.16666666666666666,0.5,0.5,0.3333333333333333
2024-12-09,138.80999755859375,189308600,199.1699981689453,246.07000732421875,522.3800048828125,-2.548444833329544,2.370574806674863,138.23019927978515,114.11435989379883,1,5,1.6,-0.39089999999999997,1.2,0.6,0.8,0.0
2024-12-10,135.07000732421875,210020900,191.94000244140625,239.8800048828125,520.5999755859375,-2.6943233917976928,2.4171110856829405,138.50279937744142,114.39424991607666,1,5,3.0,0.06614,0.4,0.4,0.4,0.4
2024-12-11,139.30999755859375,184905200,194.6000061035156,245.75,529.9199829101562,3.139105652224794,2.4867104836497624,138.94899932861327,114.697294921875,1,4,2.25,-0.124725,0.0,0.5,0.5,0.25
2024-12-12,137.33999633789062,159211400,191.4600067138672,243.3699951171875,526.5,-1.4141133122011151,2.4878826224012487,139.31879928588867,114.99567989349366,1,1,1.0,-0.5086,0.0,1.0,1.0,0.0
2024-12-13,134.25,231514900,200.9900054931641,249.4900054931641,530.530029296875,-2.249888175538073,2.36458110837248,139.54679931640624,115.27136989593504,1,4,2.25,-0.17454999999999998,1.0,0.5,0.75,0.25
2024-12-14,134.25,0,200.9900054931641,249.4900054931641,530.530029296875,0.0,2.36458110837248,139.54679931640624,115.27136989593504,0,5,3.4,0.41692,6.8,0.4,0.0,0.6
2024-12-15,134.25,0,200.9900054931641,249.4900054931641,530.530029296875,0.0,2.36458110837248,139.54679931640624,115.27136989593504,0,9,3.0,0.054377777777777775,3.5555555555555554,0.3333333333333333,0.4444444444444444,0.4444444444444444
2024-12-16,132.0,237951100,202.22000122070312,253.25,538.1699829101562,-1.6759776536312887,2.356378609226212,139.68839935302734,115.519974899292,1,4,3.0,0.12095,0.0,0.5,0.25,0.25
2024-12-17,130.38999938964844,259410300,200.66000366210932,249.9600067138672,535.7999877929688,-1.219697432084521,2.363419204740864,139.74179931640626,115.74573989868163,1,2,4.5,0.6919,0.0,0.0,0.0,1.0
2024-12-18,128.91000366210938,277444500,195.5599975585937,241.9900054931641,516.469970703125,-1.1350530979882478,2.3028354105177544,139.66219940185547,115.96046993255617,1,7,2.2857142857142856,0.24901428571428572,12.428571428571429,0.42857142857142855,0.2857142857142857,0.7142857142857143
2024-12-19,130.67999267578125,209719200,194.63999938964844,238.8699951171875,514.1699829101562,1.3730424043049805,2.17745477248686,139.6227993774414,116.17036991119384,1,2,2.5,-0.32305000000000006,1.0,0.5,0.5,0.5
2024-12-20,134.6999969482422,306528600,197.2100067138672,242.7100067138672,518.6599731445312,3.076220154400078,2.216355784362237,139.62059936523437,116.38052490234377,1,6,2.6666666666666665,0.23071666666666668,1.5,0.3333333333333333,0.3333333333333333,0.5
2024-12-21,134.6999969482422,0,197.2100067138672,242.7100067138672,518.6599731445312,0.0,2.216355784362237,139.62059936523437,116.38052490234377,0,10,2.0,0.19517,0.9,0.6,0.2,0.5
2024-12-22,134.6999969482422,0,197.2100067138672,242.7100067138672,518.6599731445312,0.0,2.216355784362237,139.62059936523437,116.38052490234377,0,8,2.5,0.1271875,0.75,0.5,0.375,0.25
2024-12-23,139.6699981689453,176053500,207.3600006103516,249.22000122070312,522.8699951171875,3.689681761917796,2.3303304259767854,139.71799926757814,116.64123489379882,1,5,3.0,0.23084,0.8,0.2,0.2,0.6
2024-12-24,140.22000122070312,105157000,206.3300018310547,251.3699951171875,529.9600219726562,0.3937875413247527,2.3160678334990816,139.7609991455078,116.91346488952637,1,4,4.0,0.46240000000000003,0.0,0.25,0.0,0.75
2024-12-25,140.22000122070312,0,206.3300018310547,251.3699951171875,529.9600219726562,0.0,2.3160678334990816,139.7609991455078,116.91346488952637,0,3,2.0,0.1518,0.6666666666666666,0.6666666666666666,0.3333333333333333,0.3333333333333333
2024-12-26,139.92999267578125,116205600,203.0599975585937,250.92999267578125,529.5999755859375,-0.2068239497911683,2.2792651184789188,139.9275988769531,117.15354984283448,1,7,2.142857142857143,0.02048571428571429,0.14285714285714285,0.7142857142857143,0.42857142857142855,0.42857142857142855
2024-12-27,137.00999450683594,170582600,201.6300048828125,248.3999938964844,522.5599975585938,-2.086756465221129,2.296129633783575,139.95339874267577,117.38415981292724,1,7,2.857142857142857,0.054599999999999996,7.428571428571429,0.42857142857142855,0.2857142857142857,0.5714285714285714
2024-12-28,137.00999450683594,0,201.6300048828125,248.3999938964844,522.5599975585938,0.0,2.296129633783575,139.95339874267577,117.38415981292724,0,4,1.75,0.6532,1.0,0.75,0.0,1.0
2024-12-29,137.00999450683594,0,201.6300048828125,248.3999938964844,522.5599975585938,0.0,2.296129633783575,139.95339874267577,117.38415981292724,0,9,3.3333333333333335,0.2812111111111111,0.3333333333333333,0.3333333333333333,0.2222222222222222,0.6666666666666666
2024-12-30,137.49000549316406,167734700,200.38999938964844,244.66000366210932,515.6099853515625,0.3503474239641591,2.2962529730245804,139.96459899902345,117.63188983917236,1,4,3.5,0.41974999999999996,0.75,0.25,0.25,0.75
2024-12-31,134.2899932861328,155659200,197.4900054931641,242.1699981689453,511.2300109863281,-2.32745078127905,2.259442606489974,139.8903988647461,117.86415481567384,1,3,2.3333333333333335,0.051666666666666694,0.0,0.6666666666666666,0.6666666666666666,0.3333333333333333
2025-01-01,134.2899932861328,0,197.4900054931641,242.1699981689453,511.2300109863281,0.0,2.259442606489974,139.8903988647461,117.86415481567384,0,9,2.111111111111111,0.01386666666666667,1.6666666666666667,0.6666666666666666,0.2222222222222222,0.2222222222222222
2025-01-02,138.30999755859375,198247200,201.5800018310547,244.7899932861328,510.2300109863281,2.9935248145373627,2.3201811023921133,139.7823986816406,118.11342979431151,1,6,3.3333333333333335,0.38958333333333334,6.5,0.3333333333333333,0.16666666666666666,0.6666666666666666
2025-01-03,144.47000122070312,229322500,208.6100006103516,251.8800048828125,518.5800170898438,4.453766011744564,2.289171474982516,139.79999877929689,118.38878978729248,1,9,3.0,0.16545555555555555,0.0,0.4444444444444444,0.1111111111111111,0.6666666666666666
2025-01-04,144.47000122070312,0,208.6100006103516,251.8800048828125,518.5800170898438,0.0,2.289171474982516,139.79999877929689,118.38878978729248,0,6,1.6666666666666667,-0.06631666666666668,0.5,0.8333333333333334,0.16666666666666666,0.3333333333333333
2025-01-05,144.47000122070312,0,208.6100006103516,251.8800048828125,518.5800170898438,0.0,2.289171474982516,139.79999877929689,118.38878978729248,0,9,2.111111111111111,0.13455555555555557,0.1111111111111111,0.5555555555555556,0.3333333333333333,0.4444444444444444
2025-01-06,149.42999267578125,265377400,220.009994506836,260.2300109863281,524.5399780273438,3.433232791007512,2.36981384535386,139.99739868164062,118.68407974243163,1,4,2.75,0.25145,0.0,0.5,0.25,0.75
2025-01-07,140.13999938964844,351782200,211.4199981689453,254.0399932861328,515.1799926757812,-6.216953584605567,2.633696791042956,139.9919985961914,118.92760475158693,1,2,2.5,0.42595,0.0,0.5,0.0,0.5
2025-01-08,140.11000061035156,227349900,207.1199951171875,252.22999572753903,515.27001953125,-0.0214062932977987,2.567790101801648,139.9633987426758,119.15670974731444,1,9,2.6666666666666665,0.06902222222222222,0.1111111111111111,0.4444444444444444,0.3333333333333333,0.3333333333333333
2025-01-09,140.11000061035156,0,207.1199951171875,252.22999572753903,515.27001953125,0.0,2.567790101801648,139.9633987426758,119.15670974731444,0,3,3.6666666666666665,-0.09960000000000001,0.6666666666666666,0.3333333333333333,0.3333333333333333,0.3333333333333333
2025-01-10,135.91000366210938,207602500,208.3699951171875,247.17999267578125,507.1900024414063,-2.997642516555588,2.5101707120497294,139.87119873046876,119.36124977111815,1,4,1.5,-0.09319999999999998,1.25,0.5,0.5,0.5
2025-01-11,135.91000366210938,0,208.3699951171875,247.17999267578125,507.1900024414063,0.0,2.5101707120497294,139.87119873046876,119.36124977111815,0,6,2.6666666666666665,-0.18076666666666666,2.8333333333333335,0.5,0.5,0.3333333333333333
2025-01-12,135.91000366210938,0,208.3699951171875,247.17999267578125,507.1900024414063,0.0,2.5101707120497294,139.87119873046876,119.36124977111815,0,10,2.5,0.15889999999999999,1.1,0.4,0.4,0.5
2025-01-13,133.22999572753906,204808900,201.3600006103516,244.63999938964844,505.55999755859375,-1.9718989495675188,2.533184552888826,139.71079864501954,119.56459476470948,1,3,4.0,0.6951,0.0,0.0,0.0,1.0
2025-01-14,131.75999450683594,195590500,201.4499969482422,245.44000244140625,505.0799865722656,-1.1033560518228458,2.532447704917962,139.55919860839845,119.77214473724364,1,3,3.0,0.44460000000000005,0.0,0.3333333333333333,0.0,0.6666666666666666
2025-01-15,136.24000549316406,185217300,206.8000030517578,251.2100067138672,516.7000122070312,3.4001299127981444,2.5798745297985044,139.628798828125,120.0015647506714,1,3,3.6666666666666665,0.36423333333333335,8.0,0.3333333333333333,0.3333333333333333,0.6666666666666666
2025-01-16,133.57000732421875,209235600,214.7899932861328,252.2899932861328,513.0800170898438,-1.959775441347356,2.603322164183397,139.59219909667968,120.21759979248048,1,0,,,,,,
2025-01-17,137.7100067138672,201188800,211.5,258.25,521.739990234375,3.0994977634457133,2.6587063145578127,139.62539916992188,120.4588898086548,1,2,3.0,0.0,0.0,0.5,0.5,0.5
2025-01-18,137.7100067138672,0,211.5,258.25,521.739990234375,0.0,2.6587063145578127,139.62539916992188,120.4588898086548,0,10,1.7,0.03075000000000001,1.0,0.7,0.3,0.4
2025-01-19,137.7100067138672,0,211.5,258.25,521.739990234375,0.0,2.6587063145578127,139.62539916992188,120.4588898086548,0,7,2.7142857142857144,0.09184285714285713,1.0,0.42857142857142855,0.2857142857142857,0.42857142857142855
2025-01-20,137.7100067138672,0,211.5,258.25,521.739990234375,0.0,2.6587063145578127,139.62539916992188,120.4588898086548,0,3,2.3333333333333335,0.42629999999999996,75.33333333333333,0.6666666666666666,0.3333333333333333,0.6666666666666666
2025-01-21,140.8300018310547,197749000,218.6999969482422,262.3900146484375,524.7999877929688,2.265627016975036,2.612345547382486,139.64379913330075,120.71821983337402,1,2,5.0,0.0,0.0,0.0,0.0,0.0
2025-01-22,147.07000732421875,237651400,223.1999969482422,267.1700134277344,531.510009765625,4.4308779464831805,2.7384235008928672,139.67299926757812,121.02404487609864,1,2,1.0,-0.45405,0.0,1.0,0.5,0.0
2025-01-23,147.22000122070312,155915500,224.6199951171875,266.8500061035156,532.6400146484375,0.1019880934347794,2.7151139888192377,139.63979919433595,121.32010486602783,1,2,1.0,-0.33625,0.0,1.0,0.5,0.0
2025-01-24,142.6199951171875,234657600,221.8800048828125,261.5299987792969,529.6300048828125,-3.1245795852287594,2.73677845646069,139.53959899902344,121.59753982543944,1,3,3.0,-0.1443,3.0,0.3333333333333333,0.6666666666666666,0.3333333333333333
2025-01-25,142.6199951171875,0,221.8800048828125,261.5299987792969,529.6300048828125,0.0,2.73677845646069,139.53959899902344,121.59753982543944,0,8,2.875,-0.0016499999999999848,1.375,0.5,0.375,0.375
2025-01-26,142.6199951171875,0,221.8800048828125,261.5299987792969,529.6300048828125,0.0,2.73677845646069,139.53959899902344,121.59753982543944,0,5,3.0,0.29932,1.0,0.4,0.0,0.6
2025-01-27,118.41999816894533,818830900,192.3099975585937,235.8099975585937,514.2100219726562,-16.96816559862986,4.130158165695347,139.00279907226562,121.7628698348999,1,2,1.0,0.11354999999999998,0.5,1.0,0.5,0.5
2025-01-28,128.99000549316406,579666400,202.3999938964844,240.4499969482422,521.8099975585938,8.925863441695814,4.4234147354151885,138.61679931640626,121.9726248550415,1,3,4.666666666666667,0.6357666666666667,26.0,0.0,0.0,1.0
2025-01-29,123.6999969482422,467120600,202.3300018310547,239.52999877929688,520.8300170898438,-4.101099557827547,4.476642434142443,138.16539916992187,122.13804485321045,1,2,1.0,-0.1292,4.5,1.0,0.5,0.0
2025-01-30,124.6500015258789,392925500,208.1499938964844,245.1699981689453,523.0499877929688,0.7679907850233869,4.463948717424153,137.72319931030273,122.32036487579346,1,4,1.25,-0.017274999999999992,0.5,0.75,0.25,0.5
2025-01-31,120.06999969482422,388161100,209.32000732421875,243.6199951171875,522.2899780273438,-3.674289430396693,4.502320153126599,137.28499938964845,122.49070987701415,1,4,3.0,0.3988,0.25,0.25,0.0,0.5
2025-02-01,120.06999969482422,0,209.32000732421875,243.6199951171875,522.2899780273438,0.0,4.502320153126599,137.28499938964845,122.49070987701415,0,3,5.0,0.3825,0.0,0.0,0.0,0.6666666666666666
2025-02-02,120.06999969482422,0,209.32000732421875,243.6199951171875,522.2899780273438,0.0,4.502320153126599,137.28499938964845,122.49070987701415,0,5,2.6,0.16858,4.6,0.6,0.2,0.4
2025-02-03,116.66000366210938,371235700,199.8000030517578,238.77999877929688,518.1099853515625,-2.8400066972448235,4.524489819657277,136.81519958496094,122.63693489074709,1,2,1.0,-0.31245,0.0,1.0,0.5,0.0
2025-02-04,118.6500015258789,256550000,204.0500030517578,241.47000122070312,524.469970703125,1.705809875965114,4.535389346820133,136.2479997253418,122.81000988006592,1,3,3.3333333333333335,0.07206666666666665,1.3333333333333333,0.3333333333333333,0.3333333333333333,0.3333333333333333
2025-02-05,124.83000183105467,262230800,208.57000732421875,247.13999938964844,526.8499755859375,5.208596903243912,4.633427297650145,135.82679977416993,123.01080490112304,1,3,2.3333333333333335,0.21210000000000004,0.3333333333333333,0.6666666666666666,0.0,0.6666666666666666
2025-02-06,128.67999267578125,251483600,210.5,248.3500061035156,529.5999755859375,3.084187125092863,4.633612491900783,135.46699966430663,123.27320487976074,1,3,2.3333333333333335,-0.4442333333333333,0.0,0.3333333333333333,1.0,0.0
2025-02-07,129.83999633789062,228186300,206.1199951171875,245.0,522.9199829101562,0.9014638857122836,4.583853043180391,135.22479965209962,123.5248148727417,1,2,2.0,0.1568,0.0,0.5,0.5,0.5
2025-02-08,129.83999633789062,0,206.1199951171875,245.0,522.9199829101562,0.0,4.583853043180391,135.22479965209962,123.5248148727417,0,6,1.8333333333333333,0.015849999999999996,16.5,0.6666666666666666,0.5,0.16666666666666666
2025-02-09,129.83999633789062,0,206.1199951171875,245.0,522.9199829101562,0.0,4.583853043180391,135.22479965209962,123.5248148727417,0,10,2.0,-0.09052999999999999,4.5,0.5,0.5,0.2
2025-02-10,133.57000732421875,216989100,207.9499969482422,249.6199951171875,529.25,2.87277502428549,4.615966816721,135.17579971313478,123.7805499267578,1,6,2.3333333333333335,-0.0514,0.0,0.6666666666666666,0.16666666666666666,0.3333333333333333
2025-02-11,132.8000030517578,178902400,208.7400054931641,249.8699951171875,527.989990234375,-0.5764799208192617,4.616883545582929,135.09339981079103,124.04616493225096,1,4,3.0,0.6077,0.5,0.5,0.0,1.0
2025-02-12,131.13999938964844,160278600,206.3800048828125,248.509994506836,528.2999877929688,-1.2500027288872897,4.606769902844654,135.00939987182616,124.28870491027833,1,3,3.6666666666666665,0.09436666666666667,46.333333333333336,0.3333333333333333,0.3333333333333333,0.6666666666666666
2025-02-13,135.2899932861328,197430000,201.8300018310547,251.9199981689453,535.9000244140625,3.1645523225554806,4.643455137219122,134.9501997375488,124.52647987365722,1,4,1.5,-0.10085,0.25,0.75,0.5,0.25
2025-02-14,138.85000610351562,195479600,203.8999938964844,252.5800018310547,538.1500244140625,2.6313940380302325,4.643949730141556,134.9545997619629,124.7819448852539,1,2,1.0,0.25935,24.0,1.0,0.0,0.5
2025-02-15,138.85000610351562,0,203.8999938964844,252.5800018310547,538.1500244140625,0.0,4.643949730141556,134.9545997619629,124.7819448852539,0,4,3.0,0.057024999999999965,2.0,0.5,0.5,0.5
2025-02-16,138.85000610351562,0,203.8999938964844,252.5800018310547,538.1500244140625,0.0,4.643949730141556,134.9545997619629,124.7819448852539,0,4,2.0,0.436175,0.0,0.75,0.0,0.5
2025-02-17,138.85000610351562,0,203.8999938964844,252.5800018310547,538.1500244140625,0.0,4.643949730141556,134.9545997619629,124.7819448852539,0,5,2.2,0.26626,0.2,0.6,0.2,0.6
2025-02-18,139.39999389648438,219176600,202.7400054931641,256.2200012207031,539.3699951171875,0.3961021021192668,4.614600730925263,134.93739974975583,125.0469348526001,1,4,3.25,0.349125,2.75,0.25,0.25,0.75
2025-02-19,139.22999572753906,167536000,200.9499969482422,257.3399963378906,539.52001953125,-0.1219499113260691,4.541966894396834,134.81919967651368,125.32787982940674,1,3,1.0,0.05343333333333333,2.6666666666666665,1.0,0.3333333333333333,0.6666666666666666
2025-02-20,140.11000061035156,143903600,200.1000061035156,257.79998779296875,537.22998046875,0.6320512172783399,4.497144317404446,134.72019973754882,125.59934482574462,1,5,2.2,0.0017999999999999794,0.6,0.6,0.6,0.4
2025-02-21,134.42999267578125,228217600,198.2400054931641,249.9900054931641,526.0800170898438,-4.053963250179782,4.412421716829476,134.55999954223634,125.82754978179932,1,2,3.0,0.31245,0.0,0.5,0.0,0.5
2025-02-22,134.42999267578125,0,198.2400054931641,249.9900054931641,526.0800170898438,0.0,4.412421716829476,134.55999954223634,125.82754978179932,0,2,1.0,0.34275,2.0,1.0,0.0,0.5
2025-02-23,134.42999267578125,0,198.2400054931641,249.9900054931641,526.0800170898438,0.0,4.412421716829476,134.55999954223634,125.82754978179932,0,10,3.1,0.047819999999999994,1.7,0.2,0.4,0.5
2025-02-24,130.27999877929688,251381100,191.6499938964844,243.4199981689453,519.8699951171875,-3.087104160225129,4.447357511024837,134.38939956665038,126.01824977874756,1,3,2.3333333333333335,0.10606666666666666,0.0,0.6666666666666666,0.0,0.3333333333333333
2025-02-25,126.62999725341795,271428700,189.3699951171875,238.25,513.3200073242188,-2.8016591649361766,4.443159195787517,134.22059936523436,126.1986297607422,1,3,1.6666666666666667,0.6335000000000001,2.0,0.3333333333333333,0.0,1.0
2025-02-26,131.27999877929688,322553800,194.6199951171875,243.82000732421875,514.5599975585938,3.672116897051736,4.482012456612693,134.05999938964842,126.4029697418213,1,2,3.0,0.0741,0.5,0.5,0.5,0.5
2025-02-27,120.1500015258789,443175800,181.08999633789065,228.7899932861328,500.2699890136719,-8.47806014389847,4.742317967121758,133.7161994934082,126.55998474121094,1,2,1.5,0.04620000000000002,3.0,0.5,0.5,0.5
2025-02-28,124.91999816894533,389091100,180.52999877929688,232.7700042724609,508.1700134277344,3.970034608812712,4.758320233377858,133.5295994567871,126.7351947402954,1,3,2.3333333333333335,-0.14009999999999997,0.0,0.6666666666666666,0.6666666666666666,0.3333333333333333
2025-03-01,124.91999816894533,0,180.52999877929688,232.7700042724609,508.1700134277344,0.0,4.758320233377858,133.5295994567871,126.7351947402954,0,2,5.0,0.47355,0.0,0.0,0.0,1.0
2025-03-02,124.91999816894533,0,180.52999877929688,232.7700042724609,508.1700134277344,0.0,4.758320233377858,133.5295994567871,126.7351947402954,0,1,5.0,-0.7398,0.0,0.0,1.0,0.0
2025-03-03,114.05999755859376,411381400,172.97000122070312,223.009994506836,497.0499877929688,-8.693564496906403,4.998259853952424,133.17079940795898,126.8534997177124,1,2,2.0,0.158,0.0,0.0,0.5,0.5
2025-03-04,115.98999786376952,398163300,180.0,225.22999572753903,495.5499877929688,1.6920921852416448,4.970830133485404,132.88279937744142,126.97666969299316,1,1,4.0,-0.25,1.0,0.0,1.0,0.0
2025-03-05,117.3000030517578,284337900,184.27999877929688,229.3999938964844,502.010009765625,1.129412201151081,4.953765037194282,132.65059936523437,127.09001972198486,1,3,2.0,-0.15973333333333334,0.3333333333333333,0.6666666666666666,0.3333333333333333,0.3333333333333333
2025-03-06,110.56999969482422,321181900,175.85000610351562,219.77999877929688,488.2000122070313,-5.737428117511668,4.953836958274542,132.24839950561525,127.17107471466063,1,1,1.0,0.0,0.0,1.0,0.0,0.0
2025-03-07,112.69000244140624,341755500,177.10000610351562,225.08999633789065,491.7900085449219,1.9173399226130927,4.976544706245897,131.80819961547851,127.2721297454834,1,2,1.0,0.40005,0.0,1.0,0.0,0.5
2025-03-08,112.69000244140624,0,177.10000610351562,225.08999633789065,491.7900085449219,0.0,4.976544706245897,131.80819961547851,127.2721297454834,0,4,1.0,0.00134999999999999,0.25,1.0,0.5,0.25
2025-03-09,112.69000244140624,0,177.10000610351562,225.08999633789065,491.7900085449219,0.0,4.976544706245897,131.80819961547851,127.2721297454834,0,4,3.0,0.46075,0.5,0.5,0.0,1.0
2025-03-10,106.9800033569336,366487400,170.64999389648438,214.52999877929688,472.7300109863281,-5.066997036797116,5.020792643206644,131.15439971923828,127.33312976837158,1,7,3.142857142857143,0.3274571428571429,0.14285714285714285,0.2857142857142857,0.2857142857142857,0.5714285714285714
2025-03-11,108.76000213623048,354865700,170.97000122070312,214.22000122070312,471.6000061035156,1.663861210919948,4.0047355501797925,130.52519973754883,127.39999977111816,1,1,1.0,0.0535,1.0,1.0,0.0,1.0
2025-03-12,115.73999786376952,323857500,177.1699981689453,220.5200042724609,476.9200134277344,6.417796607613213,3.8299135394738113,130.0413998413086,127.5039497756958,1,1,5.0,0.4215,0.0,0.0,0.0,1.0
2025-03-13,115.58000183105467,299033100,171.58999633789062,219.5500030517578,468.3399963378906,-0.1382374595368163,3.761612313753259,129.61279998779298,127.5628547668457,1,3,5.0,0.5329333333333334,0.0,0.0,0.0,1.0
2025-03-14,121.66999816894533,277593500,174.08999633789062,226.57000732421875,479.6600036621094,5.269074443165756,3.887415983957845,129.29639984130858,127.63885974884032,1,6,2.3333333333333335,0.11134999999999999,0.0,0.6666666666666666,0.16666666666666666,0.3333333333333333
2025-03-15,121.66999816894533,0,174.08999633789062,226.57000732421875,479.6600036621094,0.0,3.887415983957845,129.29639984130858,127.63885974884032,0,2,3.0,0.0,13.0,0.5,0.5,0.5
2025-03-16,121.66999816894533,0,174.08999633789062,226.57000732421875,479.6600036621094,0.0,3.887415983957845,129.29639984130858,127.63885974884032,0,3,2.6666666666666665,0.1874,0.6666666666666666,0.3333333333333333,0.3333333333333333,0.3333333333333333
2025-03-17,119.52999877929688,255501500,176.24000549316406,228.9600067138672,482.7699890136719,-1.758855446580132,3.840543072589888,129.00119995117188,127.667004737854,1,3,4.333333333333333,0.6205666666666666,0.0,0.0,0.0,1.0
2025-03-18,115.43000030517578,299686900,173.1300048828125,225.4199981689453,474.5400085449219,-3.4300999882811323,3.857368845085819,128.5436000061035,127.67002975463868,1,5,2.4,-0.13946,1.4,0.6,0.4,0.2
2025-03-19,117.5199966430664,273426200,173.75999450683594,227.41000366210932,480.8900146484375,1.8106179783115903,3.858978766444346,128.0045999145508,127.705129737854,1,4,4.25,0.469275,1.75,0.0,0.25,0.75
2025-03-20,118.52999877929688,248829700,177.47000122070312,227.0500030517578,479.260009765625,0.8594300247455555,3.737958537857007,127.38660003662108,127.74961471557616,1,4,5.0,0.162075,0.0,0.0,0.25,0.5
2025-03-21,117.6999969482422,266498500,176.72999572753906,224.7700042724609,480.8399963378906,-0.70024621581255,3.690218941069179,126.93779998779296,127.7631147003174,1,4,2.5,-0.262075,2.25,0.5,0.5,0.0
2025-03-22,117.6999969482422,0,176.72999572753906,224.7700042724609,480.8399963378906,0.0,3.690218941069179,126.93779998779296,127.7631147003174,0,2,2.0,0.148,0.5,0.5,0.0,0.5
2025-03-23,117.6999969482422,0,176.72999572753906,224.7700042724609,480.8399963378906,0.0,3.690218941069179,126.93779998779296,127.7631147003174,0,6,3.0,0.07766666666666668,2.1666666666666665,0.5,0.3333333333333333,0.5
2025-03-24,121.41000366210938,228452500,181.16000366210932,230.6300048828125,490.6600036621094,3.152087349244903,3.7365962739347474,126.56380004882811,127.78797973632813,1,2,1.5,-0.6295,2.5,0.5,1.0,0.0
2025-03-25,120.69000244140624,167447200,180.8999938964844,229.6499938964844,493.4599914550781,-0.5930328630142645,3.693087036444647,126.25940002441406,127.77922973632812,1,2,2.0,0.7435499999999999,2.0,0.0,0.0,1.0
2025-03-26,113.76000213623048,293463300,173.5,222.009994506836,484.3800048828125,-5.741983731038724,3.825881819050596,125.87000015258788,127.74303974151611,1,7,3.5714285714285716,0.33367142857142856,2.0,0.2857142857142857,0.0,0.42857142857142855
2025-03-27,111.43000030517578,236902100,168.24000549316406,217.75,481.6199951171875,-2.0481731604263254,3.834456563968987,125.4634002685547,127.6957497406006,1,4,2.5,0.030425000000000008,14.0,0.5,0.5,0.25
2025-03-28,109.66999816894533,229872500,165.25,212.1699981689453,468.9400024414063,-1.5794688426907566,3.7768251200573615,124.9320001220703,127.63514972686768,1,2,3.5,0.13055000000000003,0.5,0.0,0.5,0.5
2025-03-29,109.66999816894533,0,165.25,212.1699981689453,468.9400024414063,0.0,3.7768251200573615,124.9320001220703,127.63514972686768,0,10,3.1,0.41376999999999997,0.3,0.4,0.0,0.9
2025-03-30,109.66999816894533,0,165.25,212.1699981689453,468.9400024414063,0.0,3.7768251200573615,124.9320001220703,127.63514972686768,0,1,1.0,-0.5849,1.0,1.0,1.0,0.0
2025-03-31,108.37999725341795,299212700,166.0,211.47000122070312,468.9200134277344,-1.1762568952906505,3.727193766202567,124.4281999206543,127.57249969482422,1,3,3.0,0.21636666666666668,0.0,0.3333333333333333,0.0,0.6666666666666666
2025-04-01,110.1500015258789,222614000,168.63999938964844,212.4900054931641,472.7000122070313,1.6331466297440975,3.7471477441233736,123.87699981689452,127.4972497177124,1,3,3.6666666666666665,0.2775666666666667,1.0,0.3333333333333333,0.3333333333333333,0.6666666666666666
2025-04-02,110.41999816894533,220601200,170.38999938964844,214.08999633789065,476.1499938964844,0.2451172395153911,3.749742423203681,123.26879974365234,127.40129970550537,1,4,2.0,0.06069999999999999,4.75,0.5,0.5,0.5
2025-04-03,101.8000030517578,338769400,157.3800048828125,195.57000732421875,450.6600036621094,-7.806552490608354,3.9570964267036697,122.36339965820312,127.2508996963501,1,4,3.5,0.2665,0.75,0.25,0.25,0.75
2025-04-04,94.30999755859376,532273800,146.8000030517578,180.8000030517578,422.6700134277344,-7.357569026158028,4.089292064268134,121.30519958496092,127.06754970550536,1,6,3.5,0.4965833333333334,1.6666666666666667,0.16666666666666666,0.16666666666666666,0.8333333333333334
2025-04-05,94.30999755859376,0,146.8000030517578,180.8000030517578,422.6700134277344,0.0,4.089292064268134,121.30519958496092,127.06754970550536,0,4,1.25,0.394675,0.0,0.75,0.0,0.5
2025-04-06,94.30999755859376,0,146.8000030517578,180.8000030517578,422.6700134277344,0.0,4.089292064268134,121.30519958496092,127.06754970550536,0,7,2.0,-0.17038571428571428,0.14285714285714285,0.5714285714285714,0.5714285714285714,0.2857142857142857
2025-04-07,97.63999938964844,611041300,146.1699981689453,184.8999938964844,423.6900024414063,3.530910738265902,4.155923478362252,120.40559967041015,126.87784969329834,1,3,3.0,0.0459,0.0,0.3333333333333333,0.3333333333333333,0.3333333333333333
2025-04-08,96.3000030517578,476243400,141.3699951171875,179.9499969482422,416.05999755859375,-1.372384623378731,4.141200016014503,119.9631997680664,126.70544971466065,1,3,3.0,0.0534,0.0,0.3333333333333333,0.3333333333333333,0.3333333333333333
2025-04-09,114.33000183105467,612918300,158.75,210.8300018310547,466.0,18.722739572091605,5.419128638535012,119.6699996948242,126.6442497253418,1,4,2.5,0.050575,0.0,0.5,0.0,0.25
2025-04-10,107.56999969482422,437812400,151.1300048828125,196.2100067138672,446.1799926757813,-5.912710599112659,5.305033261708906,119.34739974975588,126.59154972076416,1,5,1.8,0.26559999999999995,0.0,0.8,0.0,0.6
2025-04-11,110.93000030517578,313417300,157.0800018310547,201.3099975585937,454.3999938964844,3.123548033730472,5.284097115697519,119.0729997253418,126.51574974060058,1,5,2.6,0.22081999999999996,4.8,0.6,0.4,0.6
2025-04-12,110.93000030517578,0,157.0800018310547,201.3099975585937,454.3999938964844,0.0,5.284097115697519,119.0729997253418,126.51574974060058,0,2,1.5,-0.0992,0.0,0.5,0.5,0.5
2025-04-13,110.93000030517578,0,157.0800018310547,201.3099975585937,454.3999938964844,0.0,5.284097115697519,119.0729997253418,126.51574974060058,0,5,3.2,0.1577,0.6,0.2,0.2,0.6
2025-04-14,110.70999908447266,264705000,155.83999633789062,201.6100006103516,457.4800109863281,-0.1983243668059908,5.038763020571541,118.88579971313476,126.43729972839355,1,2,1.0,0.08895,1.0,1.0,0.0,0.5
2025-04-15,112.1999969482422,228966900,157.3300018310547,202.9199981689453,457.989990234375,1.3458566309197062,5.035192279725411,118.79659957885742,126.37834972381592,1,2,1.0,-0.20095,0.0,1.0,0.5,0.0
2025-04-16,104.48999786376952,397016900,151.6699981689453,194.3500061035156,444.1799926757813,-6.871657124936714,5.183395075630448,118.51339950561524,126.28309970855712,1,1,1.0,0.0,0.0,1.0,0.0,0.0
2025-04-17,101.48999786376952,292517500,151.74000549316406,192.52999877929688,444.1000061035156,-2.871088201103511,5.10476908268386,118.04659942626954,126.1690496826172,1,3,2.3333333333333335,0.06776666666666668,0.0,0.6666666666666666,0.3333333333333333,0.3333333333333333
2025-04-18,101.48999786376952,0,151.74000549316406,192.52999877929688,444.1000061035156,0.0,5.10476908268386,118.04659942626954,126.1690496826172,0,5,3.2,0.43806,0.2,0.2,0.0,0.6
2025-04-19,101.48999786376952,0,151.74000549316406,192.52999877929688,444.1000061035156,0.0,5.10476908268386,118.04659942626954,126.1690496826172,0,4,4.0,0.479375,0.0,0.25,0.0,0.75
2025-04-20,101.48999786376952,0,151.74000549316406,192.52999877929688,444.1000061035156,0.0,5.10476908268386,118.04659942626954,126.1690496826172,0,5,3.0,-0.03364,0.2,0.2,0.2,0.2
2025-04-21,96.91000366210938,288501100,147.86000061035156,187.8300018310547,433.1099853515625,-4.51275425959502,5.149146719785926,117.41119964599608,126.040249710083,1,2,1.0,-0.28480000000000005,7.5,1.0,0.5,0.5
2025-04-22,98.88999938964844,241004800,151.39999389648438,191.8999938964844,444.4800109863281,2.043128317735498,5.08919820182121,116.79219970703124,125.89329971313477,1,1,1.0,-0.4898,0.0,1.0,1.0,0.0
2025-04-23,102.70999908447266,247526000,157.80999755859375,198.91000366210932,454.55999755859375,3.86287766043214,5.131759703672638,116.17499954223632,125.77769969940184,1,2,4.0,-0.1296,0.5,0.0,0.5,0.5
2025-04-24,106.43000030517578,220815000,164.17999267578125,208.97000122070312,467.3500061035156,3.621849142110944,5.034365311443074,115.64759948730467,125.66884971618651,1,1,1.0,0.5859,0.0,1.0,0.0,1.0
2025-04-25,111.01000213623048,251064700,165.10000610351562,211.97000122070312,472.55999755859375,4.30329965040126,5.099958404553706,115.24499954223631,125.5669997024536,1,1,5.0,0.4033,7.0,0.0,0.0,1.0
2025-04-26,111.01000213623048,0,165.10000610351562,211.97000122070312,472.55999755859375,0.0,5.099958404553706,115.24499954223631,125.5669997024536,0,4,4.0,0.358375,0.0,0.25,0.25,0.75
2025-04-27,111.01000213623048,0,165.10000610351562,211.97000122070312,472.55999755859375,0.0,5.099958404553706,115.24499954223631,125.5669997024536,0,3,2.6666666666666665,0.3614,2.3333333333333335,0.3333333333333333,0.3333333333333333,0.6666666666666666
2025-04-28,108.7300033569336,207708500,163.39999389648438,210.6499938964844,472.4100036621094,-2.053867881651672,5.012902250828479,114.71379974365234,125.43609970092774,1,4,2.0,0.17475,0.25,0.75,0.5,0.5
2025-04-29,109.0199966430664,170444300,164.47999572753906,210.2899932861328,475.5299987792969,0.2667095347921977,5.005621582732181,114.11719955444336,125.34419967651368,1,2,4.0,-0.039999999999999994,0.0,0.0,0.5,0.5
2025-04-30,108.91999816894533,235044600,166.69000244140625,211.27999877929688,475.4700012207031,-0.091724891946654,4.968078007989698,113.50759963989258,125.24259963989256,1,3,2.6666666666666665,0.5714,0.3333333333333333,0.3333333333333333,0.0,1.0
2025-05-01,111.61000061035156,236121500,172.72000122070312,212.3000030517578,481.6799926757813,2.469704816955476,4.978168819923204,112.95519973754882,125.15844963073732,1,1,5.0,0.6369,0.0,0.0,0.0,1.0
2025-05-02,114.5,190194800,179.27999877929688,219.02999877929688,488.8299865722656,2.589373151011709,4.999124641480854,112.4429997253418,125.09914962768556,1,1,5.0,0.6369,0.0,0.0,0.0,1.0
2025-05-03,114.5,0,179.27999877929688,219.02999877929688,488.8299865722656,0.0,4.999124641480854,112.4429997253418,125.09914962768556,0,8,3.125,0.3315625,1.5,0.25,0.25,0.75
2025-05-04,114.5,0,179.27999877929688,219.02999877929688,488.8299865722656,0.0,4.999124641480854,112.4429997253418,125.09914962768556,0,4,1.75,0.023800000000000016,0.0,0.75,0.25,0.25
2025-05-05,113.81999969482422,133163200,176.39999389648438,217.6100006103516,485.9299926757813,-0.5938867294111638,4.9986480515002745,112.03079986572266,125.07829963684082,1,2,3.0,0.10770000000000002,0.0,0.5,0.5,0.5
2025-05-06,113.54000091552734,158525600,172.27999877929688,215.58999633789065,481.4100036621094,-0.2460013881985689,4.963234323450155,111.69599990844726,125.040549659729,1,3,4.666666666666667,0.7792666666666667,0.0,0.0,0.0,1.0
2025-05-07,117.05999755859376,206758800,174.5399932861328,220.0200042724609,483.2999877929688,3.100226012579688,4.99650609785522,111.50459991455078,125.03619964599608,1,2,3.0,-0.2805,0.0,0.5,0.5,0.0
2025-05-08,117.37000274658205,198428100,175.22000122070312,221.9499969482422,488.2900085449219,0.2648258965092687,4.876807629121132,111.22639999389648,125.00534965515136,1,1,5.0,0.7351,0.0,0.0,0.0,1.0
2025-05-09,116.6500015258789,132972200,176.52000427246094,223.3999938964844,487.9700012207031,-0.613445687871117,4.860863798754285,111.15639999389649,124.97564968109133,1,3,5.0,0.7148,0.0,0.0,0.0,1.0
2025-05-10,116.6500015258789,0,176.52000427246094,223.3999938964844,487.9700012207031,0.0,4.860863798754285,111.15639999389649,124.97564968109133,0,3,3.0,0.23529999999999998,0.0,0.3333333333333333,0.3333333333333333,0.3333333333333333
2025-05-11,116.6500015258789,0,176.52000427246094,223.3999938964844,487.9700012207031,0.0,4.860863798754285,111.15639999389649,124.97564968109133,0,2,1.0,-0.5687,1.0,1.0,1.0,0.0
2025-05-12,123.0,225023300,186.97999572753903,237.41000366210932,507.8500061035156,5.443633425681815,4.937622851121289,111.11800003051758,125.01939968109131,1,5,1.0,-0.04342,1.8,1.0,0.6,0.2
2025-05-13,129.92999267578125,330430100,193.9900054931641,245.5599975585937,515.5900268554688,5.634140386814024,5.014040617718928,111.43539993286132,125.10764965057372,1,5,3.8,0.04887999999999999,0.6,0.2,0.4,0.4
2025-05-14,135.33999633789062,281180800,194.759994506836,247.9900054931641,518.6799926757812,4.163783550430233,5.051026223460902,111.82239990234376,125.21904964447022,1,2,1.5,-0.10370000000000001,0.5,0.5,0.5,0.5
2025-05-15,134.8300018310547,226632600,194.22000122070312,247.1300048828125,519.25,-0.3768246790569418,5.054689749546919,112.17299987792968,125.33524967193604,1,1,5.0,0.7055,0.0,0.0,0.0,1.0
2025-05-16,135.39999389648438,226542500,194.22000122070312,246.4199981689453,521.510009765625,0.4227486892300902,4.788542788601567,112.66959976196289,125.4935996246338,1,4,3.0,0.0816,0.5,0.5,0.5,0.5
2025-05-17,135.39999389648438,0,194.22000122070312,246.4199981689453,521.510009765625,0.0,4.788542788601567,112.66959976196289,125.4935996246338,0,4,4.0,0.47057499999999997,0.25,0.25,0.25,0.75
2025-05-18,135.39999389648438,0,194.22000122070312,246.4199981689453,521.510009765625,0.0,4.788542788601567,112.66959976196289,125.4935996246338,0,4,1.75,0.214275,0.25,0.75,0.0,0.75
2025-05-19,135.57000732421875,193154600,193.5,246.009994506836,522.010009765625,0.1255638370739831,4.522383906318748,113.12719985961914,125.58634967803955,1,5,3.6,0.1922,1.0,0.2,0.6,0.4
2025-05-20,134.3800048828125,161514200,193.4499969482422,245.5399932861328,520.27001953125,-0.8777770724466616,4.519378660171988,113.67519989013672,125.71219970703125,1,5,2.2,0.30422,1.8,0.6,0.2,0.6
2025-05-21,131.8000030517578,270608700,191.759994506836,241.47000122070312,513.0399780273438,-1.9199298536300868,4.531064408513396,114.13599990844726,125.83484973907473,1,0,,,,,,
2025-05-22,132.8300018310547,187344000,196.19000244140625,240.8099975585937,514.0,0.7814861573959053,3.084042097179577,114.47779998779296,125.99674976348876,1,7,3.0,-0.002071428571428565,0.42857142857142855,0.2857142857142857,0.42857142857142855,0.42857142857142855
2025-05-23,131.2899932861328,198821300,191.97999572753903,237.44000244140625,509.239990234375,-1.159383063835684,2.8542458064850487,114.79199981689452,126.13194972991944,1,2,1.5,-0.7542500000000001,0.5,0.5,1.0,0.0
2025-05-24,131.2899932861328,0,191.97999572753903,237.44000244140625,509.239990234375,0.0,2.8542458064850487,114.79199981689452,126.13194972991944,0,6,3.5,0.3477666666666667,1.5,0.3333333333333333,0.16666666666666666,0.6666666666666666
2025-05-25,131.2899932861328,0,191.97999572753903,237.44000244140625,509.239990234375,0.0,2.8542458064850487,114.79199981689452,126.13194972991944,0,2,3.0,0.2202,0.0,0.5,0.0,0.5
2025-05-26,131.2899932861328,0,191.97999572753903,237.44000244140625,509.239990234375,0.0,2.8542458064850487,114.79199981689452,126.13194972991944,0,3,1.6666666666666667,-0.031200000000000006,3.6666666666666665,0.6666666666666666,0.6666666666666666,0.3333333333333333
2025-05-27,135.5,192953600,197.67999267578125,244.97000122070312,521.219970703125,3.2066470631100685,2.856712260934051,115.06859985351562,126.31489971160887,1,3,4.0,0.6038333333333333,0.6666666666666666,0.0,0.0,1.0
2025-05-28,134.80999755859375,304021100,196.13999938964844,242.3600006103516,518.9099731445312,-0.5092268940267486,2.8606771351396345,115.37419982910156,126.46409969329834,1,4,3.75,0.18297500000000003,0.0,0.0,0.25,0.75
2025-05-29,139.19000244140625,369241900,197.1499938964844,244.0800018310547,519.9299926757812,3.24902081606282,2.896412404355447,115.84939987182617,126.63629970550537,1,4,3.5,0.2982,6.75,0.25,0.25,0.75
2025-05-30,135.1300048828125,333170900,193.32000732421875,239.75,519.1099853515625,-2.91687440719951,2.613157992048827,116.20160003662107,126.7668497467041,1,2,5.0,0.4206,0.0,0.0,0.0,0.5
2025-05-31,135.1300048828125,0,193.32000732421875,239.75,519.1099853515625,0.0,2.613157992048827,116.20160003662107,126.7668497467041,0,7,3.142857142857143,0.1542857142857143,65.85714285714286,0.42857142857142855,0.2857142857142857,0.5714285714285714
2025-06-01,135.1300048828125,0,193.32000732421875,239.75,519.1099853515625,0.0,2.613157992048827,116.20160003662107,126.7668497467041,0,3,1.0,0.16183333333333336,2.0,1.0,0.0,0.6666666666666666
2025-06-02,137.3800048828125,197663100,194.83999633789065,243.3000030517578,523.2100219726562,1.6650632122386488,2.5172930838357725,116.5786001586914,126.87304977416991,1,5,2.6,0.18791999999999998,2.0,0.6,0.2,0.4
2025-06-03,141.22000122070312,225578800,197.6100006103516,248.7899932861328,527.2999877929688,2.795163925904798,2.3056462350107103,117.04900024414064,126.98874977111817,1,3,3.3333333333333335,-0.4143666666666666,0.0,0.3333333333333333,0.6666666666666666,0.0
2025-06-04,141.9199981689453,167120800,202.3999938964844,251.75,528.77001953125,0.4956783332328518,2.305487680693276,117.45920013427734,127.08404975891114,1,5,2.4,0.3212,0.2,0.6,0.4,0.6
2025-06-05,139.99000549316406,231397900,203.33999633789065,251.3000030517578,524.7899780273438,-1.359915939037526,2.297524363429766,117.8452001953125,127.16109977722168,1,4,4.5,-0.08352500000000002,1.0,0.0,0.5,0.5
2025-06-06,141.72000122070312,153986200,205.17999267578125,252.72999572753903,529.9199829101562,1.2357994568573227,2.246612183610916,118.40440017700196,127.2196997833252,1,1,1.0,0.0,0.0,1.0,0.0,0.0
2025-06-07,141.72000122070312,0,205.17999267578125,252.72999572753903,529.9199829101562,0.0,2.246612183610916,118.40440017700196,127.2196997833252,0,2,3.0,0.03644999999999998,0.5,0.5,0.5,0.5
2025-06-08,141.72000122070312,0,205.17999267578125,252.72999572753903,529.9199829101562,0.0,2.246612183610916,118.40440017700196,127.2196997833252,0,2,5.0,0.8210500000000001,0.0,0.0,0.0,1.0
2025-06-09,142.6300048828125,185114500,207.0,256.9599914550781,530.7000122070312,0.6421137837080648,2.1577183484506417,119.02840026855468,127.29659980773926,1,1,2.0,-0.6473,0.0,0.0,1.0,0.0
2025-06-10,143.9600067138672,155881900,212.4600067138672,262.07000732421875,534.2100219726562,0.9324838992661012,2.086306108213363,119.71420043945312,127.3738998413086,1,5,4.2,0.5907,0.0,0.2,0.0,0.8
2025-06-11,142.8300018310547,167694000,214.1000061035156,261.8800048828125,532.4099731445312,-0.7849436163604007,2.1070994712343323,120.40320053100588,127.46934986114502,1,6,2.6666666666666665,0.0343,0.0,0.5,0.3333333333333333,0.3333333333333333
2025-06-12,145.0,162365000,215.42999267578125,263.1499938964844,533.6599731445312,1.519287363387467,2.100798135020973,121.10020050048828,127.54749988555908,1,8,2.375,-0.1599625,0.5,0.5,0.5,0.25
2025-06-13,141.97000122070312,180820600,211.1000061035156,256.989990234375,526.9600219726562,-2.089654330549573,2.1535162808185992,121.73120056152344,127.62504989624024,1,2,5.0,0.31665,4.0,0.0,0.0,1.0
2025-06-14,141.97000122070312,0,211.1000061035156,256.989990234375,526.9600219726562,0.0,2.1535162808185992,121.73120056152344,127.62504989624024,0,0,,,,,,
2025-06-15,141.97000122070312,0,211.1000061035156,256.989990234375,526.9600219726562,0.0,2.1535162808185992,121.73120056152344,127.62504989624024,0,3,2.3333333333333335,-0.033466666666666645,0.3333333333333333,0.6666666666666666,0.6666666666666666,0.3333333333333333
2025-06-16,144.69000244140625,183133700,215.67999267578125,263.3800048828125,534.2899780273438,1.9158985682296903,2.1379685231291616,122.5890005493164,127.70699989318848,1,8,2.875,0.1859375,0.375,0.375,0.375,0.625
2025-06-17,144.1199951171875,139108000,213.8999938964844,261.5899963378906,529.0800170898438,-0.3939507323248437,2.133765462122064,123.58520050048828,127.79954986572264,1,2,3.0,0.1591,0.0,0.5,0.0,0.5
2025-06-18,145.47999572753906,161494100,213.5,262.5899963378906,528.989990234375,0.9436585181991752,2.1244685031573645,124.5420004272461,127.9389998626709,1,5,3.8,0.34354,13.6,0.0,0.0,0.6
2025-06-19,145.47999572753906,0,213.5,262.5899963378906,528.989990234375,0.0,2.1244685031573645,124.5420004272461,127.9389998626709,0,6,2.8333333333333335,0.06046666666666666,0.16666666666666666,0.3333333333333333,0.3333333333333333,0.5
2025-06-20,143.85000610351562,242956200,209.509994506836,260.2699890136719,526.8300170898438,-1.1204218256069765,2.11009729554836,125.49300048828124,128.06139987945556,1,5,3.2,0.4546,0.6,0.4,0.2,0.8
2025-06-21,143.85000610351562,0,209.509994506836,260.2699890136719,526.8300170898438,0.0,2.11009729554836,125.49300048828124,128.06139987945556,0,3,2.3333333333333335,0.0,0.0,0.3333333333333333,0.0,0.0
2025-06-22,143.85000610351562,0,209.509994506836,260.2699890136719,526.8300170898438,0.0,2.11009729554836,125.49300048828124,128.06139987945556,0,5,2.8,-0.01823999999999999,0.0,0.4,0.6,0.2
2025-06-23,144.1699981689453,154308900,210.32000732421875,261.9200134277344,531.6500244140625,0.2224484197792975,2.110420087191608,126.08980041503906,128.2422498703003,1,3,3.6666666666666665,0.3408,0.0,0.3333333333333333,0.3333333333333333,0.6666666666666666
2025-06-24,147.89999389648438,187566100,220.08999633789065,271.5400085449219,539.780029296875,2.587220486170838,2.1221264942831417,126.89640029907228,128.45069984436034,1,1,1.0,-0.4005,1.0,1.0,1.0,0.0
2025-06-25,154.30999755859375,269146500,222.7400054931641,275.20001220703125,541.1599731445312,4.334012120781927,2.047025247930474,127.76400024414062,128.68619983673096,1,5,2.6,0.19204000000000002,1.6,0.4,0.2,0.6
2025-06-26,155.02000427246094,198145700,224.009994506836,277.20001220703125,546.219970703125,0.4601171182039509,1.83033538170976,128.65020034790038,128.94714984893798,1,4,5.0,0.54125,0.0,0.0,0.0,1.0
2025-06-27,157.75,263234500,228.57000732421875,278.4200134277344,548.0900268554688,1.761060284026872,1.7184505222656823,129.56120040893555,129.20354984283446,1,5,3.4,0.29352,0.4,0.4,0.2,0.8
2025-06-28,157.75,0,228.57000732421875,278.4200134277344,548.0900268554688,0.0,1.7184505222656823,129.56120040893555,129.20354984283446,0,0,,,,,,
2025-06-29,157.75,0,228.57000732421875,278.4200134277344,548.0900268554688,0.0,1.7184505222656823,129.56120040893555,129.20354984283446,0,4,3.0,0.10502499999999998,4.5,0.5,0.5,0.5
2025-06-30,157.99000549316406,194580300,226.4900054931641,278.8800048828125,551.6400146484375,0.1521429433686716,1.7115652430759132,130.63120056152343,129.4529998779297,1,5,2.6,0.24045999999999998,5.4,0.6,0.2,0.6
2025-07-01,153.3000030517578,213143600,224.67999267578125,275.8399963378906,546.989990234375,-2.9685437548827576,1.827878952605085,131.6674006652832,129.63494987487792,1,4,2.0,-0.172175,3.75,0.75,0.5,0.25
2025-07-02,157.25,171224100,233.6000061035156,281.25,550.7999877929688,2.5766450551919284,1.868101418700348,132.874200592041,129.8254998779297,1,7,2.857142857142857,0.05361428571428571,0.0,0.42857142857142855,0.14285714285714285,0.2857142857142857
2025-07-03,159.33999633789062,143716100,234.8000030517578,283.6199951171875,556.219970703125,1.3290914708366408,1.8548709913127648,134.08320053100587,130.02669986724854,1,5,2.6,0.14302,0.6,0.6,0.2,0.6
2025-07-04,159.33999633789062,0,234.8000030517578,283.6199951171875,556.219970703125,0.0,1.8548709913127648,134.08320053100587,130.02669986724854,0,9,2.0,-0.13734444444444444,2.3333333333333335,0.6666666666666666,0.5555555555555556,0.4444444444444444
2025-07-05,159.33999633789062,0,234.8000030517578,283.6199951171875,556.219970703125,0.0,1.8548709913127648,134.08320053100587,130.02669986724854,0,2,5.0,0.0,0.0,0.0,0.0,0.0
2025-07-06,159.33999633789062,0,234.8000030517578,283.6199951171875,556.219970703125,0.0,1.8548709913127648,134.08320053100587,130.02669986724854,0,5,3.0,0.11504,0.0,0.4,0.2,0.6
2025-07-07,158.24000549316406,140139000,229.1699981689453,279.760009765625,552.030029296875,-0.6903419543163314,1.8106450906302447,135.1938006591797,130.23399990081788,1,5,3.2,0.36812,1.6,0.4,0.4,0.6
2025-07-08,160.0,138133000,227.8600006103516,283.4800109863281,552.3400268554688,1.1122310703610028,1.812623657533776,136.26520065307616,130.45604991912842,1,5,2.2,-0.022220000000000018,0.0,0.6,0.6,0.4
2025-07-09,162.8800048828125,183656400,231.83999633789065,285.4200134277344,556.25,1.8000030517578036,1.7918374845947174,137.30260070800782,130.70359992980957,1,5,2.4,0.25048,0.0,0.4,0.0,0.6
2025-07-10,164.10000610351562,167704100,229.759994506836,287.5199890136719,555.4500122070312,0.7490184087241891,1.7301394920567517,138.41000076293946,130.93474994659425,1,3,4.333333333333333,0.6197666666666667,0.0,0.0,0.0,1.0
2025-07-11,164.9199981689453,193633300,230.3999938964844,287.489990234375,554.2000122070312,0.4996904539494196,1.7164844578302056,139.52800079345704,131.17934993743896,1,4,4.0,0.7812,0.25,0.25,0.0,1.0
2025-07-12,164.9199981689453,0,230.3999938964844,287.489990234375,554.2000122070312,0.0,1.7164844578302056,139.52800079345704,131.17934993743896,0,8,3.25,0.5619875,0.375,0.125,0.0,0.75
2025-07-13,164.9199981689453,0,230.3999938964844,287.489990234375,554.2000122070312,0.0,1.7164844578302056,139.52800079345704,131.17934993743896,0,2,1.5,-0.12104999999999996,0.0,0.5,0.5,0.5
2025-07-14,164.07000732421875,136975800,228.6699981689453,285.32000732421875,556.2100219726562,-0.5153958611228138,1.6594923823466723,140.6310009765625,131.4183999633789,1,4,1.5,-0.26180000000000003,0.0,0.75,0.5,0.25
2025-07-15,170.6999969482422,230627400,236.9499969482422,290.79998779296875,556.719970703125,4.040951623121414,1.6425065743177325,141.81280090332032,131.6675499343872,1,6,3.1666666666666665,-0.04096666666666667,0.16666666666666666,0.3333333333333333,0.16666666666666666,0.16666666666666666
2025-07-16,171.3699951171875,158831500,237.5599975585937,289.2799987792969,557.2899780273438,0.3925003989006859,1.63567697136186,142.95020080566405,131.90684989929198,1,4,3.0,-0.105375,0.25,0.5,0.25,0.0
2025-07-17,173.0,160841100,245.6000061035156,291.7099914550781,561.7999877929688,0.9511611888054494,1.5902858561822526,144.13380081176757,132.15164989471435,1,0,,,,,,
2025-07-18,172.41000366210938,146456400,240.3999938964844,290.3099975585937,561.260009765625,-0.3410383456015187,1.601129802539599,145.3112008666992,132.4066999053955,1,4,3.25,0.407075,6.0,0.25,0.25,0.5
2025-07-19,172.41000366210938,0,240.3999938964844,290.3099975585937,561.260009765625,0.0,1.601129802539599,145.3112008666992,132.4066999053955,0,2,3.5,0.14425,1.0,0.0,0.5,0.5
2025-07-20,172.41000366210938,0,240.3999938964844,290.3099975585937,561.260009765625,0.0,1.601129802539599,145.3112008666992,132.4066999053955,0,4,2.75,-0.016875,0.25,0.5,0.25,0.25
2025-07-21,171.3800048828125,123126100,238.8500061035156,290.510009765625,564.1699829101562,-0.5974124223762978,1.573725906582266,146.3976010131836,132.65639991760253,1,0,,,,,,
2025-07-22,167.02999877929688,193114300,234.6000061035156,285.3699951171875,561.25,-2.5382226511722283,1.675990914262325,147.39080093383788,132.906549911499,1,1,3.0,-0.2846,0.0,0.0,1.0,0.0
2025-07-23,170.77999877929688,154082200,240.3300018310547,286.6099853515625,563.8099975585938,2.2451056860480545,1.7039291685497733,148.47340087890626,133.1661999130249,1,4,3.25,0.024750000000000022,0.5,0.25,0.5,0.5
2025-07-24,173.74000549316406,128984600,241.6000061035156,287.79998779296875,565.010009765625,1.733227974601692,1.7152889633486144,149.4882009887695,133.42064994812011,1,0,,,,,,
2025-07-25,173.5,122316800,245.6000061035156,287.489990234375,566.3699951171875,-0.1381406041071509,1.7007267733138185,150.3596011352539,133.6635499572754,1,3,3.0,0.00843333333333333,0.0,0.0,0.3333333333333333,0.3333333333333333
2025-07-26,173.5,0,245.6000061035156,287.489990234375,566.3699951171875,0.0,1.7007267733138185,150.3596011352539,133.6635499572754,0,2,1.0,0.4228,1.5,1.0,0.0,0.5
2025-07-27,173.5,0,245.6000061035156,287.489990234375,566.3699951171875,0.0,1.7007267733138185,150.3596011352539,133.6635499572754,0,4,1.25,0.42155,0.75,0.75,0.0,0.75
2025-07-28,176.75,140023500,242.75,291.4100036621094,568.1400146484375,1.873198847262248,1.7080726590872908,151.1878012084961,133.90869995117188,1,4,3.0,0.073275,0.5,0.5,0.5,0.5
2025-07-29,175.50999450683594,154077500,241.3300018310547,292.8999938964844,567.260009765625,-0.7015589777448761,1.6483206976523566,152.00140106201172,134.1217999267578,1,1,1.0,0.0,0.0,1.0,0.0,0.0
2025-07-30,179.27000427246094,174312200,242.91000366210932,296.260009765625,568.02001953125,2.1423337036675427,1.6544808620924314,152.87880126953124,134.3548999786377,1,4,2.75,-0.06380000000000001,0.5,0.25,0.5,0.5
2025-07-31,177.8699951171875,221685400,241.6199951171875,288.7799987792969,565.010009765625,-0.7809500317440987,1.6650218354306374,153.72480102539063,134.57019996643066,1,4,2.5,-0.13867500000000002,0.0,0.5,0.25,0.0
2025-08-01,173.72000122070312,204529000,235.2100067138672,283.95001220703125,553.8800048828125,-2.3331613034285,1.7547143764956556,154.51160095214843,134.7647999572754,1,0,,,,,,
2025-08-02,173.72000122070312,0,235.2100067138672,283.95001220703125,553.8800048828125,0.0,1.7547143764956556,154.51160095214843,134.7647999572754,0,7,1.7142857142857142,-0.24637142857142855,0.7142857142857143,0.7142857142857143,0.5714285714285714,0.14285714285714285
2025-08-03,173.72000122070312,0,235.2100067138672,283.95001220703125,553.8800048828125,0.0,1.7547143764956556,154.51160095214843,134.7647999572754,0,3,2.3333333333333335,0.012766666666666667,1.0,0.6666666666666666,0.6666666666666666,0.3333333333333333
2025-08-04,180.0,148174600,239.0,290.19000244140625,564.0999755859375,3.615011935970714,1.8061180557386165,155.4756008911133,134.9744499206543,1,3,3.0,-0.07836666666666667,0.6666666666666666,0.3333333333333333,0.3333333333333333,0.0
2025-08-05,178.25999450683594,156407600,232.47000122070312,287.1000061035156,560.27001953125,-0.9666697184244843,1.8313248563675035,156.3842007446289,135.2077498626709,1,1,1.0,0.0,0.0,1.0,0.0,0.0
2025-08-06,179.4199981689453,137192300,231.3699951171875,286.6199951171875,567.3200073242188,0.6507369560503795,1.797274944315168,157.34680084228515,135.42624984741212,1,1,5.0,0.8231,1.0,0.0,0.0,1.0
2025-08-07,180.7700042724609,151878400,242.6199951171875,291.1199951171875,569.239990234375,0.7524278883585866,1.6585149311226344,158.25220092773438,135.6454499053955,1,3,4.0,0.39136666666666664,0.0,0.0,0.0,0.6666666666666666
2025-08-08,182.6999969482422,123396700,241.8300018310547,293.5299987792969,574.5499877929688,1.0676509543432466,1.6611853989478589,159.21000091552733,135.86894989013672,1,5,3.0,0.0022800000000000155,2.6,0.2,0.4,0.6
2025-08-09,182.6999969482422,0,241.8300018310547,293.5299987792969,574.5499877929688,0.0,1.6611853989478589,159.21000091552733,135.86894989013672,0,4,3.75,0.551775,19.0,0.25,0.0,0.75
2025-08-10,182.6999969482422,0,241.8300018310547,293.5299987792969,574.5499877929688,0.0,1.6611853989478589,159.21000091552733,135.86894989013672,0,6,3.6666666666666665,0.12863333333333335,0.5,0.3333333333333333,0.3333333333333333,0.5
2025-08-11,182.0599975585937,138323200,242.08999633789065,293.3999938964844,572.8499755859375,-0.3503007117344081,1.6533593639104014,160.0674008178711,136.06069984436036,1,3,1.0,0.19053333333333336,0.3333333333333333,1.0,0.3333333333333333,0.6666666666666666
2025-08-12,183.16000366210932,145485700,244.2899932861328,300.1000061035156,580.0499877929688,0.6041997793400977,1.6522142982909067,161.02800079345704,136.25854988098143,1,2,3.0,-0.23905,0.5,0.5,0.5,0.5
2025-08-13,181.58999633789065,179871700,241.44000244140625,301.2799987792969,580.3400268554688,-0.8571780371412707,1.5402311372176467,161.9122006225586,136.46869987487793,1,2,3.0,0.6265499999999999,0.0,0.5,0.0,1.0
2025-08-14,182.0200042724609,129554000,241.0,301.9200134277344,579.8900146484375,0.2368015547344226,1.494057388095467,162.72820068359374,136.6767498779297,1,3,4.666666666666667,0.2641,0.0,0.0,0.3333333333333333,0.6666666666666666
2025-08-15,180.4499969482422,156602200,238.8800048828125,295.6499938964844,577.3400268554688,-0.862546581346435,1.5056314116174396,163.4988006591797,136.87129989624023,1,5,3.4,0.4514,4.0,0.4,0.2,0.8
2025-08-16,180.4499969482422,0,238.8800048828125,295.6499938964844,577.3400268554688,0.0,1.5056314116174396,163.4988006591797,136.87129989624023,0,3,3.0,0.3179,0.6666666666666666,0.3333333333333333,0.3333333333333333,0.6666666666666666
2025-08-17,180.4499969482422,0,238.8800048828125,295.6499938964844,577.3400268554688,0.0,1.5056314116174396,163.4988006591797,136.87129989624023,0,9,3.2222222222222223,-0.006088888888888884,0.0,0.2222222222222222,0.5555555555555556,0.3333333333333333
2025-08-18,182.009994506836,132008000,241.41000366210932,296.8599853515625,577.1099853515625,0.8645040648247893,1.4925672385160091,164.33920043945312,137.0787498474121,1,2,5.0,0.5292,0.0,0.0,0.0,1.0
2025-08-19,175.63999938964844,185229200,232.6999969482422,290.8699951171875,569.280029296875,-3.49980512578294,1.6538265177814355,165.01760040283204,137.25069984436035,1,1,2.0,-0.6664,0.0,0.0,1.0,0.0
2025-08-20,175.39999389648438,215142700,228.6000061035156,288.9599914550781,565.9000244140625,-0.1366462616705144,1.6318996372741494,165.67300018310547,137.43099983215333,1,2,1.0,-0.28595,0.0,1.0,0.5,0.0
2025-08-21,174.97999572753906,140040900,227.3300018310547,287.4599914550781,563.280029296875,-0.2394516439910399,1.6316641272914172,166.2933999633789,137.64209983825685,1,2,5.0,0.31845,0.0,0.0,0.0,0.5
2025-08-22,177.99000549316406,172789400,232.9900054931641,293.6400146484375,571.969970703125,1.7202022168933515,1.6537633293536596,166.9966000366211,137.85504989624025,1,1,4.0,0.7269,0.0,0.0,0.0,1.0
2025-08-23,177.99000549316406,0,232.9900054931641,293.6400146484375,571.969970703125,0.0,1.6537633293536596,166.9966000366211,137.85504989624025,0,6,1.8333333333333333,0.31326666666666664,0.16666666666666666,0.6666666666666666,0.16666666666666666,0.6666666666666666
2025-08-24,177.99000549316406,0,232.9900054931641,293.6400146484375,571.969970703125,0.0,1.6537633293536596,166.9966000366211,137.85504989624025,0,4,2.25,0.20684999999999998,0.0,0.5,0.5,0.5
2025-08-25,179.80999755859375,163012800,235.58999633789065,293.9200134277344,570.3200073242188,1.0225248661501984,1.6524870261423732,167.69279998779297,138.0738498687744,1,4,5.0,0.626125,17.0,0.0,0.0,1.0
2025-08-26,181.7700042724609,168688200,238.72000122070312,296.75,572.6099853515625,1.0900432347920486,1.5044978858921485,168.48880004882812,138.28314987182617,1,1,2.0,0.3809,1.0,0.0,0.0,1.0
2025-08-27,181.6000061035156,235518900,239.2899932861328,297.6600036621094,573.489990234375,-0.093523774522497,1.5051998443261625,169.2270001220703,138.463099899292,1,3,2.3333333333333335,0.2674666666666667,10.666666666666666,0.6666666666666666,0.3333333333333333,0.6666666666666666
2025-08-28,180.1699981689453,281787800,238.2700042724609,298.8800048828125,577.0800170898438,-0.7874492767115715,1.508922717083085,169.94800018310548,138.61954986572266,1,3,2.3333333333333335,-0.30596666666666666,0.6666666666666666,0.6666666666666666,0.6666666666666666,0.3333333333333333
2025-08-29,174.17999267578125,243257900,230.8699951171875,290.2900085449219,570.4000244140625,-3.3246409247044806,1.6352028814989512,170.52200012207032,138.7522998046875,1,2,1.0,0.25975,2.5,1.0,0.0,0.5
2025-08-30,174.17999267578125,0,230.8699951171875,290.2900085449219,570.4000244140625,0.0,1.6352028814989512,170.52200012207032,138.7522998046875,0,1,1.0,-0.197,0.0,1.0,1.0,0.0
2025-08-31,174.17999267578125,0,230.8699951171875,290.2900085449219,570.4000244140625,0.0,1.6352028814989512,170.52200012207032,138.7522998046875,0,3,4.333333333333333,0.35729999999999995,0.0,0.0,0.0,0.6666666666666666
2025-09-01,174.17999267578125,0,230.8699951171875,290.2900085449219,570.4000244140625,0.0,1.6352028814989512,170.52200012207032,138.7522998046875,0,2,3.0,0.84945,1.0,0.5,0.0,1.0
2025-09-02,170.77999877929688,231164900,228.38999938964844,286.4800109863281,565.6199951171875,-1.9520002522982804,1.6719012986384278,171.06059997558594,138.8798998260498,1,5,2.8,0.0,0.2,0.4,0.2,0.2
2025-09-03,170.6199951171875,164424900,231.38999938964844,286.42999267578125,570.0700073242188,-0.0936899304678884,1.601941662519693,171.58959991455075,138.9915498352051,1,5,3.2,0.20049999999999998,0.4,0.4,0.2,0.6
2025-09-04,171.66000366210938,141670100,235.2100067138672,289.8599853515625,575.22998046875,0.6095466971544283,1.5529149003186318,172.06480010986328,139.11849983215333,1,7,4.571428571428571,0.6496857142857143,0.5714285714285714,0.0,0.0,0.8571428571428571
2025-09-05,167.02000427246094,224441400,243.41000366210932,293.2799987792969,576.0599975585938,-2.7030171796929903,1.5956486474716327,172.31900024414062,139.21979988098144,1,3,3.3333333333333335,0.6160666666666667,0.0,0.3333333333333333,0.0,1.0
2025-09-06,167.02000427246094,0,243.41000366210932,293.2799987792969,576.0599975585938,0.0,1.5956486474716327,172.31900024414062,139.21979988098144,0,2,5.0,0.7801499999999999,0.0,0.0,0.0,1.0
2025-09-07,167.02000427246094,0,243.41000366210932,293.2799987792969,576.0599975585938,0.0,1.5956486474716327,172.31900024414062,139.21979988098144,0,4,3.0,0.346375,0.25,0.5,0.0,0.75
2025-09-08,168.30999755859375,163769100,247.19000244140625,296.5199890136719,578.8699951171875,0.7723585517507514,1.603910712127821,172.5848001098633,139.3514498901367,1,3,3.3333333333333335,0.5572,3.3333333333333335,0.0,0.0,1.0
2025-09-09,170.75999450683594,157548400,250.9199981689453,297.8099975585937,580.510009765625,1.4556455253879277,1.588031752643119,172.845,139.50449989318847,1,6,3.1666666666666665,0.35778333333333334,0.16666666666666666,0.16666666666666666,0.16666666666666666,0.8333333333333334
2025-09-10,177.3300018310547,226852000,260.44000244140625,300.8299865722656,580.7000122070312,3.84750968351415,1.7388908165296897,173.23179992675782,139.65609992980956,1,8,3.375,0.3878375,0.75,0.375,0.125,0.5
2025-09-11,177.1699981689453,151159300,258.9100036621094,303.92999267578125,584.0800170898438,-0.090229324117308,1.693392438674033,173.70919982910155,139.81249992370604,1,12,2.5,0.18858333333333333,8.5,0.5833333333333334,0.25,0.5833333333333334
2025-09-12,177.82000732421875,124911000,259.3299865722656,304.32000732421875,586.6599731445312,0.3668844397986648,1.688693452447846,174.12059997558595,139.96824996948243,1,3,2.3333333333333335,0.7518666666666666,1.0,0.6666666666666666,0.0,1.0
2025-09-13,177.82000732421875,0,259.3299865722656,304.32000732421875,586.6599731445312,0.0,1.688693452447846,174.12059997558595,139.96824996948243,0,5,2.2,-0.005659999999999998,4.8,0.6,0.2,0.4
2025-09-14,177.82000732421875,0,259.3299865722656,304.32000732421875,586.6599731445312,0.0,1.688693452447846,174.12059997558595,139.96824996948243,0,7,1.8571428571428572,-0.2161,1.1428571428571428,0.7142857142857143,0.5714285714285714,0.2857142857142857
2025-09-15,177.75,147061600,261.3800048828125,307.1700134277344,591.6799926757812,-0.0393697679311744,1.6297071927342173,174.48880004882812,140.14724998474122,1,2,2.0,0.8456,1.5,0.5,0.0,1.0
2025-09-16,174.8800048828125,140737800,262.0599975585937,307.2099914550781,591.1799926757812,-1.6146245385021074,1.5152521447235547,174.8216000366211,140.34154998779297,1,2,1.0,-0.3454,0.0,1.0,0.5,0.0
2025-09-17,170.2899932861328,211843800,262.7900085449219,305.25,590.0,-2.6246634655319623,1.577477128064128,175.02739990234377,140.5083999633789,1,1,5.0,0.3612,0.0,0.0,0.0,1.0
2025-09-18,176.24000549316406,191763300,268.6400146484375,316.9700012207031,595.3200073242188,3.4940468856755613,1.7067581239101306,175.2945999145508,140.71290000915528,1,1,4.0,0.3818,0.0,0.0,0.0,1.0
2025-09-19,176.6699981689453,237182100,264.8699951171875,315.7099914550781,599.3499755859375,0.2439813109276878,1.7010764935022569,175.54599975585938,140.905,1,4,3.5,0.28815,8.5,0.0,0.25,0.5
2025-09-20,176.6699981689453,0,264.8699951171875,315.7099914550781,599.3499755859375,0.0,1.7010764935022569,175.54599975585938,140.905,0,4,4.0,0.40602499999999997,0.75,0.25,0.0,0.75
2025-09-21,176.6699981689453,0,264.8699951171875,315.7099914550781,599.3499755859375,0.0,1.7010764935022569,175.54599975585938,140.905,0,5,3.4,0.53154,3.4,0.4,0.0,0.8
2025-09-22,183.6100006103516,269637000,272.6300048828125,322.1700134277344,602.2000122070312,3.928229191902566,1.8410243996829907,175.9197998046875,141.1298999786377,1,2,5.0,0.6038,0.0,0.0,0.0,1.0
2025-09-23,178.42999267578125,192559600,282.7099914550781,321.70001220703125,598.2000122070312,-2.8212014146021813,1.912638104057791,176.20699951171875,141.32074996948242,1,4,2.75,-0.16570000000000001,0.75,0.5,0.5,0.5
2025-09-24,176.97000122070312,143564100,280.7099914550781,321.1099853515625,596.0999755859375,-0.8182432970958109,1.913506310804436,176.33239959716798,141.4798999786377,1,3,4.333333333333333,0.10606666666666666,0.0,0.0,0.0,0.3333333333333333
2025-09-25,177.69000244140625,191586700,276.6600036621094,321.0599975585937,593.530029296875,0.4068493053832389,1.9101009489747829,176.45879974365235,141.64305000305177,1,5,2.4,0.14731999999999998,0.2,0.6,0.4,0.6
2025-09-26,178.19000244140625,148573700,273.3599853515625,321.82000732421875,595.969970703125,0.2813889319208451,1.9103529432682864,176.56259979248046,141.82180000305175,1,4,2.0,-0.09665000000000001,0.5,0.75,0.5,0.5
2025-09-27,178.19000244140625,0,273.3599853515625,321.82000732421875,595.969970703125,0.0,1.9103529432682864,176.56259979248046,141.82180000305175,0,9,1.8888888888888888,0.20756666666666665,0.7777777777777778,0.6666666666666666,0.2222222222222222,0.4444444444444444
2025-09-28,178.19000244140625,0,273.3599853515625,321.82000732421875,595.969970703125,0.0,1.9103529432682864,176.56259979248046,141.82180000305175,0,5,1.8,-0.4316,3.0,0.4,0.8,0.0
2025-09-29,181.8500061035156,193063500,273.2300109863281,322.6600036621094,598.72998046875,2.053989343938012,1.9417015126711008,176.7513998413086,142.03700004577638,1,1,5.0,0.6369,0.0,0.0,0.0,1.0
2025-09-30,186.5800018310547,236981000,279.2900085449219,326.3599853515625,600.3699951171875,2.601042380414653,1.9922328208592543,177.05539978027343,142.29455001831056,1,4,3.25,0.5203,0.25,0.25,0.0,0.75
2025-10-01,187.2400054931641,173844900,288.4700012207031,333.69000244140625,603.25,0.3537376222704669,1.872645588937921,177.45959991455078,142.5342000579834,1,4,2.75,0.465425,7.5,0.5,0.0,0.5
2025-10-02,188.88999938964844,136805800,288.1099853515625,338.239990234375,605.72998046875,0.8812186755381202,1.8749872514342285,177.82179992675782,142.7919500732422,1,3,2.0,0.0469,0.3333333333333333,0.6666666666666666,0.3333333333333333,0.3333333333333333
2025-10-03,187.6199951171875,137596900,292.19000244140625,336.67999267578125,603.1799926757812,-0.67235125023275,1.8806545696800228,178.09939971923828,143.05880004882812,1,4,1.0,-0.149425,0.5,1.0,0.25,0.0
2025-10-04,187.6199951171875,0,292.19000244140625,336.67999267578125,603.1799926757812,0.0,1.8806545696800228,178.09939971923828,143.05880004882812,0,5,1.4,-0.01708000000000002,2.8,0.8,0.6,0.4
2025-10-05,187.6199951171875,0,292.19000244140625,336.67999267578125,603.1799926757812,0.0,1.8806545696800228,178.09939971923828,143.05880004882812,0,5,1.8,-0.13389999999999996,1.0,0.8,0.4,0.4
2025-10-06,185.5399932861328,157678100,302.3999938964844,343.3800048828125,607.7100219726562,-1.1086248188821868,1.875297830200552,178.34019958496094,143.3265000152588,1,3,3.6666666666666665,0.3977,0.6666666666666666,0.3333333333333333,0.0,0.6666666666666666
2025-10-07,185.0399932861328,140088000,294.0299987792969,337.04998779296875,604.510009765625,-0.2694836790410604,1.8695268108170064,178.5059994506836,143.5997499847412,1,4,3.0,0.25497499999999995,1.25,0.5,0.25,0.5
2025-10-08,189.1100006103516,130168900,304.5199890136719,346.07000732421875,611.4400024414062,2.199528465138445,1.9002538024966849,178.7779995727539,143.90074996948243,1,1,5.0,0.9513,0.0,0.0,0.0,1.0
2025-10-09,192.57000732421875,182997200,299.8800048828125,345.2099914550781,610.7000122070312,1.8296265150970603,1.9240647373593145,179.04399963378907,144.2102000427246,1,2,3.0,0.31245,0.0,0.5,0.0,0.5
2025-10-10,183.16000366210932,268774400,280.6600036621094,325.3399963378906,589.5,-4.886536482426518,2.1319198797802272,179.1497998046875,144.45250007629394,1,6,3.1666666666666665,-0.24254999999999996,0.16666666666666666,0.3333333333333333,0.3333333333333333,0.3333333333333333
2025-10-11,183.16000366210932,0,280.6600036621094,325.3399963378906,589.5,0.0,2.1319198797802272,179.1497998046875,144.45250007629394,0,2,3.0,-0.31275,1.0,0.5,0.5,0.0
2025-10-12,183.16000366210932,0,280.6600036621094,325.3399963378906,589.5,0.0,2.1319198797802272,179.1497998046875,144.45250007629394,0,2,1.0,-0.38285,0.0,1.0,1.0,0.0
2025-10-13,188.32000732421875,153482800,302.8900146484375,339.75,602.010009765625,2.8172109406748413,2.088464530412999,179.44179992675782,144.6957501220703,1,1,2.0,0.0,0.0,0.0,0.0,0.0
2025-10-14,180.02999877929688,205641400,295.94000244140625,333.5,598.0,-4.402085929536681,2.222431172713477,179.44239990234374,144.89480010986327,1,0,,,,,,
2025-10-15,179.8300018310547,214450500,304.7099914550781,341.7799987792969,602.219970703125,-0.1110909012932759,2.222512723267853,179.47380004882814,145.09430015563964,1,2,1.0,-0.46565,0.0,1.0,1.0,0.0
2025-10-16,181.8099975585937,179723300,299.8399963378906,343.29998779296875,599.989990234375,1.1010374839450998,2.227446527245154,179.5216000366211,145.31830017089842,1,1,5.0,0.4404,0.0,0.0,0.0,1.0
2025-10-17,183.22000122070312,173135200,295.0799865722656,342.8299865722656,603.9299926757812,0.7755369237354204,2.1597794971371025,179.57059997558594,145.54695014953614,1,2,1.0,-0.148,0.5,1.0,0.5,0.0
2025-10-18,183.22000122070312,0,295.0799865722656,342.8299865722656,603.9299926757812,0.0,2.1597794971371025,179.57059997558594,145.54695014953614,0,7,2.0,-0.015614285714285716,0.5714285714285714,0.5714285714285714,0.42857142857142855,0.42857142857142855
2025-10-19,183.22000122070312,0,295.0799865722656,342.8299865722656,603.9299926757812,0.0,2.1597794971371025,179.57059997558594,145.54695014953614,0,2,2.5,0.041700000000000015,0.0,0.5,0.5,0.5
2025-10-20,182.63999938964844,128544700,297.70001220703125,347.2200012207031,611.5399780273438,-0.3165603248501347,2.161268278078908,179.56940002441405,145.78870018005372,1,3,3.6666666666666665,0.24573333333333333,0.3333333333333333,0.3333333333333333,0.3333333333333333,0.6666666666666666
2025-10-21,181.16000366210932,124240200,294.510009765625,345.29998779296875,611.3800048828125,-0.8103349389427028,2.158916723954085,179.55140014648438,146.0029502105713,1,6,4.166666666666667,0.46016666666666667,0.0,0.16666666666666666,0.16666666666666666,0.8333333333333334
2025-10-22,180.27999877929688,162249600,288.8800048828125,338.6000061035156,605.489990234375,-0.485761131057294,2.0500550944530698,179.49380004882812,146.18200019836425,1,4,2.5,0.14005,0.25,0.5,0.25,0.5
2025-10-23,182.16000366210932,111363700,290.7300109863281,344.79998779296875,610.5800170898438,1.0428249919804289,2.0573220664846668,179.5052001953125,146.3456502532959,1,4,3.5,0.276225,8.25,0.25,0.25,0.5
2025-10-24,186.259994506836,131296700,294.9599914550781,351.1400146484375,617.0999755859375,2.250763483915863,2.0937603938075298,179.59,146.57625022888183,1,4,2.75,0.556075,1.0,0.25,0.0,0.75
2025-10-25,186.259994506836,0,294.9599914550781,351.1400146484375,617.0999755859375,0.0,2.0937603938075298,179.59,146.57625022888183,0,3,2.3333333333333335,0.0892,0.3333333333333333,0.6666666666666666,0.3333333333333333,0.3333333333333333
2025-10-26,186.259994506836,0,294.9599914550781,351.1400146484375,617.0999755859375,0.0,2.0937603938075298,179.59,146.57625022888183,0,2,3.5,0.52235,0.0,0.0,0.0,1.0
2025-10-27,191.4900054931641,153452700,298.25,359.94000244140625,628.0900268554688,2.807908912579826,2.147504220395588,179.81080017089843,146.8331502532959,1,4,4.0,0.29075,0.0,0.25,0.0,0.5
2025-10-28,201.02999877929688,297986200,301.5299987792969,363.1099853515625,632.9199829101562,4.9819797443545255,2.281332507336056,180.19120025634768,147.15875022888184,1,3,2.3333333333333335,0.29846666666666666,0.0,0.6666666666666666,0.0,0.3333333333333333
2025-10-29,207.0399932861328,308829600,305.0899963378906,368.6099853515625,635.77001953125,2.9896008274039154,2.246968098621716,180.8192001342773,147.5278002166748,1,2,1.5,-0.07744999999999996,0.0,0.5,0.5,0.5
2025-10-30,202.88999938964844,178864400,303.2200012207031,363.7300109863281,626.0499877929688,-2.004440702791665,2.233553246272276,181.36900024414064,147.88345024108887,1,2,3.0,0.0401,0.0,0.5,0.0,0.5
2025-10-31,202.4900054931641,179802200,300.42999267578125,363.0199890136719,629.0700073242188,-0.197148157961291,2.2367102803631087,181.9192004394532,148.21470024108888,1,2,3.5,-0.28235,1.5,0.0,0.5,0.0
2025-11-01,202.4900054931641,0,300.42999267578125,363.0199890136719,629.0700073242188,0.0,2.2367102803631087,181.9192004394532,148.21470024108888,0,2,2.0,0.2481,1.5,0.5,0.5,0.5
2025-11-02,202.4900054931641,0,300.42999267578125,363.0199890136719,629.0700073242188,0.0,2.2367102803631087,181.9192004394532,148.21470024108888,0,4,2.25,-0.293025,1.25,0.5,0.75,0.25
2025-11-03,206.8800048828125,180267300,304.8599853515625,366.1000061035156,632.0800170898438,2.168007936469052,2.1650751151891163,182.4970004272461,148.58125022888183,1,3,5.0,0.6267666666666667,0.0,0.0,0.0,1.0
2025-11-04,198.69000244140625,188919300,294.04998779296875,352.760009765625,619.25,-3.958817792007252,2.2327298004112834,182.87460052490235,148.8861502075195,1,4,1.75,0.1147,0.0,0.75,0.0,0.25
2025-11-05,195.2100067138672,171350300,293.6400146484375,359.5,623.280029296875,-1.7514699706973502,2.2564238178889804,183.14340057373047,149.1580502319336,1,2,3.5,0.8662000000000001,4.5,0.0,0.0,1.0
2025-11-06,188.0800018310547,223029800,289.239990234375,351.0899963378906,611.6699829101562,-3.652479195527836,2.371799991130008,183.27300048828124,149.36310020446777,1,1,2.0,0.34,0.0,0.0,0.0,1.0
2025-11-07,188.1499938964844,264942300,286.5,348.1199951171875,609.739990234375,0.0372139859359244,2.371990153977488,183.43260040283204,149.56775016784667,1,3,1.0,-0.3361,0.3333333333333333,1.0,0.6666666666666666,0.0
2025-11-08,188.1499938964844,0,286.5,348.1199951171875,609.739990234375,0.0,2.371990153977488,183.43260040283204,149.56775016784667,0,3,4.333333333333333,0.04039999999999999,5.333333333333333,0.0,0.3333333333333333,0.6666666666666666
2025-11-09,188.1499938964844,0,286.5,348.1199951171875,609.739990234375,0.0,2.371990153977488,183.43260040283204,149.56775016784667,0,5,2.6,0.10482,0.2,0.4,0.4,0.4
2025-11-10,199.0500030517578,198897100,295.2699890136719,358.7900085449219,623.22998046875,5.79325512031128,2.562858827415155,183.9300006103516,149.84990020751954,1,3,4.333333333333333,0.5693333333333334,0.0,0.0,0.0,1.0
2025-11-11,193.16000366210932,176483300,291.1700134277344,351.04998779296875,621.5700073242188,-2.959055161690649,2.594072622533376,184.3776007080078,150.22360023498535,1,3,2.3333333333333335,0.5189333333333334,2.6666666666666665,0.6666666666666666,0.0,1.0
2025-11-12,193.8000030517578,154935300,290.6199951171875,355.5299987792969,621.0800170898438,0.3313312163567561,2.594014601199587,184.8412008666992,150.54765022277832,1,2,1.0,-0.1367,0.5,1.0,0.5,0.5
2025-11-13,186.8600006103516,207423100,282.20001220703125,344.82000732421875,608.4000244140625,-3.581012555274732,2.6770862869561345,185.14520080566408,150.86345024108886,1,2,1.0,0.2202,0.0,1.0,0.0,0.5
2025-11-14,190.1699981689453,186591900,284.82000732421875,344.9800109863281,608.8599853515625,1.771378330184148,2.69309687238742,185.6082006835937,151.1910502243042,1,1,1.0,-0.5849,0.0,1.0,1.0,0.0
2025-11-15,190.1699981689453,0,284.82000732421875,344.9800109863281,608.8599853515625,0.0,2.69309687238742,185.6082006835937,151.1910502243042,0,7,1.8571428571428572,0.33197142857142853,0.14285714285714285,0.5714285714285714,0.14285714285714285,0.8571428571428571
2025-11-16,190.1699981689453,0,284.82000732421875,344.9800109863281,608.8599853515625,0.0,2.69309687238742,185.6082006835937,151.1910502243042,0,4,2.75,-0.024375,12.25,0.5,0.25,0.5
2025-11-17,186.6000061035156,173628900,282.010009765625,340.29998779296875,603.6599731445312,-1.8772635535591389,2.7084085435068035,185.97400085449212,151.52370025634767,1,2,2.5,-0.55925,16.5,0.5,1.0,0.0
2025-11-18,181.3600006103516,213598900,277.9100036621094,333.2900085449219,596.3099975585938,-2.8081486183109683,2.758082583847498,186.1860009765625,151.84720024108887,1,3,2.3333333333333335,0.0,0.0,0.6666666666666666,0.3333333333333333,0.3333333333333333
2025-11-19,186.5200042724609,247246400,282.3699951171875,339.44000244140625,599.8699951171875,2.845171837639948,2.778524184168402,186.3698010253906,152.18655025482178,1,8,2.75,0.04765000000000001,2.5,0.375,0.375,0.375
2025-11-20,180.63999938964844,343504800,277.5,325.1000061035156,585.6699829101562,-3.152479491810023,2.813531184416833,186.4392010498047,152.46560024261476,1,2,3.0,-0.1706,0.0,0.5,0.5,0.0
2025-11-21,178.8800048828125,346926200,275.0599975585937,326.1300048828125,590.0700073242188,-0.9743105141622356,2.6748553621883286,186.46040100097656,152.7166003036499,1,1,5.0,0.6989,0.0,0.0,0.0,1.0
2025-11-22,178.8800048828125,0,275.0599975585937,326.1300048828125,590.0700073242188,0.0,2.6748553621883286,186.46040100097656,152.7166003036499,0,3,2.3333333333333335,0.5693,1.0,0.6666666666666666,0.0,1.0
2025-11-23,178.8800048828125,0,275.0599975585937,326.1300048828125,590.0700073242188,0.0,2.6748553621883286,186.46040100097656,152.7166003036499,0,4,3.5,0.294875,0.0,0.25,0.25,0.5
2025-11-24,182.5500030517578,256618300,284.6400146484375,339.1199951171875,605.1599731445312,2.051653660983299,2.6501523306754904,186.55640106201173,152.98015033721924,1,2,4.0,0.21075,0.0,0.0,0.0,0.5
2025-11-25,177.82000732421875,320600300,284.67999267578125,340.010009765625,608.8900146484375,-2.591068555719489,2.5674002511812195,186.61520111083985,153.20140033721924,1,3,2.3333333333333335,0.12566666666666668,0.0,0.6666666666666666,0.3333333333333333,0.3333333333333333
2025-11-26,180.259994506836,183852000,289.9599914550781,347.7099914550781,614.27001953125,1.3721668440651813,2.57962844128764,186.8146011352539,153.43870029449462,1,4,1.75,0.188075,0.25,0.5,0.25,0.75
2025-11-27,180.259994506836,0,289.9599914550781,347.7099914550781,614.27001953125,0.0,2.57962844128764,186.8146011352539,153.43870029449462,0,4,3.75,0.18175,21.5,0.0,0.25,0.5
2025-11-28,177.0,121332800,291.510009765625,352.2799987792969,619.25,-1.8084958427713185,2.5930202073970348,186.82980102539065,153.6680002975464,1,2,3.0,0.2498,15.5,0.5,0.5,0.5
2025-11-29,177.0,0,291.510009765625,352.2799987792969,619.25,0.0,2.5930202073970348,186.82980102539065,153.6680002975464,0,4,3.75,0.7066250000000001,0.25,0.25,0.0,1.0
2025-11-30,177.0,0,291.510009765625,352.2799987792969,619.25,0.0,2.5930202073970348,186.82980102539065,153.6680002975464,0,6,3.3333333333333335,0.5225166666666666,2.0,0.3333333333333333,0.0,0.8333333333333334
2025-12-01,179.9199981689453,188131000,287.67999267578125,352.9599914550781,617.1699829101562,1.6497164796301256,2.6075695750284704,186.89480102539065,153.89115032196045,1,2,1.0,-0.49035,0.0,1.0,0.5,0.0
2025-12-02,181.4600067138672,182632200,292.0899963378906,359.42999267578125,622.0,0.8559407295434696,2.6118766528922257,186.8518011474609,154.1042003250122,1,3,2.6666666666666665,-0.11313333333333332,0.0,0.3333333333333333,0.6666666666666666,0.3333333333333333
2025-12-03,179.58999633789062,165138000,295.45001220703125,364.3699951171875,623.52001953125,-1.030535824307155,2.6145730623750127,186.87500122070315,154.30515033721923,1,2,1.0,-0.2628,0.0,1.0,0.5,0.0
2025-12-04,183.3800048828125,167364900,292.92999267578125,361.6000061035156,622.9400024414062,2.110367293393756,2.640641572367054,187.00320129394527,154.52590038299562,1,2,1.0,0.1366,0.0,1.0,0.0,0.5
2025-12-05,182.41000366210932,143971100,294.7200012207031,364.4200134277344,625.47998046875,-0.5289569172620467,2.636683178838699,187.09760131835932,154.7374003982544,1,11,2.727272727272727,0.28354545454545454,0.7272727272727273,0.5454545454545454,0.09090909090909091,0.5454545454545454
2025-12-06,182.41000366210932,0,294.7200012207031,364.4200134277344,625.47998046875,0.0,2.636683178838699,187.09760131835932,154.7374003982544,0,4,2.25,-0.017424999999999996,0.5,0.5,0.25,0.25
2025-12-07,182.41000366210932,0,294.7200012207031,364.4200134277344,625.47998046875,0.0,2.636683178838699,187.09760131835932,154.7374003982544,0,2,2.5,0.21075,0.0,0.0,0.0,0.5
2025-12-08,185.5500030517578,204378100,301.8699951171875,368.5499877929688,624.280029296875,1.721396484079274,2.6231005290998297,187.2448013305664,154.99300045013428,1,5,2.6,0.36326,21.4,0.6,0.2,0.8
2025-12-09,184.97000122070312,144719700,303.4100036621094,369.0,625.0499877929688,-0.3125851907924248,2.5700865552829946,187.30720123291016,155.2664504623413,1,4,4.25,0.428775,0.25,0.0,0.25,0.75
2025-12-10,183.77999877929688,162785400,310.1400146484375,374.1000061035156,627.6099853515625,-0.6433488855235314,2.386405493621969,187.251201171875,155.5522004699707,1,8,3.125,0.18548749999999997,0.5,0.375,0.25,0.625
2025-12-11,180.92999267578125,182136600,304.8500061035156,370.8900146484375,625.5800170898438,-1.5507705530775515,2.315396716205465,187.12500091552727,155.80045043945313,1,8,2.125,-0.012262499999999996,1.875,0.625,0.375,0.375
2025-12-12,175.02000427246094,204274900,292.0400085449219,354.1199951171875,613.6199951171875,-3.2664503634346365,2.356233426602132,186.8476010131836,156.07480045318604,1,4,2.5,0.26565,3.75,0.25,0.25,0.75
2025-12-13,175.02000427246094,0,292.0400085449219,354.1199951171875,613.6199951171875,0.0,2.356233426602132,186.8476010131836,156.07480045318604,0,4,2.0,0.209475,1.75,0.75,0.25,0.5
2025-12-14,175.02000427246094,0,292.0400085449219,354.1199951171875,613.6199951171875,0.0,2.356233426602132,186.8476010131836,156.07480045318604,0,3,2.0,0.3910666666666667,3.0,0.3333333333333333,0.0,0.6666666666666666
2025-12-15,176.2899932861328,164775600,287.739990234375,352.8999938964844,610.5399780273438,0.7256250615185866,2.365848177676913,186.6210009765625,156.33165042877198,1,5,2.0,0.4051,2.2,0.6,0.2,0.8
2025-12-16,177.72000122070312,148588100,286.8699951171875,351.94000244140625,611.75,0.811167955658898,2.3270453497780643,186.4646011352539,156.64995044708252,1,6,1.8333333333333333,0.1884,4.333333333333333,0.5,0.3333333333333333,0.6666666666666666
2025-12-17,170.94000244140625,222775500,276.9599914550781,339.239990234375,600.4099731445312,-3.814989158635596,2.319765685754323,186.1826013183594,156.9247004699707,1,2,3.0,0.7353000000000001,0.0,0.5,0.0,1.0
2025-12-18,174.13999938964844,176096000,284.67999267578125,347.25,609.1099853515625,1.8720000599854008,2.345163087827243,185.8832012939453,157.20890045166016,1,6,2.8333333333333335,0.22209999999999996,0.3333333333333333,0.5,0.16666666666666666,0.6666666666666666
2025-12-19,180.9900054931641,324925900,288.95001220703125,356.2300109863281,617.0499877929688,3.933620149032113,2.385813101021794,185.65160125732424,157.56100048065184,1,7,2.142857142857143,0.12877142857142856,0.0,0.7142857142857143,0.14285714285714285,0.42857142857142855
2025-12-20,180.9900054931641,0,288.95001220703125,356.2300109863281,617.0499877929688,0.0,2.385813101021794,185.65160125732424,157.56100048065184,0,9,1.8888888888888888,0.12777777777777777,0.5555555555555556,0.6666666666666666,0.1111111111111111,0.5555555555555556
2025-12-21,180.9900054931641,0,288.95001220703125,356.2300109863281,617.0499877929688,0.0,2.385813101021794,185.65160125732424,157.56100048065184,0,3,2.3333333333333335,-0.032733333333333316,0.0,0.6666666666666666,0.3333333333333333,0.3333333333333333
2025-12-22,183.69000244140625,129064400,293.2799987792969,359.70001220703125,619.2100219726562,1.4917933953784823,2.40342547192876,185.6622012329101,157.91600048065186,1,3,2.6666666666666665,0.11860000000000002,0.3333333333333333,0.3333333333333333,0.3333333333333333,0.3333333333333333
2025-12-23,189.2100067138672,174873600,296.95001220703125,363.1600036621094,622.1099853515625,3.0050651636426062,2.2162109321138974,185.6800012207032,158.32715049743652,1,2,1.5,-0.3254,1.0,0.5,0.5,0.0
2025-12-24,188.6100006103516,65528500,298.79998779296875,364.1700134277344,623.9299926757812,-0.3171111898024437,2.152099048519909,185.8516012573242,158.72640048980713,1,2,3.0,-0.28595,1.0,0.5,0.5,0.0
2025-12-25,188.6100006103516,0,298.79998779296875,364.1700134277344,623.9299926757812,0.0,2.152099048519909,185.8516012573242,158.72640048980713,0,4,1.0,0.1724,0.25,1.0,0.5,0.5
2025-12-26,190.52999877929688,139740300,302.8399963378906,365.8599853515625,623.8900146484375,1.0179726222003582,2.160007890634205,186.06560119628907,159.10035049438477,1,5,1.8,-0.07503999999999998,4.6,0.6,0.6,0.4
2025-12-27,190.52999877929688,0,302.8399963378906,365.8599853515625,623.8900146484375,0.0,2.160007890634205,186.06560119628907,159.10035049438477,0,8,2.5,-0.0835125,1.125,0.625,0.625,0.25
2025-12-28,190.52999877929688,0,302.8399963378906,365.8599853515625,623.8900146484375,0.0,2.160007890634205,186.06560119628907,159.10035049438477,0,2,1.0,-0.1711,3.0,1.0,0.5,0.0
2025-12-29,188.22000122070312,120006100,300.9200134277344,364.2099914550781,620.8699951171875,-1.2124062212741429,2.067182950713155,186.1938012695313,159.463550491333,1,4,3.5,0.19142499999999998,0.0,0.25,0.0,0.5
2025-12-30,187.5399932861328,97687300,299.5799865722656,363.30999755859375,619.4299926757812,-0.3612835671873982,2.0422826887254284,186.28020111083984,159.79290046691895,1,4,1.75,0.141675,0.5,0.5,0.0,0.5
2025-12-31,186.5,120100500,303.8900146484375,360.1300048828125,614.3099975585938,-0.5545448029029565,2.015038970308558,186.35740112304688,160.12775047302247,1,7,2.7142857142857144,-0.01708571428571429,0.7142857142857143,0.42857142857142855,0.42857142857142855,0.2857142857142857
2026-01-01,186.5,0,303.8900146484375,360.1300048828125,614.3099975585938,0.0,2.015038970308558,186.35740112304688,160.12775047302247,0,4,4.25,0.42855,0.0,0.0,0.0,0.75
2026-01-02,188.8500061035156,148240500,319.6099853515625,373.2999877929688,613.1199951171875,1.2600568919654886,1.954270570981833,186.511201171875,160.49485050201417,1,5,2.0,0.34443999999999997,1.2,0.6,0.2,0.6
2026-01-03,188.8500061035156,0,319.6099853515625,373.2999877929688,613.1199951171875,0.0,1.954270570981833,186.511201171875,160.49485050201417,0,4,3.75,0.458975,1.0,0.0,0.0,0.75
2026-01-04,188.8500061035156,0,319.6099853515625,373.2999877929688,613.1199951171875,0.0,1.954270570981833,186.511201171875,160.49485050201417,0,6,1.6666666666666667,-0.03481666666666664,2.8333333333333335,0.8333333333333334,0.6666666666666666,0.16666666666666666
2026-01-05,188.1199951171875,183529700,322.25,377.5899963378906,617.989990234375,-0.3865559770900861,1.8887536855487053,186.6680010986328,160.84785049438477,1,4,3.5,0.157775,2.0,0.25,0.5,0.5
2026-01-06,187.2400054931641,176862600,327.42999267578125,387.6199951171875,623.4199829101562,-0.46778101576882,1.7931775490256436,186.7696011352539,161.1914005279541,1,5,2.0,0.16994,0.4,0.6,0.4,0.4
2026-01-07,189.1100006103516,153543200,318.67999267578125,385.0199890136719,624.02001953125,0.9987155855193386,1.7872517250250175,186.82660125732423,161.54845054626466,1,6,2.3333333333333335,0.12451666666666665,4.5,0.5,0.3333333333333333,0.6666666666666666
2026-01-08,185.0399932861328,172457000,318.010009765625,378.9800109863281,620.469970703125,-2.152190424135592,1.8018898833082864,186.6976010131836,161.86660049438476,1,2,1.5,-0.12615,1.0,0.5,0.5,0.0
2026-01-09,184.8600006103516,131327500,323.6300048828125,389.2200012207031,626.6500244140625,-0.0972723099394667,1.7314760107552452,186.3742010498047,162.1874504852295,1,2,4.5,0.51465,0.5,0.0,0.0,1.0
2026-01-10,184.8600006103516,0,323.6300048828125,389.2200012207031,626.6500244140625,0.0,1.7314760107552452,186.3742010498047,162.1874504852295,0,4,3.0,0.406875,0.0,0.25,0.0,0.5
2026-01-11,184.8600006103516,0,323.6300048828125,389.2200012207031,626.6500244140625,0.0,1.7314760107552452,186.3742010498047,162.1874504852295,0,3,2.3333333333333335,0.04463333333333334,0.0,0.6666666666666666,0.6666666666666666,0.3333333333333333
2026-01-12,184.94000244140625,137968500,331.7699890136719,390.6600036621094,627.1699829101562,0.0432769830090551,1.7159011044667785,185.93220123291016,162.54335048675537,1,1,5.0,0.7184,0.0,0.0,0.0,1.0
2026-01-13,185.8099975585937,160128900,331.2099914550781,391.5299987792969,626.239990234375,0.4704201934154994,1.6785484481056758,185.59060119628907,162.91525047302247,1,5,2.8,-0.036660000000000005,0.4,0.4,0.6,0.4
2026-01-14,183.13999938964844,159586100,327.1099853515625,388.3500061035156,619.5499877929688,-1.43695075831608,1.679680005859054,185.2036010742188,163.282600479126,1,2,1.0,0.3641,0.0,1.0,0.0,1.0
2026-01-15,187.0500030517578,206188600,341.6400146484375,396.4100036621094,621.780029296875,2.134980711554136,1.7160821257544934,184.80700103759764,163.6759505081177,1,2,3.0,-0.148,0.0,0.0,0.5,0.0
2026-01-16,186.22999572753903,187967200,342.3999938964844,400.3900146484375,621.260009765625,-0.4383893669287153,1.705821626353302,184.5578009033203,164.05635047912597,1,4,1.0,-0.133325,0.5,1.0,0.5,0.25
2026-01-17,186.22999572753903,0,342.3999938964844,400.3900146484375,621.260009765625,0.0,1.705821626353302,184.5578009033203,164.05635047912597,0,0,,,,,,
2026-01-18,186.22999572753903,0,342.3999938964844,400.3900146484375,621.260009765625,0.0,1.705821626353302,184.5578009033203,164.05635047912597,0,4,1.25,0.2552,1.5,0.75,0.25,0.5
2026-01-19,186.22999572753903,0,342.3999938964844,400.3900146484375,621.260009765625,0.0,1.705821626353302,184.5578009033203,164.05635047912597,0,2,3.0,0.4324,0.0,0.5,0.5,0.5
2026-01-20,178.07000732421875,223345300,327.1600036621094,390.3900146484375,608.0599975585938,-4.381672442960616,1.852123401817024,184.21500091552736,164.39460052490233,1,2,5.0,0.63375,0.0,0.0,0.0,1.0
2026-01-21,183.32000732421875,200381000,326.1199951171875,401.9299926757813,616.280029296875,2.9482786455111043,1.930293511783197,184.1198010253906,164.80220054626466,1,2,5.0,0.08205000000000001,0.0,0.0,0.5,0.5
2026-01-22,184.83999633789065,139636600,327.3699951171875,402.8200073242188,620.760009765625,0.8291451848916997,1.910177494844198,184.0536010742188,165.25485054016113,1,9,3.4444444444444446,0.43196666666666667,2.111111111111111,0.2222222222222222,0.1111111111111111,0.8888888888888888
2026-01-23,187.6699981689453,142748100,334.8699951171875,400.0899963378906,622.719970703125,1.5310549053903832,1.9291727287898937,183.8260009765625,165.7050005340576,1,5,2.6,-0.0873,0.8,0.6,0.4,0.2
2026-01-24,187.6699981689453,0,334.8699951171875,400.0899963378906,622.719970703125,0.0,1.9291727287898937,183.8260009765625,165.7050005340576,0,2,1.0,-0.5645,0.5,1.0,1.0,0.0
2026-01-25,187.6699981689453,0,334.8699951171875,400.0899963378906,622.719970703125,0.0,1.9291727287898937,183.8260009765625,165.7050005340576,0,3,2.3333333333333335,0.005733333333333331,1.3333333333333333,0.6666666666666666,0.3333333333333333,0.3333333333333333
2026-01-26,186.47000122070312,124799600,332.7099914550781,398.8200073242188,625.4600219726562,-0.639418639074063,1.9291230025134964,183.6922009277344,166.15585052490235,1,4,3.0,0.18755000000000002,2.25,0.5,0.25,0.75
2026-01-27,188.5200042724609,143711600,338.3399963378906,407.25,631.1300048828125,1.099374182623336,1.913122010757588,183.58660095214844,166.52680053710938,1,0,,,,,,
2026-01-28,191.5200042724609,148552700,342.29998779296875,416.6300048828125,633.219970703125,1.5913430575061005,1.8167101729607296,183.67980102539065,166.94655055999755,1,3,1.0,-0.1696,0.3333333333333333,1.0,0.6666666666666666,0.3333333333333333
2026-01-29,192.509994506836,171764400,339.54998779296875,417.5199890136719,629.4299926757812,0.5169121826911649,1.815489724460411,183.72660095214843,167.35445053100585,1,3,2.6666666666666665,0.09796666666666663,3.6666666666666665,0.3333333333333333,0.3333333333333333,0.6666666666666666
2026-01-30,191.1300048828125,179489500,330.5599975585937,403.4599914550781,621.8699951171875,-0.716840508753136,1.8223605523778736,183.8172009277344,167.75655055999755,1,4,3.0,0.08170000000000001,0.5,0.25,0.0,0.25
2026-01-31,191.1300048828125,0,330.5599975585937,403.4599914550781,621.8699951171875,0.0,1.8223605523778736,183.8172009277344,167.75655055999755,0,4,3.75,0.8629,0.25,0.25,0.0,1.0
2026-02-01,191.1300048828125,0,330.5599975585937,403.4599914550781,621.8699951171875,0.0,1.8223605523778736,183.8172009277344,167.75655055999755,0,2,3.0,0.33095,5.0,0.5,0.0,0.5
2026-02-02,185.6100006103516,165794100,341.3599853515625,407.9700012207031,626.1400146484375,-2.88808880418614,1.7576168575142683,183.9022009277344,168.1236005783081,1,3,2.3333333333333335,-0.015100000000000002,14.333333333333334,0.6666666666666666,0.3333333333333333,0.3333333333333333
2026-02-03,180.33999633789065,204019600,335.75,397.6799926757813,616.52001953125,-2.839288968876297,1.820715126926755,183.77860076904292,168.5028505706787,1,7,3.2857142857142856,0.3362142857142857,1.2857142857142858,0.42857142857142855,0.0,0.5714285714285714
2026-02-04,174.19000244140625,207014100,325.739990234375,382.0199890136719,605.75,-3.410221815110581,1.7854127851952646,183.64960083007813,168.8663505935669,1,6,1.8333333333333333,0.16395,42.166666666666664,0.6666666666666666,0.3333333333333333,0.6666666666666666
2026-02-05,171.8800048828125,206312900,330.7300109863281,381.0700073242188,597.030029296875,-1.3261367048724717,1.7722014714067449,183.5096008300781,169.2412005996704,1,3,2.3333333333333335,0.33949999999999997,0.3333333333333333,0.6666666666666666,0.0,0.6666666666666666
2026-02-06,185.41000366210932,231346200,348.8500061035156,401.6499938964844,609.6500244140625,7.871770069195438,2.23784098428453,183.56680084228515,169.6738006210327,1,8,3.25,0.4974,4.5,0.25,0.125,0.75
2026-02-07,185.41000366210932,0,348.8500061035156,401.6499938964844,609.6500244140625,0.0,2.23784098428453,183.56680084228515,169.6738006210327,0,4,2.5,0.41564999999999996,0.75,0.5,0.25,0.75
2026-02-08,185.41000366210932,0,348.8500061035156,401.6499938964844,609.6500244140625,0.0,2.23784098428453,183.56680084228515,169.6738006210327,0,6,2.8333333333333335,0.13855,1.3333333333333333,0.3333333333333333,0.16666666666666666,0.5
2026-02-09,190.0399932861328,196387400,355.4100036621094,406.6499938964844,614.3200073242188,2.4971627919608386,2.2844874836856626,183.81120056152344,170.11045059204102,1,1,2.0,0.9547,0.0,0.0,0.0,1.0
2026-02-10,188.5399932861328,136764800,361.9100036621094,404.760009765625,611.469970703125,-0.7893075420927542,2.281910655028644,183.97680053710937,170.5210005569458,1,6,2.6666666666666665,0.39976666666666666,0.16666666666666666,0.3333333333333333,0.0,0.6666666666666666
2026-02-11,190.0500030517578,144192700,374.0899963378906,414.7799987792969,613.1099853515625,0.8008962657240382,2.2749294521171506,184.23780059814453,170.91620056152342,1,2,4.0,0.38155,0.0,0.0,0.0,1.0
2026-02-12,186.94000244140625,189932500,368.1000061035156,406.1099853515625,600.6400146484375,-1.636411765541823,2.294837406435325,184.3782006835937,171.3072505569458,1,2,2.5,0.26315,3.0,0.5,0.5,0.5
2026-02-13,182.8099975585937,161888000,366.3599853515625,407.7200012207031,601.9199829101562,-2.209267587929442,2.3286213686554222,184.4052005004883,171.67620056152344,1,4,3.75,0.2374,0.25,0.25,0.25,0.5
2026-02-14,182.8099975585937,0,366.3599853515625,407.7200012207031,601.9199829101562,0.0,2.3286213686554222,184.4052005004883,171.67620056152344,0,2,2.0,0.49060000000000004,1.5,0.5,0.0,1.0
2026-02-15,182.8099975585937,0,366.3599853515625,407.7200012207031,601.9199829101562,0.0,2.3286213686554222,184.4052005004883,171.67620056152344,0,3,2.0,0.0896,0.0,0.6666666666666666,0.3333333333333333,0.3333333333333333
2026-02-16,182.8099975585937,0,366.3599853515625,407.7200012207031,601.9199829101562,0.0,2.3286213686554222,184.4052005004883,171.67620056152344,0,8,3.375,0.26275,8.25,0.25,0.25,0.625
2026-02-17,184.97000122070312,162276900,364.2000122070313,407.510009765625,601.2999877929688,1.181556638562431,2.3271528920315494,184.5128005981445,172.05645057678225,1,8,3.625,0.5382625,1.25,0.125,0.125,0.75
2026-02-18,187.97999572753903,164749100,362.260009765625,412.5499877929688,605.7899780273438,1.6272879315410993,2.345881841079326,184.60480041503905,172.43830055236816,1,2,1.0,0.0,0.0,1.0,0.0,0.0
2026-02-19,187.8999938964844,126554500,360.3900146484375,410.2000122070313,603.469970703125,-0.0425586939424404,2.3440933939502657,184.7146002197265,172.8053005218506,1,3,2.3333333333333335,0.14453333333333332,1.6666666666666667,0.6666666666666666,0.3333333333333333,0.6666666666666666
2026-02-20,189.82000732421875,178422300,370.5400085449219,415.0299987792969,608.8099975585938,1.0218272964884312,2.3444238178390244,184.8000003051758,173.18530055999756,1,1,4.0,0.4215,0.0,0.0,0.0,1.0
2026-02-21,189.82000732421875,0,370.5400085449219,415.0299987792969,608.8099975585938,0.0,2.3444238178390244,184.8000003051758,173.18530055999756,0,2,2.0,-0.21075,0.0,0.5,0.5,0.0
2026-02-22,189.82000732421875,0,370.5400085449219,415.0299987792969,608.8099975585938,0.0,2.3444238178390244,184.8000003051758,173.18530055999756,0,7,4.285714285714286,0.6061714285714286,0.42857142857142855,0.14285714285714285,0.0,0.8571428571428571
2026-02-23,191.5500030517578,171584800,370.0400085449219,412.8800048828125,601.4099731445312,0.9113874516842646,2.312201854237044,184.93160034179687,173.57535057067872,1,4,2.0,-0.06837499999999999,0.75,0.75,0.75,0.25
2026-02-24,192.8500061035156,175123600,385.75,419.1600036621094,607.8699951171875,0.6786755578419568,2.3137859927326105,185.11300048828124,173.95430061340332,1,4,4.0,0.62115,0.25,0.25,0.0,0.75
2026-02-25,195.5599975585937,250637100,387.7300109863281,426.1600036621094,616.6799926757812,1.4052327556699715,2.3246169935027656,185.4056005859375,174.34525058746337,1,3,2.3333333333333335,0.15903333333333336,1.6666666666666667,0.6666666666666666,0.3333333333333333,0.3333333333333333
2026-02-26,184.88999938964844,360807900,376.80999755859375,412.010009765625,609.239990234375,-5.456125128938172,2.543433951738755,185.60300048828125,174.68645057678222,1,1,1.0,-0.7783,0.0,1.0,1.0,0.0
2026-02-27,177.19000244140625,311636500,374.5799865722656,406.3699951171875,607.2899780273438,-4.164636796831145,2.6438824458324226,185.62100067138672,174.95740058898926,1,5,4.0,0.52512,0.2,0.2,0.2,0.8
2026-02-28,177.19000244140625,0,374.5799865722656,406.3699951171875,607.2899780273438,0.0,2.6438824458324226,185.62100067138672,174.95740058898926,0,6,3.0,0.15356666666666666,0.3333333333333333,0.5,0.3333333333333333,0.5
2026-03-01,177.19000244140625,0,374.5799865722656,406.3699951171875,607.2899780273438,0.0,2.6438824458324226,185.62100067138672,174.95740058898926,0,4,3.75,0.2248,0.75,0.25,0.25,0.5
2026-03-02,182.47999572753903,209095300,369.1099853515625,406.3900146484375,608.0900268554688,2.985491965260345,2.6728143061725285,185.71620056152344,175.22015060424803,1,3,2.3333333333333335,-0.33066666666666666,3.6666666666666665,0.6666666666666666,0.6666666666666666,0.3333333333333333
2026-03-03,180.0500030517578,178099400,353.1300048828125,391.05999755859375,601.5800170898438,-1.3316488013346284,2.682271610689726,185.89840057373047,175.4437006378174,1,6,1.8333333333333333,-0.03963333333333333,0.0,0.6666666666666666,0.5,0.3333333333333333
2026-03-04,183.0399932861328,177731200,357.44000244140625,399.1000061035156,610.75,1.6606443675068805,2.572566307441683,186.07640045166016,175.68475059509277,1,3,5.0,0.6777000000000001,0.0,0.0,0.0,1.0
2026-03-05,183.33999633789065,198779700,353.8599853515625,395.3500061035156,608.9099731445312,0.1639002746732121,2.516766060003292,186.1234002685547,175.9244506072998,1,2,2.5,0.10475000000000001,0.0,0.5,0.5,0.5
2026-03-06,177.82000732421875,189021900,338.8900146484375,380.55999755859375,599.75,-3.010793675101142,2.5718072900198834,186.0060003662109,176.1357006072998,1,0,,,,,,
2026-03-07,177.82000732421875,0,338.8900146484375,380.55999755859375,599.75,0.0,2.5718072900198834,186.0060003662109,176.1357006072998,0,3,1.0,-0.13396666666666665,0.0,1.0,0.3333333333333333,0.0
2026-03-08,177.82000732421875,0,338.8900146484375,380.55999755859375,599.75,0.0,2.5718072900198834,186.0060003662109,176.1357006072998,0,2,1.0,0.0636,0.0,1.0,0.0,0.5
2026-03-09,182.6499938964844,177213600,348.70001220703125,394.3699951171875,607.760009765625,2.716222232214349,2.606549557443671,185.8748001098633,176.37705055236816,1,5,2.2,0.25057999999999997,3.6,0.6,0.2,0.8
2026-03-10,184.7700042724609,179118500,347.0899963378906,397.3299865722656,607.77001953125,1.1606955635476537,2.613407090411593,185.79800018310547,176.6419005584717,1,3,3.3333333333333335,0.33549999999999996,0.3333333333333333,0.0,0.3333333333333333,0.6666666666666666
2026-03-11,186.02999877929688,145280400,354.5599975585937,401.0299987792969,607.6900024414062,0.6819258958169261,2.608471043180414,185.70800018310547,176.9079005432129,1,3,1.6666666666666667,-0.05663333333333331,1.0,0.6666666666666666,0.3333333333333333,0.6666666666666666
2026-03-12,183.13999938964844,155762700,336.7099914550781,388.1300048828125,597.260009765625,-1.5535125563684415,2.605020543477368,185.6064001464844,177.16715057373048,1,3,2.3333333333333335,-0.038966666666666684,0.3333333333333333,0.6666666666666666,0.6666666666666666,0.3333333333333333
2026-03-13,180.25,160988400,338.3099975585937,387.3299865722656,593.719970703125,-1.5780274103308731,2.615514931182464,185.46060028076167,177.39090057373048,1,3,3.3333333333333335,0.45050000000000007,1.6666666666666667,0.0,0.0,1.0
2026-03-14,180.25,0,338.3099975585937,387.3299865722656,593.719970703125,0.0,2.615514931182464,185.46060028076167,177.39090057373048,0,3,3.6666666666666665,-0.25146666666666667,1.0,0.3333333333333333,0.6666666666666666,0.3333333333333333
2026-03-15,180.25,0,338.3099975585937,387.3299865722656,593.719970703125,0.0,2.615514931182464,185.46060028076167,177.39090057373048,0,6,2.5,0.04034999999999999,2.0,0.5,0.5,0.3333333333333333
2026-03-16,183.22000122070312,217307400,340.2300109863281,393.9200134277344,600.3800048828125,1.647712189016981,2.6345336676395217,185.39500030517576,177.63295059204103,1,2,2.5,0.2792,0.0,0.0,0.5,0.5
2026-03-17,181.92999267578125,182497800,345.9800109863281,396.8800048828125,603.3099975585938,-0.704076266961684,2.584751674843102,185.25660003662108,177.8466505432129,1,2,2.5,0.3673,0.5,0.5,0.0,0.5
2026-03-18,180.3999938964844,156683100,339.57000732421875,393.6700134277344,594.9000244140625,-0.8409821584632771,2.535257424954976,185.10220001220705,178.07300048828125,1,3,5.0,0.5392333333333333,0.0,0.0,0.0,0.6666666666666666
2026-03-19,178.55999755859375,170968500,338.7900085449219,394.9200134277344,593.02001953125,-1.0199536586162128,2.459785913705116,184.92859985351564,178.27890045166015,1,4,2.25,-0.18242499999999998,0.25,0.5,0.5,0.25
2026-03-20,172.6999969482422,241323500,329.239990234375,384.739990234375,582.0599975585938,-3.2818104225324163,2.5242727749477334,184.60039978027345,178.43630043029785,1,16,1.75,-0.002506249999999992,3.3125,0.625,0.375,0.375
2026-03-21,172.6999969482422,0,329.239990234375,384.739990234375,582.0599975585938,0.0,2.5242727749477334,184.60039978027345,178.43630043029785,0,4,2.0,0.277875,1.0,0.25,0.0,0.5
2026-03-22,172.6999969482422,0,329.239990234375,384.739990234375,582.0599975585938,0.0,2.5242727749477334,184.60039978027345,178.43630043029785,0,5,3.2,0.34516,0.0,0.2,0.0,0.6
2026-03-23,175.63999938964844,182836300,338.45001220703125,391.3599853515625,588.0,1.7023755028133358,2.076338680722004,184.4123999023437,178.60490043640138,1,4,4.0,0.6879500000000001,0.25,0.0,0.0,1.0
2026-03-24,175.1999969482422,147667800,343.25,394.5899963378906,583.97998046875,-0.2505138026276832,2.014813099842576,184.2191998291016,178.78095039367676,1,0,,,,,,
2026-03-25,178.67999267578125,162602100,347.75,399.0199890136719,587.8200073242188,1.9862989658425256,2.052605296869126,184.09399963378905,178.9657503509521,1,4,1.25,-0.00032499999999999196,3.75,0.75,0.5,0.5
2026-03-26,171.24000549316406,186152200,326.1099853515625,380.8399963378906,573.7899780273438,-4.163861365338873,2.1694236683909427,183.8025997924805,179.1088003540039,1,1,1.0,0.8802,8.0,1.0,0.0,1.0
2026-03-27,167.52000427246094,196212700,326.739990234375,374.25,562.5800170898438,-2.172390271764868,2.182772444550612,183.49019989013672,179.22660034179688,1,2,4.5,0.6657500000000001,1.0,0.0,0.0,1.0
2026-03-28,167.52000427246094,0,326.739990234375,374.25,562.5800170898438,0.0,2.182772444550612,183.49019989013672,179.22660034179688,0,2,2.5,0.035050000000000026,0.0,0.5,0.5,0.5
2026-03-29,167.52000427246094,0,326.739990234375,374.25,562.5800170898438,0.0,2.182772444550612,183.49019989013672,179.22660034179688,0,3,4.0,0.7111333333333333,2.6666666666666665,0.0,0.0,1.0
2026-03-30,165.1699981689453,185627000,316.5,362.5299987792969,558.280029296875,-1.4028211816980884,2.163862687052842,183.0525997924805,179.33830032348632,1,1,5.0,0.9633,1.0,0.0,0.0,1.0
2026-03-31,174.39999389648438,226181300,337.95001220703125,383.3999938964844,577.1799926757812,5.588179348466227,2.405060092616296,182.81599975585937,179.48530029296876,1,3,3.6666666666666665,0.24326666666666666,4.333333333333333,0.3333333333333333,0.3333333333333333,0.6666666666666666
2026-04-01,175.75,168132000,341.489990234375,391.9700012207031,584.3099975585938,0.7740860956204632,2.3880849746620343,182.769599609375,179.65420028686523,1,1,2.0,0.6369,2.0,0.0,0.0,1.0
2026-04-02,177.38999938964844,143143200,339.0400085449219,392.3200073242188,584.97998046875,0.9331433227018238,2.396878875081081,182.6509994506836,179.81770027160644,1,2,1.0,-0.1692,0.0,1.0,0.5,0.0
2026-04-03,177.38999938964844,0,339.0400085449219,392.3200073242188,584.97998046875,0.0,2.396878875081081,182.6509994506836,179.81770027160644,0,4,3.0,0.608375,1.25,0.5,0.0,1.0
2026-04-04,177.38999938964844,0,339.0400085449219,392.3200073242188,584.97998046875,0.0,2.396878875081081,182.6509994506836,179.81770027160644,0,8,3.125,0.27,0.75,0.375,0.25,0.625
2026-04-05,177.38999938964844,0,339.0400085449219,392.3200073242188,584.97998046875,0.0,2.396878875081081,182.6509994506836,179.81770027160644,0,8,2.625,-0.06311249999999999,2.25,0.5,0.375,0.25
2026-04-06,177.63999938964844,107564300,341.760009765625,395.9800109863281,588.5,0.1409324093016417,2.3872299898079943,182.5069995117188,179.98530029296876,1,3,2.6666666666666665,0.006433333333333328,0.0,0.3333333333333333,0.3333333333333333,0.3333333333333333
2026-04-07,178.10000610351562,132534900,345.32000732421875,399.8999938964844,588.5900268554688,0.2589544671513843,2.3797809309589364,182.31559967041017,180.14840034484865,1,3,3.0,0.15796666666666667,2.0,0.3333333333333333,0.3333333333333333,0.6666666666666666
2026-04-08,182.0800018310547,147732700,365.8999938964844,422.9200134277344,606.0900268554688,2.234697131467711,2.416599707424884,182.2277996826172,180.33955032348632,1,4,2.0,0.102275,0.75,0.75,0.25,0.5
2026-04-09,183.91000366210932,116428500,365.489990234375,430.30999755859375,610.1900024414062,1.0050537196021558,2.408736326334216,182.13559967041016,180.53825035095213,1,0,,,,,,
2026-04-10,188.6300048828125,160459500,370.6000061035156,436.8800048828125,611.0700073242188,2.5664733438725884,2.2419214625476056,182.0777996826172,180.7419004058838,1,2,4.0,0.29025,0.0,0.0,0.5,0.5
2026-04-11,188.6300048828125,0,370.6000061035156,436.8800048828125,611.0700073242188,0.0,2.2419214625476056,182.0777996826172,180.7419004058838,0,7,4.0,0.4753714285714286,1.0,0.14285714285714285,0.0,1.0
2026-04-12,188.6300048828125,0,370.6000061035156,436.8800048828125,611.0700073242188,0.0,2.2419214625476056,182.0777996826172,180.7419004058838,0,4,3.5,0.25492499999999996,7.25,0.25,0.25,0.5
2026-04-13,189.3099975585937,133648200,369.5700073242188,443.3399963378906,617.3900146484375,0.3604901967763307,2.093003404490464,182.0137997436524,180.91690040588372,1,2,3.0,-0.14839999999999998,0.5,0.5,0.5,0.5
2026-04-14,196.509994506836,161307000,379.8900146484375,452.0,628.5999755859375,3.8032840531909473,2.134875488880907,182.1213995361328,181.12435035705568,1,4,3.75,0.39959999999999996,0.0,0.25,0.0,0.5
2026-04-15,198.8699951171875,185338400,375.1000061035156,453.0,637.4000244140625,1.2009570384825752,2.119409333327946,182.3865994262696,181.3299503326416,1,7,3.7142857142857144,0.28922857142857145,1.5714285714285714,0.2857142857142857,0.14285714285714285,0.7142857142857143
2026-04-16,198.3500061035156,134012900,363.3500061035156,454.7999877929688,640.469970703125,-0.2614718290536832,2.1075536338332728,182.74679962158203,181.5317503356933,1,16,2.625,0.10530625,0.4375,0.5,0.1875,0.4375
2026-04-17,201.67999267578125,160324400,370.5,464.1600036621094,648.8499755859375,1.6788436953854902,2.12253645605056,183.29659942626952,181.77365028381348,1,16,2.5625,0.14156875,1.0,0.5,0.375,0.5
2026-04-18,201.67999267578125,0,370.5,464.1600036621094,648.8499755859375,0.0,2.12253645605056,183.29659942626952,181.77365028381348,0,10,2.9,0.16103,0.8,0.5,0.2,0.6
2026-04-19,201.67999267578125,0,370.5,464.1600036621094,648.8499755859375,0.0,2.12253645605056,183.29659942626952,181.77365028381348,0,6,3.5,0.4185833333333333,6.5,0.3333333333333333,0.16666666666666666,0.8333333333333334
2026-04-20,202.0599975585937,119381400,366.239990234375,463.9599914550781,646.7899780273438,0.1884197226362349,2.026578894127564,183.9001992797852,181.99770027160645,1,11,2.727272727272727,0.2782181818181818,0.7272727272727273,0.5454545454545454,0.36363636363636365,0.5454545454545454
2026-04-21,199.8800048828125,107945300,368.0799865722656,464.6600036621094,644.3300170898438,-1.078883847432044,1.9982733489507265,184.1895993041992,182.20040031433103,1,8,3.0,0.426375,0.25,0.25,0.125,0.625
2026-04-22,202.5,107501000,387.4400024414063,476.8299865722656,655.1099853515625,1.3107839969903834,2.0006368446971416,184.43879943847656,182.42170028686525,1,7,2.857142857142857,0.1601714285714286,3.0,0.42857142857142855,0.2857142857142857,0.42857142857142855
2026-04-23,199.63999938964844,113561800,382.6600036621094,481.8500061035156,651.4199829101562,-1.4123459804205265,2.0241580862984945,184.66079956054688,182.61990028381348,1,9,2.5555555555555554,0.3028777777777778,0.5555555555555556,0.4444444444444444,0.1111111111111111,0.6666666666666666
2026-04-24,208.2700042724609,214134400,402.4599914550781,506.4400024414063,663.8800048828125,4.322783464835034,2.124897140865061,185.0251995849609,182.8468502807617,1,8,4.0,0.26755,0.5,0.125,0.25,0.625
2026-04-25,208.2700042724609,0,402.4599914550781,506.4400024414063,663.8800048828125,0.0,2.124897140865061,185.0251995849609,182.8468502807617,0,10,3.3,0.32068,0.1,0.4,0.2,0.6
2026-04-26,208.2700042724609,0,402.4599914550781,506.4400024414063,663.8800048828125,0.0,2.124897140865061,185.0251995849609,182.8468502807617,0,8,3.5,0.28495000000000004,0.375,0.375,0.25,0.75
2026-04-27,216.6100006103516,187172400,404.9800109863281,506.260009765625,664.22998046875,4.004415502378422,2.184657414090139,185.61859954833983,183.1094002532959,1,8,3.0,-0.008662500000000004,0.75,0.5,0.375,0.25
2026-04-28,213.1699981689453,180275400,392.3399963378906,491.2099914550781,657.5499877929688,-1.588108781548958,2.212749554570405,186.22579956054688,183.3506502532959,1,7,2.0,0.013657142857142859,0.2857142857142857,0.5714285714285714,0.14285714285714285,0.2857142857142857
2026-04-29,209.25,123711800,393.8299865722656,499.5799865722656,661.5700073242188,-1.838907070702589,2.2440428099175183,186.7113995361328,183.5765502166748,1,9,2.0,-0.05701111111111111,0.5555555555555556,0.6666666666666666,0.3333333333333333,0.2222222222222222
2026-04-30,199.57000732421875,225239200,396.05999755859375,506.7200012207031,667.739990234375,-4.626041900014933,2.420979240714124,186.9431997680664,183.7209002685547,1,7,3.142857142857143,0.12034285714285715,1.0,0.42857142857142855,0.2857142857142857,0.5714285714285714
2026-05-01,198.4499969482422,128647000,397.6700134277344,509.8200073242188,674.1500244140625,-0.5612117727474941,2.413363880520997,187.1541998291016,183.85630027770995,1,8,2.375,0.0077999999999999875,1.25,0.5,0.25,0.5
2026-05-02,198.4499969482422,0,397.6700134277344,509.8200073242188,674.1500244140625,0.0,2.413363880520997,187.1541998291016,183.85630027770995,0,8,3.5,0.43361249999999996,0.625,0.375,0.125,0.625
2026-05-03,198.4499969482422,0,397.6700134277344,509.8200073242188,674.1500244140625,0.0,2.413363880520997,187.1541998291016,183.85630027770995,0,12,3.1666666666666665,0.06774999999999999,1.0833333333333333,0.4166666666666667,0.25,0.5
2026-05-04,198.47999572753903,125368100,401.6099853515625,506.7900085449219,672.8800048828125,0.015116543088034,2.313845874037347,187.327399597168,183.98370025634765,1,6,3.3333333333333335,0.5535333333333333,1.3333333333333333,0.3333333333333333,0.0,0.8333333333333334
2026-05-05,196.5,113406600,394.4100036621094,522.6900024414062,681.6099853515625,-0.9975794891980304,2.317594004241027,187.4263995361328,184.1041502380371,1,7,3.5714285714285716,0.3289857142857143,0.7142857142857143,0.2857142857142857,0.14285714285714285,0.5714285714285714
2026-05-06,207.8300018310547,188362800,419.5,549.760009765625,695.77001953125,5.765904239722497,2.511502299050688,187.7259994506836,184.28640022277835,1,7,4.428571428571429,0.40664285714285714,0.14285714285714285,0.0,0.14285714285714285,0.5714285714285714
2026-05-07,211.5,168307900,414.1499938964844,540.0999755859375,694.9400024414062,1.7658654364679505,2.507629633831465,188.04479949951173,184.50875022888184,1,4,4.75,0.40617500000000006,2.5,0.0,0.25,0.75
2026-05-08,215.1999969482422,136421400,411.6799926757813,566.5399780273438,711.22998046875,1.7494075405400489,2.348089569382874,188.6509994506836,184.73085021972656,1,6,2.8333333333333335,-0.027883333333333326,0.3333333333333333,0.3333333333333333,0.3333333333333333,0.5
2026-05-09,215.1999969482422,0,411.6799926757813,566.5399780273438,711.22998046875,0.0,2.348089569382874,188.6509994506836,184.73085021972656,0,3,3.3333333333333335,0.3061333333333333,0.0,0.3333333333333333,0.0,0.3333333333333333
2026-05-10,215.1999969482422,0,411.6799926757813,566.5399780273438,711.22998046875,0.0,2.348089569382874,188.6509994506836,184.73085021972656,0,10,2.2,0.20024999999999998,2.0,0.6,0.1,0.4
2026-05-11,219.44000244140625,160685800,404.5400085449219,576.3099975585938,713.2899780273438,1.970262803574219,2.288876285263408,189.4959994506836,184.95935020446777,1,2,2.5,0.2085,1.0,0.5,0.5,0.5
2026-05-12,220.77999877929688,159176600,397.2799987792969,561.25,707.239990234375,0.6106436032548013,2.2472851003361978,190.2619995117188,185.1957501983643,1,9,3.888888888888889,0.32885555555555557,0.0,0.2222222222222222,0.2222222222222222,0.7777777777777778
2026-05-13,225.8300018310547,150405400,399.7999877929688,572.4600219726562,714.7100219726562,2.287346263103318,2.0900058786893254,191.1775994873047,185.4411502075196,1,4,2.0,-0.11592500000000001,1.0,0.5,0.5,0.5
2026-05-14,235.7400054931641,180782900,417.7200012207031,578.3400268554688,719.7899780273438,4.388258239276421,2.185316943692164,192.2315997314453,185.7423002624512,1,6,2.6666666666666665,-0.0796,0.5,0.5,0.3333333333333333,0.3333333333333333
2026-05-15,225.32000732421875,180977600,404.3500061035156,556.3400268554688,708.9299926757812,-4.420122985552178,2.3995774669524788,193.07119995117188,185.97255027771,1,9,2.6666666666666665,0.30993333333333334,0.7777777777777778,0.4444444444444444,0.2222222222222222,0.5555555555555556
2026-05-16,225.32000732421875,0,404.3500061035156,556.3400268554688,708.9299926757812,0.0,2.3995774669524788,193.07119995117188,185.97255027771,0,9,2.2222222222222223,0.22677777777777777,0.6666666666666666,0.6666666666666666,0.0,0.3333333333333333
2026-05-17,225.32000732421875,0,404.3500061035156,556.3400268554688,708.9299926757812,0.0,2.3995774669524788,193.07119995117188,185.97255027771,0,7,2.4285714285714284,0.1522857142857143,2.2857142857142856,0.42857142857142855,0.2857142857142857,0.42857142857142855
2026-05-18,222.32000732421875,146280900,395.9500122070313,546.1599731445312,705.8800048828125,-1.3314396868819631,2.4289948113587663,193.96119995117184,186.19480033874515,1,3,1.6666666666666667,-0.2266,3.0,0.6666666666666666,0.6666666666666666,0.3333333333333333
2026-05-19,220.6100006103516,140948200,392.6099853515625,543.9600219726562,701.530029296875,-0.769164563481417,2.443793803900409,194.72040008544923,186.42925033569333,1,8,2.5,0.27995,1.625,0.5,0.25,0.625
2026-05-20,223.47000122070312,184201600,401.6199951171875,564.6599731445312,713.1500244140625,1.296405694410474,2.430033549984384,195.4944000244141,186.64660034179687,1,7,2.2857142857142856,0.13885714285714287,3.2857142857142856,0.5714285714285714,0.42857142857142855,0.42857142857142855
2026-05-21,219.509994506836,203381800,407.1499938964844,567.8800048828125,714.510009765625,-1.7720529342800773,2.471093586945749,196.16399993896485,186.85285034179688,1,6,2.0,0.15486666666666668,1.3333333333333333,0.6666666666666666,0.3333333333333333,0.5
2026-05-22,215.3300018310547,169275700,404.5199890136719,576.3200073242188,717.5399780273438,-1.904237975665879,2.484489975278948,196.80779998779292,187.03240036010743,1,5,3.4,0.1837,0.2,0.4,0.4,0.4
2026-05-23,215.3300018310547,0,404.5199890136719,576.3200073242188,717.5399780273438,0.0,2.484489975278948,196.80779998779292,187.03240036010743,0,7,3.7142857142857144,0.33844285714285716,2.0,0.14285714285714285,0.2857142857142857,0.5714285714285714
2026-05-24,215.3300018310547,0,404.5199890136719,576.3200073242188,717.5399780273438,0.0,2.484489975278948,196.80779998779292,187.03240036010743,0,10,2.3,0.33091,2.4,0.5,0.2,0.8
2026-05-25,215.3300018310547,0,404.5199890136719,576.3200073242188,717.5399780273438,0.0,2.484489975278948,196.80779998779292,187.03240036010743,0,5,2.6,0.16628,0.8,0.6,0.2,0.4
2026-05-26,214.8600006103516,187202600,412.3200073242188,602.1400146484375,730.280029296875,-0.218270197699566,2.487630113574197,197.5,187.20285034179688,1,9,2.4444444444444446,0.22926666666666667,0.2222222222222222,0.4444444444444444,0.2222222222222222,0.6666666666666666
2026-05-27,212.6000061035156,167601200,422.7300109863281,595.5,729.4500122070312,-1.0518451551782435,2.4191164731039065,198.08760009765624,187.35235038757324,1,8,3.375,0.08558750000000001,1.75,0.25,0.25,0.375
2026-05-28,214.25,143996000,424.8599853515625,599.8300170898438,735.5999755859375,0.7761024690098095,2.4148443162694826,198.73400024414065,187.51330039978023,1,5,2.4,0.39552,0.0,0.4,0.0,0.6
2026-05-29,211.13999938964844,289410600,418.4500122070313,598.9299926757812,738.3099975585938,-1.4515755474219685,2.4336905873696306,199.3488003540039,187.653200378418,1,3,1.3333333333333333,-0.14953333333333335,0.3333333333333333,0.6666666666666666,0.6666666666666666,0.3333333333333333
2026-05-30,211.13999938964844,0,418.4500122070313,598.9299926757812,738.3099975585938,0.0,2.4336905873696306,199.3488003540039,187.653200378418,0,10,2.3,0.15913,0.5,0.5,0.2,0.4
2026-05-31,211.13999938964844,0,418.4500122070313,598.9299926757812,738.3099975585938,0.0,2.4336905873696306,199.3488003540039,187.653200378418,0,10,2.2,0.31474,1.3,0.5,0.2,0.7
2026-06-01,224.3600006103516,212850700,435.6300048828125,607.8099975585938,742.739990234375,6.261249056985307,2.660540113844601,200.26480041503908,187.86705039978028,1,4,3.0,0.3932,0.0,0.25,0.0,0.5
2026-06-02,222.82000732421875,193362900,446.6900024414063,632.2100219726562,746.1599731445312,-0.6863938678656645,2.667607101752665,201.2672006225586,188.07105041503905,1,7,2.4285714285714284,0.08664285714285715,0.8571428571428571,0.42857142857142855,0.2857142857142857,0.5714285714285714
2026-06-03,214.75,160907000,436.6900024414063,637.9000244140625,744.2100219726562,-3.621760640406191,2.7539248863578334,202.0494006347656,188.24255043029785,1,9,3.2222222222222223,0.15005555555555558,0.7777777777777778,0.4444444444444444,0.2222222222222222,0.4444444444444444
2026-06-04,218.66000366210932,169022200,444.9200134277344,627.530029296875,740.6099853515625,1.820723474788988,2.7620951087364056,202.91860076904297,188.42580047607424,1,6,2.1666666666666665,0.1328,0.16666666666666666,0.6666666666666666,0.16666666666666666,0.6666666666666666
2026-06-05,205.1000061035156,219655500,415.1700134277344,569.6900024414062,705.0599975585938,-6.2014073591381225,2.9927984352664456,203.4470010375977,188.57310050964355,1,6,2.6666666666666665,0.20943333333333336,0.5,0.5,0.5,0.5
2026-06-06,205.1000061035156,0,415.1700134277344,569.6900024414062,705.0599975585938,0.0,2.9927984352664456,203.4470010375977,188.57310050964355,0,7,3.7142857142857144,0.15442857142857142,0.14285714285714285,0.2857142857142857,0.14285714285714285,0.5714285714285714
2026-06-07,205.1000061035156,0,415.1700134277344,569.6900024414062,705.0599975585938,0.0,2.9927984352664456,203.4470010375977,188.57310050964355,0,7,2.857142857142857,0.07440000000000001,0.42857142857142855,0.42857142857142855,0.2857142857142857,0.2857142857142857
2026-06-08,208.63999938964844,138372800,426.7999877929688,598.1599731445312,716.0700073242188,1.7259839984335112,2.903670215770967,204.1950009155273,188.7393005371094,1,5,4.2,0.62578,0.0,0.2,0.0,0.8
2026-06-09,208.19000244140625,180962500,427.9200134277344,591.010009765625,707.8300170898438,-0.2156810532777053,2.805895553382911,205.00840087890623,188.9053505706787,1,7,3.7142857142857144,0.7143285714285714,1.0,0.14285714285714285,0.0,1.0
2026-06-10,200.4199981689453,161746600,408.75,570.9099731445312,693.6900024414062,-3.7321697398258857,2.8717936767549173,205.71340087890624,189.0175005340576,1,4,4.0,0.42235,0.0,0.25,0.0,0.75
2026-06-11,204.8699951171875,158643200,421.0700073242188,609.4500122070312,717.1199951171875,2.220335789291372,2.885826675799819,206.3228009033203,189.14280052185052,1,0,,,,,,
2026-06-12,205.19000244140625,112001800,423.9299926757813,619.9600219726562,721.3400268554688,0.156200191265543,2.752196345943753,206.91160095214843,189.2599005126953,1,10,2.8,0.07396,0.3,0.4,0.4,0.5
2026-06-13,205.19000244140625,0,423.9299926757813,619.9600219726562,721.3400268554688,0.0,2.752196345943753,206.91160095214843,189.2599005126953,0,7,2.7142857142857144,0.18062857142857144,0.2857142857142857,0.42857142857142855,0.42857142857142855,0.5714285714285714
2026-06-14,205.19000244140625,0,423.9299926757813,619.9600219726562,721.3400268554688,0.0,2.752196345943753,206.91160095214843,189.2599005126953,0,4,2.0,0.08005,2.5,0.5,0.5,0.25
2026-06-15,212.4499969482422,149936700,441.3999938964844,647.0999755859375,744.0,3.538181402824004,2.817724553282015,207.6128009033203,189.41415046691893,1,5,2.0,-0.0059199999999999964,0.8,0.6,0.4,0.4
2026-06-16,207.41000366210932,125694100,425.8299865722656,616.0,729.8599853515625,-2.3723197733726886,2.858468737692865,208.2082009887696,189.5503504943848,1,5,1.8,-0.04694,0.6,0.6,0.6,0.4
2026-06-17,204.6499938964844,128363500,432.1499938964844,623.969970703125,722.510009765625,-1.3307023368657411,2.863867898486245,208.7392007446289,189.70270050048828,1,7,2.5714285714285716,0.0616,0.2857142857142857,0.5714285714285714,0.42857142857142855,0.42857142857142855
2026-06-18,210.69000244140625,241272000,462.1199951171875,659.8800048828125,740.6199951171875,2.951384668976353,2.716724644268034,209.31140075683595,189.90225051879884,1,3,2.6666666666666665,0.19003333333333336,0.0,0.3333333333333333,0.3333333333333333,0.6666666666666666
2026-06-19,210.69000244140625,0,462.1199951171875,659.8800048828125,740.6199951171875,0.0,2.716724644268034,209.31140075683595,189.90225051879884,0,6,3.1666666666666665,0.18751666666666666,1.0,0.16666666666666666,0.16666666666666666,0.6666666666666666
2026-06-20,210.69000244140625,0,462.1199951171875,659.8800048828125,740.6199951171875,0.0,2.716724644268034,209.31140075683595,189.90225051879884,0,7,3.7142857142857144,0.3780285714285715,0.2857142857142857,0.0,0.14285714285714285,0.5714285714285714
2026-06-21,210.69000244140625,0,462.1199951171875,659.8800048828125,740.6199951171875,0.0,2.716724644268034,209.31140075683595,189.90225051879884,0,4,3.0,0.0015500000000000236,0.25,0.5,0.5,0.5
2026-06-22,208.6499938964844,122041400,467.6700134277344,668.9099731445312,737.9500122070312,-0.968251232276296,2.704095527084713,209.80620056152344,190.0924005126953,1,4,4.0,0.36505,0.0,0.25,0.0,0.75
2026-06-23,200.0399932861328,153496200,436.3900146484375,622.0499877929688,713.6500244140625,-4.126528091164561,2.7839022552697896,210.03440032958983,190.23430046081543,1,6,3.5,0.17174999999999999,0.16666666666666666,0.3333333333333333,0.16666666666666666,0.5
2026-06-24,199.0,151810700,440.8299865722656,618.9199829101562,710.6199951171875,-0.519892681982459,2.753746501232896,210.228200378418,190.3942004394532,1,2,3.0,0.43345,0.5,0.5,0.0,0.5
2026-06-25,195.7400054931641,149550000,434.989990234375,636.8800048828125,716.3800048828125,-1.6381881943899224,2.759024056011998,210.21280059814453,190.531350479126,1,6,1.6666666666666667,-0.04355,2.0,0.6666666666666666,0.5,0.3333333333333333
2026-06-26,192.52999877929688,179304100,432.3500061035156,611.6099853515625,706.52001953125,-1.6399339040476746,2.7218218616449845,210.0860006713868,190.64020050048828,1,9,3.111111111111111,0.019222222222222238,2.888888888888889,0.3333333333333333,0.3333333333333333,0.3333333333333333
2026-06-27,192.52999877929688,0,432.3500061035156,611.6099853515625,706.52001953125,0.0,2.7218218616449845,210.0860006713868,190.64020050048828,0,5,3.0,-0.17762000000000003,29.8,0.2,0.6,0.4
2026-06-28,192.52999877929688,0,432.3500061035156,611.6099853515625,706.52001953125,0.0,2.7218218616449845,210.0860006713868,190.64020050048828,0,6,2.1666666666666665,0.1253,0.16666666666666666,0.6666666666666666,0.3333333333333333,0.5
2026-06-29,194.97000122070312,148835700,455.1000061035156,631.97998046875,724.0800170898438,1.2673362368860186,2.5849614192173016,210.01840057373047,190.72840049743647,1,8,3.625,0.3012625,0.25,0.25,0.125,0.625
2026-06-30,200.08999633789065,166476700,477.5700073242188,655.8900146484375,736.4000244140625,2.6260425117358155,2.545571476816362,209.98660064697265,190.8430004882813,1,13,2.6153846153846154,0.26298461538461537,1.2307692307692308,0.46153846153846156,0.23076923076923078,0.7692307692307693
2026-07-01,197.5800018310547,146147600,444.2300109863281,620.4600219726562,725.1699829101562,-1.2544327816355838,2.544600651178144,209.89700073242187,190.94180046081544,1,4,4.25,0.39055,0.0,0.0,0.0,0.75
2026-07-02,194.8300018310547,142068700,434.1600036621094,592.2899780273438,712.5999755859375,-1.3918412665829716,2.550575939622131,209.7960006713867,191.0272004699707,1,9,2.3333333333333335,-0.04405555555555555,0.2222222222222222,0.6666666666666666,0.4444444444444444,0.3333333333333333
2026-07-03,194.8300018310547,0,434.1600036621094,592.2899780273438,712.5999755859375,0.0,2.550575939622131,209.7960006713867,191.0272004699707,0,4,1.5,0.1613,1.75,0.75,0.25,0.25
2026-07-04,194.8300018310547,0,434.1600036621094,592.2899780273438,712.5999755859375,0.0,2.550575939622131,209.7960006713867,191.0272004699707,0,8,3.125,0.24606250000000002,0.625,0.25,0.25,0.625
2026-07-05,194.8300018310547,0,434.1600036621094,592.2899780273438,712.5999755859375,0.0,2.550575939622131,209.7960006713867,191.0272004699707,0,3,3.6666666666666665,0.22043333333333334,2.0,0.3333333333333333,0.3333333333333333,0.6666666666666666
2026-07-06,195.5500030517578,108999000,451.7900085449219,604.2999877929688,722.8200073242188,0.369553566666525,2.535112015934441,209.65700073242184,191.13055046081544,1,5,2.6,-0.1189,0.4,0.4,0.6,0.4
2026-07-07,196.92999267578125,124154600,432.5700073242188,581.4500122070312,709.4299926757812,0.7056965494693257,2.5296577681091987,209.6028005981445,191.26375045776368,1,3,4.333333333333333,0.47956666666666664,0.0,0.0,0.0,0.6666666666666666
2026-07-08,204.1199951171875,147419100,436.9800109863281,593.0,711.4400024414062,3.651044893523969,2.612437966747168,209.51980041503907,191.4031504058838,1,3,4.666666666666667,0.0,0.0,0.0,0.0,0.0
2026-07-09,202.77999877929688,132037400,436.9599914550781,607.72998046875,723.280029296875,-0.6564748040099211,2.614086042225594,209.243200378418,191.5337004089356,1,4,2.75,0.529325,0.5,0.5,0.25,0.75
2026-07-10,210.9600067138672,148421000,434.1099853515625,611.030029296875,725.510009765625,4.033932332484791,2.7171099016702187,209.1990005493164,191.6704504394532,1,4,2.25,0.41857500000000003,0.0,0.5,0.25,0.75
2026-07-11,210.9600067138672,0,434.1099853515625,611.030029296875,725.510009765625,0.0,2.7171099016702187,209.1990005493164,191.6704504394532,0,5,2.6,0.34947999999999996,0.2,0.6,0.2,0.6
2026-07-12,210.9600067138672,0,434.1099853515625,611.030029296875,725.510009765625,0.0,2.7171099016702187,209.1990005493164,191.6704504394532,0,4,2.0,0.2325,0.5,0.75,0.25,0.75
2026-07-13,203.52999877929688,121411000,421.5799865722656,585.6199951171875,711.739990234375,-3.521998340020871,2.7877139670377216,209.0846005249024,191.7959504699707,1,5,3.2,0.5313399999999999,7.4,0.4,0.2,0.8
2026-07-14,211.8000030517578,124379600,420.3900146484375,600.3099975585938,719.6900024414062,4.063285177645359,2.8781571822760106,209.3292004394532,191.970100479126,1,9,2.7777777777777777,0.15236666666666665,0.2222222222222222,0.4444444444444444,0.3333333333333333,0.6666666666666666
2026-07-15,212.5,124797200,419.4800109863281,590.77001953125,717.739990234375,0.3304990265137641,2.6298132149523417,209.61020050048828,192.1441504669189,1,11,2.1818181818181817,0.0965636363636364,0.45454545454545453,0.5454545454545454,0.2727272727272727,0.5454545454545454
2026-07-16,207.3999938964844,122986100,409.739990234375,568.9199829101562,705.9400024414062,-2.400002872242646,2.660359807104976,209.7886004638672,192.29020042419432,1,6,2.5,0.13413333333333333,0.3333333333333333,0.5,0.3333333333333333,0.6666666666666666
2026-07-17,202.8099975585937,144281900,398.3699951171875,556.530029296875,695.3300170898438,-2.2131130535045007,2.6099166885508467,209.91480041503905,192.3950003814697,1,7,3.0,0.15895714285714285,1.2857142857142858,0.2857142857142857,0.42857142857142855,0.42857142857142855
2026-07-18,202.8099975585937,0,398.3699951171875,556.530029296875,695.3300170898438,0.0,2.6099166885508467,209.91480041503905,192.3950003814697,0,7,2.5714285714285716,0.2347857142857143,2.4285714285714284,0.5714285714285714,0.2857142857142857,0.5714285714285714
2026-07-19,202.8099975585937,0,398.3699951171875,556.530029296875,695.3300170898438,0.0,2.6099166885508467,209.91480041503905,192.3950003814697,0,10,2.6,0.05791999999999999,0.3,0.5,0.3,0.5
2026-07-20,203.27999877929688,88701500,402.2999877929688,558.8300170898438,696.0599975585938,0.2317446015289936,2.584386204831825,209.8238003540039,192.4785003662109,1,1,5.0,0.7184,0.0,0.0,0.0,1.0
2026-07-21,207.2899932861328,108685600,424.6099853515625,584.0800170898438,708.969970703125,1.972645873138568,2.3513657345594114,209.73960021972653,192.5787503051758,1,9,2.3333333333333335,0.06806666666666666,0.4444444444444444,0.5555555555555556,0.3333333333333333,0.5555555555555556
2026-07-22,212.0599975585937,137645600,421.2099914550781,586.9099731445312,705.3499755859375,2.301126164771805,2.3676878803773485,209.6768002319336,192.6946002960205,1,8,2.0,0.2429625,0.625,0.75,0.125,0.75
2026-07-23,208.759994506836,110505300,415.5799865722656,580.1699829101562,691.9600219726562,-1.556164807012217,2.386062199827979,209.46320007324212,192.8003002929688,1,5,2.8,0.38171999999999995,2.2,0.2,0.2,0.6
2026-07-24,206.83999633789065,114836800,403.4100036621094,561.1900024414062,684.22998046875,-0.9197155678610792,2.286036557068861,209.1844000244141,192.9068003082276,1,11,2.090909090909091,0.24407272727272727,0.5454545454545454,0.6363636363636364,0.18181818181818182,0.5454545454545454
2026-07-25,206.83999633789065,0,403.4100036621094,561.1900024414062,684.22998046875,0.0,2.286036557068861,209.1844000244141,192.9068003082276,0,7,1.8571428571428572,0.2981285714285714,0.8571428571428571,0.5714285714285714,0.42857142857142855,0.5714285714285714
2026-07-26,206.83999633789065,0,403.4100036621094,561.1900024414062,684.22998046875,0.0,2.286036557068861,209.1844000244141,192.9068003082276,0,10,3.5,0.30529,0.1,0.3,0.1,0.5
2026-07-27,196.509994506836,154353700,399.0899963378906,548.5499877929688,682.1199951171875,-4.994199387907427,2.4333204758373608,208.59799987792968,192.96415031433105,1,6,2.6666666666666665,0.30505,1.3333333333333333,0.5,0.3333333333333333,0.5
2026-07-28,197.009994506836,134111500,392.30999755859375,529.5999755859375,675.489990234375,0.2544399847217882,2.4337573702040443,207.8233996582032,193.00365028381347,1,7,2.4285714285714284,0.2693,2.5714285714285716,0.5714285714285714,0.14285714285714285,0.5714285714285714
2026-07-29,190.009994506836,147680800,374.6700134277344,504.2200012207031,661.72998046875,-3.553119230079016,2.411793840345482,207.11719940185543,192.99085021972647,1,8,3.375,0.23052499999999998,1.125,0.375,0.25,0.625
2026-07-30,195.0399932861328,129010200,403.30999755859375,538.9000244140625,683.5499877929688,2.647228527295132,2.440123853900852,206.57159912109373,193.05025016784668,1,5,2.6,-0.15474000000000002,0.0,0.4,0.4,0.2
2026-07-31,200.75,139961200,404.25,540.530029296875,687.989990234375,2.9276081370092744,2.4938969372441164,206.17439910888672,193.1124001312256,1,6,1.8333333333333333,0.3122333333333333,1.6666666666666667,0.3333333333333333,0.16666666666666666,0.6666666666666666
2026-08-01,200.75,0,404.25,540.530029296875,687.989990234375,0.0,2.4938969372441164,206.17439910888672,193.1124001312256,0,6,3.5,0.3509,0.5,0.3333333333333333,0.3333333333333333,0.6666666666666666
2026-08-02,200.75,0,404.25,540.530029296875,687.989990234375,0.0,2.4938969372441164,206.17439910888672,193.1124001312256,0,2,2.5,0.3367,0.5,0.5,0.0,1.0
2026-08-03,206.63999938964844,128406900,406.1099853515625,545.4600219726562,700.0700073242188,2.9339972053043173,2.493181124393633,205.8377990722656,193.2454501342773,1,5,3.2,-0.12584,0.0,0.4,0.6,0.4
2026-08-04,211.94000244140625,134922000,417.1700134277344,575.7100219726562,723.8499755859375,2.564848561465549,2.530720696475776,205.68639923095705,193.4060001373291,1,1,1.0,0.0,0.0,1.0,0.0,0.0
2026-08-05,219.22000122070312,158187400,414.0,569.7000122070312,717.2999877929688,3.43493379986608,2.4728777891190528,205.76419921875,193.59305015563965,1,2,1.0,0.2777,0.0,1.0,0.0,0.5
2026-08-06,218.9900054931641,113940600,418.2000122070313,571.47998046875,714.6500244140625,-0.1049154850188638,2.469087264432221,205.84679931640625,193.77190017700195,1,11,3.090909090909091,0.20978181818181818,0.2727272727272727,0.18181818181818182,0.18181818181818182,0.5454545454545454
2026-08-07,223.9600067138672,105669400,420.0400085449219,582.7000122070312,723.030029296875,2.2695105237842794,2.4637042500295943,206.07399932861327,193.97850021362305,1,3,1.0,-0.4313666666666667,0.3333333333333333,1.0,1.0,0.0
2026-08-08,223.9600067138672,0,420.0400085449219,582.7000122070312,723.030029296875,0.0,2.4637042500295943,206.07399932861327,193.97850021362305,0,11,2.8181818181818183,0.19809090909090912,3.1818181818181817,0.45454545454545453,0.2727272727272727,0.5454545454545454
2026-08-09,223.9600067138672,0,420.0400085449219,582.7000122070312,723.030029296875,0.0,2.4637042500295943,206.07399932861327,193.97850021362305,0,7,3.2857142857142856,0.11510000000000001,1.7142857142857142,0.42857142857142855,0.2857142857142857,0.42857142857142855
2026-08-10,217.5500030517578,115846600,418.4700012207031,569.4099731445312,720.8699951171875,-2.862119784760875,2.509633224215904,206.13999938964844,194.1604502105713,1,6,2.3333333333333335,0.16288333333333335,0.3333333333333333,0.6666666666666666,0.5,0.5
2026-08-11,217.5,101273100,422.05999755859375,572.9299926757812,718.4500122070312,-0.0229846247098985,2.5059942898932124,206.26719940185544,194.3465502166748,1,3,2.0,-0.09106666666666667,0.6666666666666666,0.6666666666666666,0.3333333333333333,0.0
2026-08-12,224.08999633789065,108783600,429.1499938964844,584.8300170898438,723.7000122070312,3.0298833737428144,2.519437391532139,206.26179931640624,194.5562001800537,1,8,2.375,0.1507875,0.0,0.625,0.375,0.625
2026-08-13,225.3000030517578,98867200,430.489990234375,589.1199951171875,732.0700073242188,0.5399646274448999,2.499807478686625,206.31139923095705,194.7514002227784,1,6,2.3333333333333335,-0.3467166666666666,0.5,0.6666666666666666,0.6666666666666666,0.16666666666666666
2026-08-14,225.16000366210932,75680900,426.3500061035156,587.8200073242188,731.0700073242188,-0.0621390979814062,2.4773661227344324,206.51959930419923,194.91975021362305,1,7,2.5714285714285716,0.23572857142857145,1.4285714285714286,0.5714285714285714,0.2857142857142857,0.5714285714285714
2026-08-15,225.16000366210932,0,426.3500061035156,587.8200073242188,731.0700073242188,0.0,2.4773661227344324,206.51959930419923,194.91975021362305,0,10,2.7,0.25186000000000003,0.4,0.5,0.2,0.7
2026-08-16,225.16000366210932,0,426.3500061035156,587.8200073242188,731.0700073242188,0.0,2.4773661227344324,206.51959930419923,194.91975021362305,0,7,3.5714285714285716,0.1898,0.0,0.14285714285714285,0.42857142857142855,0.5714285714285714
2026-08-17,225.009994506836,93678700,430.9700012207031,594.0700073242188,729.8699951171875,-0.0666233579825981,2.47951701518553,206.6465991210937,195.03965019226075,1,7,2.4285714285714284,0.09155714285714286,0.2857142857142857,0.5714285714285714,0.2857142857142857,0.2857142857142857
2026-08-18,219.7400054931641,103128200,413.4100036621094,569.77001953125,717.510009765625,-2.3421133026656604,2.5326109299515696,206.9393991088868,195.1031502532959,1,6,2.6666666666666665,0.03506666666666667,0.5,0.5,0.6666666666666666,0.3333333333333333
2026-08-19,217.5599975585937,96797300,412.0899963378906,560.9199829101562,716.0800170898438,-0.9920851370134876,2.467945294872676,207.11779907226563,195.1765002441406,1,11,3.8181818181818183,0.2896818181818182,0.09090909090909091,0.2727272727272727,0.09090909090909091,0.45454545454545453
2026-08-20,216.8500061035156,92457000,416.0,562.6500244140625,710.9299926757812,-0.3263428309640881,2.4645333590860616,207.2909991455078,195.2483002471924,1,11,2.909090909090909,0.24923636363636364,0.8181818181818182,0.36363636363636365,0.36363636363636365,0.6363636363636364
2026-08-21,214.72000122070312,98869300,418.9500122070313,560.4199829101562,713.4400024414062,-0.982248016076015,2.367438216061824,207.57699920654292,195.28750022888184,1,12,3.3333333333333335,0.38005833333333333,0.08333333333333333,0.3333333333333333,0.08333333333333333,0.6666666666666666
2026-08-22,214.72000122070312,0,418.9500122070313,560.4199829101562,713.4400024414062,0.0,2.367438216061824,207.57699920654292,195.28750022888184,0,12,3.1666666666666665,-0.001133333333333338,0.5833333333333334,0.3333333333333333,0.4166666666666667,0.5
2026-08-23,214.72000122070312,0,418.9500122070313,560.4199829101562,713.4400024414062,0.0,2.367438216061824,207.57699920654292,195.28750022888184,0,8,2.375,-0.018362500000000004,0.125,0.625,0.375,0.375
2026-08-24,208.47999572753903,135187300,410.1199951171875,546.7999877929688,706.3200073242188,-2.9061128249296964,2.33755336015945,207.64919921875,195.3364501953125,1,10,3.6,0.21203000000000002,0.7,0.3,0.2,0.6
2026-08-25,213.0500030517578,122309000,417.4100036621094,555.8200073242188,710.719970703125,2.192060350092895,2.251723871655838,207.80639923095703,195.425650177002,1,12,2.25,0.19995833333333332,0.25,0.5,0.16666666666666666,0.5833333333333334
2026-08-26,209.66000366210932,179900000,417.6900024414063,555.77001953125,711.3699951171875,-1.5911754710582593,2.270553675085914,207.7505993652344,195.5335501861572,1,8,2.375,0.22475,0.0,0.375,0.125,0.625
2026-08-27,227.97999572753903,298909800,427.2999877929688,573.0,721.1099853515625,8.73795275466771,2.731714231719719,208.16199920654296,195.7327001953125,1,6,3.3333333333333335,0.29955,1.5,0.3333333333333333,0.5,0.5
2026-08-28,217.5500030517578,195116400,417.5199890136719,553.1099853515625,716.4299926757812,-4.574959589106332,2.840058801822948,208.41999938964844,195.8252001953125,1,8,3.375,0.20738750000000003,0.375,0.375,0.25,0.75
2026-08-29,217.5500030517578,0,417.5199890136719,553.1099853515625,716.4299926757812,0.0,2.840058801822948,208.41999938964844,195.8252001953125,0,5,3.6,0.46349999999999997,0.0,0.2,0.0,0.8
2026-08-30,217.5500030517578,0,417.5199890136719,553.1099853515625,716.4299926757812,0.0,2.840058801822948,208.41999938964844,195.8252001953125,0,5,3.6,0.47198,1.2,0.2,0.0,0.8
2026-08-31,220.77999877929688,124702700,415.3200073242188,556.6300048828125,716.760009765625,1.4847141724795063,2.8486358625120167,208.62179931640625,195.96330017089844,1,6,2.8333333333333335,0.13511666666666666,0.3333333333333333,0.5,0.3333333333333333,0.5
2026-09-01,217.44000244140625,109756200,414.0,545.219970703125,707.6400146484375,-1.5128165397036095,2.8497519258459585,208.7975994873047,196.08150016784668,1,3,1.0,0.2902,0.6666666666666666,1.0,0.0,0.3333333333333333
2026-09-02,224.41000366210932,157104700,415.5,550.47998046875,709.239990234375,3.2054824974449447,2.877412247292068,209.28499969482425,196.26925018310547,1,7,3.7142857142857144,-0.03028571428571428,0.42857142857142855,0.14285714285714285,0.2857142857142857,0.42857142857142855
2026-09-03,228.4499969482422,134681600,417.010009765625,552.5999755859375,717.6699829101562,1.80027325885872,2.870876057421856,209.87399963378903,196.46065017700195,1,2,1.0,0.4496,0.5,1.0,0.0,0.5
2026-09-04,230.3600006103516,135352400,428.9100036621094,567.010009765625,718.9600219726562,0.836070775935327,2.862186974608486,210.5663995361328,196.6794501495361,1,6,3.0,0.13146666666666665,0.3333333333333333,0.5,0.3333333333333333,0.5
2026-09-05,230.3600006103516,0,428.9100036621094,567.010009765625,718.9600219726562,0.0,2.862186974608486,210.5663995361328,196.6794501495361,0,10,3.5,0.36366,0.2,0.2,0.1,0.8
2026-09-06,230.3600006103516,0,428.9100036621094,567.010009765625,718.9600219726562,0.0,2.862186974608486,210.5663995361328,196.6794501495361,0,9,3.6666666666666665,0.2124111111111111,0.0,0.3333333333333333,0.3333333333333333,0.6666666666666666
2026-09-07,230.3600006103516,0,428.9100036621094,567.010009765625,718.9600219726562,0.0,2.862186974608486,210.5663995361328,196.6794501495361,0,4,2.75,0.12472500000000003,0.75,0.5,0.5,0.5
2026-09-08,225.72999572753903,122965600,439.0,573.72998046875,718.3599853515625,-2.0098996659771884,2.7164355185071294,211.23039947509767,196.90130012512208,1,3,2.3333333333333335,-0.6325999999999999,0.0,0.6666666666666666,1.0,0.0
2026-09-09,223.6699981689453,82955500,435.3599853515625,574.2899780273438,716.3099975585938,-0.9125936284871128,2.728378414868446,211.8043994140625,197.08705009460448,1,4,2.5,0.336775,0.0,0.25,0.25,0.5
2026-09-10,218.3600006103516,105768000,428.0299987792969,560.280029296875,708.6900024414062,-2.3740321017854726,2.676584788778244,212.16979949951173,197.275650100708,1,8,3.0,0.029712500000000003,0.0,0.5,0.5,0.375
2026-09-11,218.2899932861328,89060100,433.239990234375,568.530029296875,714.8800048828125,-0.0320605074295099,2.646959146316098,212.5839993286133,197.4727000427246,1,6,2.6666666666666665,0.5247666666666667,0.0,0.3333333333333333,0.0,1.0
2026-09-12,218.2899932861328,0,433.239990234375,568.530029296875,714.8800048828125,0.0,2.646959146316098,212.5839993286133,197.4727000427246,0,9,2.2222222222222223,-0.15979999999999997,0.0,0.5555555555555556,0.5555555555555556,0.4444444444444444
2026-09-13,218.2899932861328,0,433.239990234375,568.530029296875,714.8800048828125,0.0,2.646959146316098,212.5839993286133,197.4727000427246,0,9,1.8888888888888888,-0.036099999999999986,0.0,0.6666666666666666,0.4444444444444444,0.3333333333333333
2026-09-14,210.9600067138672,132267200,418.010009765625,541.5,709.1799926757812,-3.357912317427003,2.689185019199289,212.9065994262696,197.61475006103515,1,6,3.5,0.31983333333333336,0.5,0.3333333333333333,0.16666666666666666,0.6666666666666666
2026-09-15,212.1699981689453,88059700,413.75,542.1099853515625,704.5399780273438,0.5735643802473378,2.6405218426674835,213.2389993286133,197.7865000152588,1,6,3.0,-0.2542833333333333,0.8333333333333334,0.3333333333333333,0.5,0.16666666666666666
2026-09-16,213.8999938964844,96563600,417.7200012207031,545.5599975585938,704.719970703125,0.8153818836165172,2.603755749409788,213.5783993530273,197.95470001220704,1,4,1.0,0.050175,0.0,1.0,0.25,0.25
2026-09-17,219.33999633789065,93960500,430.260009765625,560.6099853515625,716.9199829101562,2.5432457207263504,2.5687898338920623,213.88279937744144,198.16639999389648,1,3,1.6666666666666667,0.3461,0.3333333333333333,0.6666666666666666,0.3333333333333333,0.6666666666666666
2026-09-18,219.33999633789065,0,430.260009765625,560.6099853515625,716.9199829101562,0.0,2.5687898338920623,213.88279937744144,198.16639999389648,0,5,2.6,-0.20304000000000003,0.0,0.6,0.4,0.2
2026-09-19,219.33999633789065,0,430.260009765625,560.6099853515625,716.9199829101562,0.0,2.5687898338920623,213.88279937744144,198.16639999389648,0,3,3.3333333333333335,0.42650000000000005,0.0,0.3333333333333333,0.3333333333333333,0.6666666666666666
